heroi;fase_inicial;linha
durvall;dagruve;seed 1: durvall | fases=dagruve | profundidade=0 x1.00 | nv=16 armas=espada_sombria5,adaga_rapida3,chicote_avarento1 passivas={ "regeneracao": 1, "constituicao": 2, "pele_de_pedra": 1, "forca": 2, "carisma": 2 } | itens=4 | tempo
durvall;dagruve;seed 2: durvall | fases=dagruve | profundidade=0 x1.00 | nv=9 armas=espada_sombria2,adaga_rapida4 passivas={ "forca": 2, "regeneracao": 1 } | itens=3 | tempo
durvall;dagruve;seed 3: durvall | fases=dagruve | profundidade=0 x1.00 | nv=5 armas=espada_sombria2 passivas={ "foco_arcano": 2, "forca": 1 } | itens=1 | tempo
durvall;dagruve;seed 4: durvall | fases=dagruve | profundidade=0 x1.00 | nv=6 armas=espada_sombria3,golpe_atordoante2,adaga_rapida1 passivas={  } | itens=1 | tempo
durvall;dagruve;seed 5: durvall | fases=dagruve | profundidade=0 x1.00 | nv=9 armas=espada_sombria3,golpe_esmagador1 passivas={ "forca": 2, "regeneracao": 3 } | itens=2 | tempo
durvall;dagruve;seed 6: durvall | fases=dagruve | profundidade=0 x1.00 | nv=6 armas=espada_sombria4,marca_da_retidao1 passivas={ "forca": 1 } | itens=1 | tempo
durvall;dagruve;seed 7: durvall | fases=dagruve | profundidade=0 x1.00 | nv=4 armas=espada_sombria2 passivas={ "constituicao": 2 } | itens=1 | tempo
durvall;dagruve;seed 8: durvall | fases=dagruve | profundidade=0 x1.00 | nv=5 armas=espada_sombria3 passivas={ "regeneracao": 2 } | itens=1 | tempo
durvall;dagruve;seed 9: durvall | fases=dagruve | profundidade=0 x1.00 | nv=5 armas=espada_sombria4 passivas={ "forca": 1 } | itens=1 | tempo
durvall;dagruve;seed 10: durvall | fases=dagruve | profundidade=0 x1.00 | nv=6 armas=espada_sombria3 passivas={ "forca": 1, "regeneracao": 2 } | itens=1 | tempo
durvall;dagruve;seed 11: durvall | fases=dagruve | profundidade=0 x1.00 | nv=4 armas=espada_sombria1,golpe_esmagador1 passivas={ "cota_de_malha": 2 } | itens=0 | tempo
durvall;dagruve;seed 12: durvall | fases=dagruve | profundidade=0 x1.00 | nv=9 armas=espada_sombria5 passivas={ "forca": 3, "regeneracao": 1 } | itens=2 | tempo
durvall;dagruve;seed 13: durvall | fases=dagruve | profundidade=0 x1.00 | nv=4 armas=espada_sombria2,marca_da_retidao2 passivas={  } | itens=1 | tempo
durvall;dagruve;seed 14: durvall | fases=dagruve | profundidade=0 x1.00 | nv=11 armas=espada_sombria1,vela_sagrada1,sentenca_de_lliira1 passivas={ "forca": 1, "ganancia": 1, "cota_de_malha": 3, "robe_arcano": 1, "constituicao": 2 } | itens=2 | tempo
durvall;dagruve;seed 15: durvall | fases=dagruve | profundidade=0 x1.00 | nv=8 armas=espada_sombria3 passivas={ "constituicao": 1, "forca": 3, "foco_arcano": 1 } | itens=2 | tempo
durvall;dagruve;seed 16: durvall | fases=dagruve | profundidade=0 x1.00 | nv=6 armas=espada_sombria4 passivas={ "forca": 2 } | itens=1 | tempo
durvall;dagruve;seed 17: durvall | fases=dagruve | profundidade=0 x1.00 | nv=6 armas=espada_sombria3,adaga_rapida2 passivas={ "forca": 1 } | itens=1 | tempo
durvall;dagruve;seed 18: durvall | fases=dagruve | profundidade=0 x1.00 | nv=2 armas=espada_sombria1 passivas={ "cota_de_malha": 1 } | itens=1 | tempo
durvall;dagruve;seed 19: durvall | fases=dagruve | profundidade=0 x1.00 | nv=8 armas=espada_sombria1,golpe_atordoante1,golpe_esmagador1 passivas={ "forca": 1, "regeneracao": 2, "cota_de_malha": 1, "botas_leves": 1 } | itens=2 | tempo
durvall;dagruve;seed 20: durvall | fases=dagruve | profundidade=0 x1.00 | nv=4 armas=espada_sombria3,adaga_rapida1 passivas={  } | itens=1 | tempo
durvall;dagruve;seed 21: durvall | fases=dagruve | profundidade=0 x1.00 | nv=6 armas=espada_sombria3,golpe_esmagador1 passivas={ "regeneracao": 2 } | itens=1 | tempo
durvall;dagruve;seed 22: durvall | fases=dagruve | profundidade=0 x1.00 | nv=8 armas=espada_sombria4,adaga_rapida1 passivas={ "forca": 1, "pele_de_pedra": 1 } | itens=2 | tempo
durvall;dagruve;seed 23: durvall | fases=dagruve | profundidade=0 x1.00 | nv=6 armas=espada_sombria3 passivas={ "cota_de_malha": 1, "forca": 1, "constituicao": 1 } | itens=1 | tempo
durvall;dagruve;seed 24: durvall | fases=dagruve | profundidade=0 x1.00 | nv=5 armas=espada_sombria4 passivas={ "pele_de_pedra": 1 } | itens=1 | tempo
durvall;dagruve;seed 25: durvall | fases=dagruve | profundidade=0 x1.00 | nv=6 armas=espada_sombria2,adaga_rapida3 passivas={ "forca": 1 } | itens=1 | tempo
durvall;dagruve;seed 26: durvall | fases=dagruve | profundidade=0 x1.00 | nv=10 armas=espada_sombria3 passivas={ "regeneracao": 3, "forca": 2, "pele_de_pedra": 1, "constituicao": 1 } | itens=3 | tempo
durvall;dagruve;seed 27: durvall | fases=dagruve | profundidade=0 x1.00 | nv=3 armas=espada_sombria2 passivas={ "forca": 1 } | itens=1 | tempo
durvall;dagruve;seed 28: durvall | fases=dagruve | profundidade=0 x1.00 | nv=4 armas=espada_sombria3,adaga_rapida1 passivas={  } | itens=1 | tempo
durvall;dagruve;seed 29: durvall | fases=dagruve | profundidade=0 x1.00 | nv=5 armas=espada_sombria3 passivas={ "cota_de_malha": 2 } | itens=1 | tempo
durvall;dagruve;seed 30: durvall | fases=dagruve | profundidade=0 x1.00 | nv=13 armas=espada_sombria1,vela_sagrada2,golpe_atordoante1 passivas={ "forca": 3, "pele_de_pedra": 2, "cota_de_malha": 1, "constituicao": 1, "regeneracao": 2 } | itens=3 | tempo
brook;dagruve;seed 1: brook | fases=dagruve | profundidade=0 x1.00 | nv=5 armas=sentenca_de_lliira2,golpe_esmagador1 passivas={ "cota_de_malha": 1, "constituicao": 1 } | itens=2 | tempo
brook;dagruve;seed 2: brook | fases=dagruve | profundidade=0 x1.00 | nv=10 armas=sentenca_de_lliira4,marca_da_retidao2,dominar_pessoa3 passivas={ "botas_leves": 1 } | itens=1 | tempo
brook;dagruve;seed 3: brook | fases=dagruve | profundidade=0 x1.00 | nv=12 armas=sentenca_de_lliira3,raio_de_luz2,descarga_estelar1 passivas={ "pele_de_pedra": 2, "foco_arcano": 2, "forca": 1, "alcance": 1 } | itens=3 | tempo
brook;dagruve;seed 4: brook | fases=dagruve | profundidade=0 x1.00 | nv=9 armas=sentenca_de_lliira2,raio_de_luz2,dominar_pessoa2,lamina_da_digestao1 passivas={ "foco_arcano": 2, "carisma": 1 } | itens=4 | tempo
brook;dagruve;seed 5: brook | fases=dagruve | profundidade=0 x1.00 | nv=6 armas=sentenca_de_lliira4,golpe_esmagador1 passivas={ "constituicao": 1 } | itens=1 | tempo
brook;dagruve;seed 6: brook | fases=dagruve | profundidade=0 x1.00 | nv=13 armas=sentenca_de_lliira5,golpe_atordoante2,lamina_trovejante1 passivas={ "cota_de_malha": 2, "pele_de_pedra": 1, "regeneracao": 1, "sabedoria": 1 } | itens=3 | tempo
brook;dagruve;seed 7: brook | fases=dagruve | profundidade=0 x1.00 | nv=9 armas=sentenca_de_lliira1,vela_sagrada3,marca_da_retidao3 passivas={ "pele_de_pedra": 2 } | itens=3 | tempo
brook;dagruve;seed 8: brook | fases=dagruve | profundidade=0 x1.00 | nv=4 armas=sentenca_de_lliira1,estocada_mistica2 passivas={ "foco_arcano": 1 } | itens=1 | tempo
brook;dagruve;seed 9: brook | fases=dagruve | profundidade=0 x1.00 | nv=10 armas=sentenca_de_lliira2,vela_sagrada3,marca_da_retidao2 passivas={ "carisma": 2, "cota_de_malha": 1 } | itens=3 | tempo
brook;dagruve;seed 10: brook | fases=dagruve | profundidade=0 x1.00 | nv=15 armas=sentenca_de_lliira3,raio_de_luz2,dominar_pessoa1,vela_sagrada2 passivas={ "cota_de_malha": 2, "alcance": 1, "regeneracao": 2, "pele_de_pedra": 1, "foco_arcano": 1 } | itens=2 | tempo
brook;dagruve;seed 11: brook | fases=dagruve | profundidade=0 x1.00 | nv=5 armas=sentenca_de_lliira1,vela_sagrada1 passivas={ "forca": 1, "cota_de_malha": 1, "constituicao": 1 } | itens=2 | tempo
brook;dagruve;seed 12: brook | fases=dagruve | profundidade=0 x1.00 | nv=5 armas=sentenca_de_lliira2,raio_de_luz1,cera_fervente2 passivas={  } | itens=0 | tempo
brook;dagruve;seed 13: brook | fases=dagruve | profundidade=0 x1.00 | nv=9 armas=sentenca_de_lliira3,descarga_estelar1 passivas={ "forca": 3, "constituicao": 2 } | itens=1 | tempo
brook;dagruve;seed 14: brook | fases=dagruve | profundidade=0 x1.00 | nv=10 armas=sentenca_de_lliira1,golpe_esmagador3,dominar_pessoa1 passivas={ "pele_de_pedra": 1, "regeneracao": 2, "forca": 2 } | itens=3 | tempo
brook;dagruve;seed 15: brook | fases=dagruve | profundidade=0 x1.00 | nv=4 armas=sentenca_de_lliira1 passivas={ "constituicao": 1, "forca": 1, "pele_de_pedra": 1 } | itens=1 | tempo
brook;dagruve;seed 16: brook | fases=dagruve | profundidade=0 x1.00 | nv=9 armas=sentenca_de_lliira2,golpe_esmagador2,estocada_mistica1 passivas={ "regeneracao": 1, "cota_de_malha": 1, "sorte_de_sendrinah": 1, "foco_arcano": 1 } | itens=2 | tempo
brook;dagruve;seed 17: brook | fases=dagruve | profundidade=0 x1.00 | nv=5 armas=sentenca_de_lliira1,dominar_pessoa2,adaga_rapida2 passivas={  } | itens=1 | tempo
brook;dagruve;seed 18: brook | fases=dagruve | profundidade=0 x1.00 | nv=5 armas=sentenca_de_lliira1 passivas={ "regeneracao": 1, "constituicao": 2, "cota_de_malha": 1 } | itens=2 | tempo
brook;dagruve;seed 19: brook | fases=dagruve | profundidade=0 x1.00 | nv=13 armas=sentenca_de_lliira1,vela_sagrada4,dominar_pessoa1,marca_da_retidao2 passivas={ "pele_de_pedra": 1, "constituicao": 1, "sorte_de_sendrinah": 1, "botas_leves": 1, "forca": 1 } | itens=2 | tempo
brook;dagruve;seed 20: brook | fases=dagruve | profundidade=0 x1.00 | nv=12 armas=sentenca_de_lliira1,dominar_pessoa3,raio_de_luz2 passivas={ "forca": 5, "cota_de_malha": 1 } | itens=2 | tempo
brook;dagruve;seed 21: brook | fases=dagruve | profundidade=0 x1.00 | nv=7 armas=sentenca_de_lliira2,golpe_atordoante2,colar_dos_tentaculos1 passivas={ "regeneracao": 1, "constituicao": 1, "forca": 1 } | itens=2 | tempo
brook;dagruve;seed 22: brook | fases=dagruve | profundidade=0 x1.00 | nv=15 armas=sentenca_de_lliira4,marca_da_retidao2,cera_fervente1,golpe_esmagador1 passivas={ "regeneracao": 4, "robe_arcano": 1, "inteligencia": 1, "forca": 1 } | itens=2 | tempo
brook;dagruve;seed 23: brook | fases=dagruve | profundidade=0 x1.00 | nv=8 armas=sentenca_de_lliira3,golpe_atordoante1 passivas={ "regeneracao": 2, "pele_de_pedra": 1, "cota_de_malha": 1 } | itens=3 | tempo
brook;dagruve;seed 24: brook | fases=dagruve | profundidade=0 x1.00 | nv=15 armas=sentenca_de_lliira2,chicote_avarento4,estocada_mistica1,raio_enfraquecedor1 passivas={ "regeneracao": 1, "pele_de_pedra": 2, "constituicao": 3, "cota_de_malha": 1, "foco_arcano": 1 } | itens=2 | tempo
brook;dagruve;seed 25: brook | fases=dagruve | profundidade=0 x1.00 | nv=6 armas=sentenca_de_lliira2,descarga_estelar1,dominar_pessoa1 passivas={ "robe_arcano": 1, "pele_de_pedra": 1 } | itens=1 | tempo
brook;dagruve;seed 26: brook | fases=dagruve | profundidade=0 x1.00 | nv=7 armas=sentenca_de_lliira2,descarga_estelar1,espada_sombria1 passivas={ "pele_de_pedra": 2, "regeneracao": 1 } | itens=2 | tempo
brook;dagruve;seed 27: brook | fases=dagruve | profundidade=0 x1.00 | nv=6 armas=sentenca_de_lliira1,raio_enfraquecedor2,dominar_pessoa1 passivas={ "pele_de_pedra": 1, "sabedoria": 1 } | itens=2 | tempo
brook;dagruve;seed 28: brook | fases=dagruve | profundidade=0 x1.00 | nv=6 armas=sentenca_de_lliira3 passivas={ "forca": 1, "regeneracao": 1, "foco_arcano": 1 } | itens=2 | tempo
brook;dagruve;seed 29: brook | fases=dagruve | profundidade=0 x1.00 | nv=8 armas=sentenca_de_lliira2,descarga_estelar2,estocada_mistica1 passivas={ "constituicao": 1, "botas_leves": 1, "cota_de_malha": 1 } | itens=4 | tempo
brook;dagruve;seed 30: brook | fases=dagruve | profundidade=0 x1.00 | nv=16 armas=sentenca_de_lliira4,raio_de_luz4,dominar_pessoa2,ampulheta1,golpe_esmagador2 passivas={ "constituicao": 1, "regeneracao": 1, "pele_de_pedra": 1, "inteligencia": 1 } | itens=3 | tempo
maelor;dagruve;seed 1: maelor | fases=dagruve | profundidade=0 x1.00 | nv=13 armas=raio_de_luz1,descarga_estelar3,lamina_da_digestao1,espada_sombria2 passivas={ "constituicao": 1, "pele_de_pedra": 1, "forca": 3, "regeneracao": 2 } | itens=2 | tempo
maelor;dagruve;seed 2: maelor | fases=dagruve | profundidade=0 x1.00 | nv=10 armas=raio_de_luz3,marca_da_retidao3,sentenca_de_lliira3 passivas={ "regeneracao": 1 } | itens=1 | tempo
maelor;dagruve;seed 3: maelor | fases=dagruve | profundidade=0 x1.00 | nv=16 armas=raio_de_luz5,vela_sagrada1,descarga_estelar2,marca_da_retidao1 passivas={ "robe_arcano": 3, "cota_de_malha": 1, "sorte_de_sendrinah": 1, "regeneracao": 1, "botas_leves": 1 } | itens=3 | tempo
maelor;dagruve;seed 4: maelor | fases=dagruve | profundidade=0 x1.00 | nv=16 armas=raio_de_luz2,ampulheta3,dominar_pessoa3,adaga_rapida1,descarga_estelar1 passivas={ "forca": 1, "constituicao": 1, "sabedoria": 1, "carisma": 2, "foco_arcano": 2 } | itens=3 | tempo
maelor;dagruve;seed 5: maelor | fases=dagruve,docas | profundidade=1 x1.25 | nv=18 armas=raio_de_luz5,cera_fervente3,raio_enfraquecedor2,adaga_rapida2 passivas={ "cota_de_malha": 1, "regeneracao": 2, "robe_arcano": 1, "botas_leves": 1, "pele_de_pedra": 1 } | itens=4 | tempo
maelor;dagruve;seed 6: maelor | fases=dagruve | profundidade=0 x1.00 | nv=14 armas=raio_de_luz3,marca_da_retidao4 passivas={ "cota_de_malha": 2, "constituicao": 3, "regeneracao": 2 } | itens=2 | tempo
maelor;dagruve;seed 7: maelor | fases=dagruve | profundidade=0 x1.00 | nv=12 armas=raio_de_luz1,golpe_atordoante2,sentenca_de_lliira3,espada_sombria1 passivas={ "constituicao": 1, "cota_de_malha": 3, "foco_arcano": 1 } | itens=2 | tempo
maelor;dagruve;seed 8: maelor | fases=dagruve | profundidade=0 x1.00 | nv=10 armas=raio_de_luz4,descarga_estelar3,golpe_atordoante1 passivas={ "alcance": 1, "robe_arcano": 1 } | itens=2 | tempo
maelor;dagruve;seed 9: maelor | fases=dagruve | profundidade=0 x1.00 | nv=13 armas=raio_de_luz3,espada_sombria2,golpe_atordoante1 passivas={ "constituicao": 4, "forca": 2, "robe_arcano": 1 } | itens=3 | tempo
maelor;dagruve;seed 10: maelor | fases=dagruve | profundidade=0 x1.00 | nv=9 armas=raio_de_luz3,descarga_estelar1,sentenca_de_lliira2 passivas={ "foco_arcano": 2, "cota_de_malha": 1 } | itens=1 | tempo
maelor;dagruve;seed 11: maelor | fases=dagruve | profundidade=0 x1.00 | nv=5 armas=raio_de_luz3,marca_da_retidao1 passivas={ "cota_de_malha": 1 } | itens=1 | tempo
maelor;dagruve;seed 12: maelor | fases=dagruve | profundidade=0 x1.00 | nv=10 armas=raio_de_luz1,golpe_esmagador1,vela_sagrada2 passivas={ "constituicao": 1, "foco_arcano": 2, "forca": 2, "regeneracao": 1 } | itens=2 | tempo
maelor;dagruve;seed 13: maelor | fases=dagruve | profundidade=0 x1.00 | nv=10 armas=raio_de_luz3,descarga_estelar1,golpe_esmagador1 passivas={ "constituicao": 4, "inteligencia": 1 } | itens=2 | tempo
maelor;dagruve;seed 14: maelor | fases=dagruve | profundidade=0 x1.00 | nv=7 armas=raio_de_luz4 passivas={ "foco_arcano": 2, "pele_de_pedra": 1 } | itens=1 | tempo
maelor;dagruve;seed 15: maelor | fases=dagruve | profundidade=0 x1.00 | nv=16 armas=raio_de_luz3,sentenca_de_lliira3,golpe_atordoante3,raio_enfraquecedor2 passivas={ "regeneracao": 1, "robe_arcano": 1, "pele_de_pedra": 1, "cota_de_malha": 2 } | itens=3 | tempo
maelor;dagruve;seed 16: maelor | fases=dagruve | profundidade=0 x1.00 | nv=10 armas=raio_de_luz3,descarga_estelar1,golpe_atordoante1 passivas={ "pele_de_pedra": 1, "botas_leves": 1, "sabedoria": 1, "sorte_de_sendrinah": 1, "regeneracao": 1 } | itens=2 | tempo
maelor;dagruve;seed 17: maelor | fases=dagruve | profundidade=0 x1.00 | nv=3 armas=raio_de_luz2,marca_da_retidao1 passivas={  } | itens=1 | tempo
maelor;dagruve;seed 18: maelor | fases=dagruve | profundidade=0 x1.00 | nv=14 armas=raio_de_luz1,marca_da_retidao3,golpe_atordoante3,vela_sagrada1 passivas={ "foco_arcano": 1, "regeneracao": 2, "pele_de_pedra": 1, "cota_de_malha": 1, "constituicao": 1 } | itens=3 | tempo
maelor;dagruve;seed 19: maelor | fases=dagruve | profundidade=0 x1.00 | nv=15 armas=raio_de_luz4,descarga_estelar3,cera_fervente3 passivas={ "regeneracao": 2, "constituicao": 1, "carisma": 1, "botas_leves": 1 } | itens=2 | tempo
maelor;dagruve;seed 20: maelor | fases=dagruve | profundidade=0 x1.00 | nv=15 armas=raio_de_luz5,cera_fervente1,estocada_mistica3,espada_sombria1 passivas={ "regeneracao": 1, "forca": 1, "cota_de_malha": 1, "alcance": 1, "sorte_de_sendrinah": 1 } | itens=1 | tempo
maelor;dagruve;seed 21: maelor | fases=dagruve | profundidade=0 x1.00 | nv=12 armas=raio_de_luz2,sentenca_de_lliira3,golpe_esmagador2 passivas={ "foco_arcano": 1, "alcance": 1, "regeneracao": 2, "carisma": 1 } | itens=2 | tempo
maelor;dagruve;seed 22: maelor | fases=dagruve | profundidade=0 x1.00 | nv=13 armas=raio_de_luz2,golpe_esmagador2,sentenca_de_lliira2,raio_enfraquecedor3 passivas={ "constituicao": 1, "forca": 1, "cota_de_malha": 2 } | itens=2 | tempo
maelor;dagruve;seed 23: maelor | fases=dagruve | profundidade=0 x1.00 | nv=12 armas=raio_de_luz3,vela_sagrada2,marca_da_retidao2 passivas={ "pele_de_pedra": 3, "constituicao": 2 } | itens=3 | tempo
maelor;dagruve;seed 24: maelor | fases=dagruve | profundidade=0 x1.00 | nv=14 armas=raio_de_luz2,golpe_esmagador1,vela_sagrada2,golpe_atordoante1,chicote_avarento1 passivas={ "pele_de_pedra": 3, "constituicao": 1, "cota_de_malha": 2, "regeneracao": 2 } | itens=2 | tempo
maelor;dagruve;seed 25: maelor | fases=dagruve | profundidade=0 x1.00 | nv=11 armas=raio_de_luz3,golpe_esmagador1,espada_sombria1,colar_dos_tentaculos1 passivas={ "regeneracao": 3, "robe_arcano": 1, "sabedoria": 1, "constituicao": 1 } | itens=4 | tempo
maelor;dagruve;seed 26: maelor | fases=dagruve | profundidade=0 x1.00 | nv=9 armas=raio_de_luz2,lamina_da_digestao2 passivas={ "pele_de_pedra": 4, "foco_arcano": 1, "regeneracao": 1 } | itens=2 | tempo
maelor;dagruve;seed 27: maelor | fases=dagruve | profundidade=0 x1.00 | nv=13 armas=raio_de_luz2,dominar_pessoa3,golpe_esmagador2 passivas={ "cota_de_malha": 1, "constituicao": 2, "regeneracao": 1, "robe_arcano": 1, "pele_de_pedra": 1 } | itens=2 | tempo
maelor;dagruve;seed 28: maelor | fases=dagruve | profundidade=0 x1.00 | nv=11 armas=raio_de_luz1,sentenca_de_lliira4 passivas={ "regeneracao": 4, "forca": 2 } | itens=2 | tempo
maelor;dagruve;seed 29: maelor | fases=dagruve | profundidade=0 x1.00 | nv=4 armas=raio_de_luz2 passivas={ "regeneracao": 2 } | itens=1 | tempo
maelor;dagruve;seed 30: maelor | fases=dagruve | profundidade=0 x1.00 | nv=10 armas=raio_de_luz2,dominar_pessoa1,vela_sagrada1 passivas={ "regeneracao": 1, "constituicao": 3, "cota_de_malha": 1, "foco_arcano": 1 } | itens=2 | tempo
sylas;dagruve;seed 1: sylas | fases=dagruve | profundidade=0 x1.00 | nv=7 armas=raio_enfraquecedor2,cera_fervente3 passivas={ "forca": 2 } | itens=1 | tempo
sylas;dagruve;seed 2: sylas | fases=dagruve | profundidade=0 x1.00 | nv=14 armas=raio_enfraquecedor3,golpe_atordoante3,vela_sagrada1 passivas={ "regeneracao": 2, "constituicao": 2, "cota_de_malha": 2, "alcance": 1 } | itens=3 | tempo
sylas;dagruve;seed 3: sylas | fases=dagruve | profundidade=0 x1.00 | nv=4 armas=raio_enfraquecedor1 passivas={ "constituicao": 1, "regeneracao": 2 } | itens=2 | tempo
sylas;dagruve;seed 4: sylas | fases=dagruve,docas | profundidade=1 x1.25 | nv=22 armas=raio_enfraquecedor5,estocada_mistica3,sentenca_de_lliira2,raio_de_luz3,ampulheta2 passivas={ "pele_de_pedra": 1, "regeneracao": 1, "constituicao": 3, "cota_de_malha": 2, "forca": 1 } | itens=4 | tempo
sylas;dagruve;seed 5: sylas | fases=dagruve | profundidade=0 x1.00 | nv=4 armas=raio_enfraquecedor2 passivas={ "cota_de_malha": 1, "constituicao": 1 } | itens=1 | tempo
sylas;dagruve;seed 6: sylas | fases=dagruve | profundidade=0 x1.00 | nv=11 armas=raio_enfraquecedor3,dominar_pessoa2,golpe_atordoante1 passivas={ "cota_de_malha": 1, "carisma": 1, "alcance": 1, "sabedoria": 1, "pele_de_pedra": 1 } | itens=1 | tempo
sylas;dagruve;seed 7: sylas | fases=dagruve,docas | profundidade=1 x1.25 | nv=18 armas=raio_enfraquecedor4,cera_fervente1 passivas={ "regeneracao": 4, "cota_de_malha": 4, "forca": 2, "constituicao": 3 } | itens=3 | tempo
sylas;dagruve;seed 8: sylas | fases=dagruve | profundidade=0 x1.00 | nv=14 armas=raio_enfraquecedor1,lamina_da_digestao3,lamina_trovejante2 passivas={ "pele_de_pedra": 5, "cota_de_malha": 2, "constituicao": 1, "regeneracao": 1 } | itens=2 | tempo
sylas;dagruve;seed 9: sylas | fases=dagruve | profundidade=0 x1.00 | nv=7 armas=raio_enfraquecedor2,estocada_mistica1,lamina_trovejante1 passivas={ "pele_de_pedra": 2, "constituicao": 1 } | itens=1 | tempo
sylas;dagruve;seed 10: sylas | fases=dagruve | profundidade=0 x1.00 | nv=8 armas=raio_enfraquecedor2,descarga_estelar2 passivas={ "foco_arcano": 2, "cota_de_malha": 1, "constituicao": 1 } | itens=2 | tempo
sylas;dagruve;seed 11: sylas | fases=dagruve | profundidade=0 x1.00 | nv=14 armas=raio_enfraquecedor1,golpe_esmagador3,lamina_trovejante1,dominar_pessoa2 passivas={ "regeneracao": 1, "forca": 2, "constituicao": 2, "alcance": 1, "foco_arcano": 1 } | itens=2 | tempo
sylas;dagruve;seed 12: sylas | fases=dagruve | profundidade=0 x1.00 | nv=8 armas=raio_enfraquecedor3,lamina_trovejante4 passivas={ "constituicao": 1 } | itens=1 | tempo
sylas;dagruve;seed 13: sylas | fases=dagruve | profundidade=0 x1.00 | nv=5 armas=raio_enfraquecedor1,dominar_pessoa1 passivas={ "cota_de_malha": 1, "ganancia": 1, "forca": 1 } | itens=1 | tempo
sylas;dagruve;seed 14: sylas | fases=dagruve | profundidade=0 x1.00 | nv=6 armas=raio_enfraquecedor2,dominar_pessoa1 passivas={ "regeneracao": 2, "pele_de_pedra": 1 } | itens=1 | tempo
sylas;dagruve;seed 15: sylas | fases=dagruve | profundidade=0 x1.00 | nv=14 armas=raio_enfraquecedor2,vela_sagrada2,estocada_mistica3 passivas={ "constituicao": 1, "forca": 2, "pele_de_pedra": 2, "foco_arcano": 2 } | itens=2 | tempo
sylas;dagruve;seed 16: sylas | fases=dagruve | profundidade=0 x1.00 | nv=17 armas=raio_enfraquecedor5,lamina_trovejante2,golpe_atordoante2,vela_sagrada2,colar_dos_tentaculos1 passivas={ "foco_arcano": 2, "regeneracao": 3, "alcance": 1 } | itens=2 | tempo
sylas;dagruve;seed 17: sylas | fases=dagruve | profundidade=0 x1.00 | nv=6 armas=raio_enfraquecedor2,estocada_mistica3,espada_sombria1 passivas={  } | itens=1 | tempo
sylas;dagruve;seed 18: sylas | fases=dagruve | profundidade=0 x1.00 | nv=3 armas=raio_enfraquecedor3 passivas={  } | itens=1 | tempo
sylas;dagruve;seed 19: sylas | fases=dagruve | profundidade=0 x1.00 | nv=13 armas=raio_enfraquecedor2,estocada_mistica2,lamina_trovejante2,adaga_rapida1 passivas={ "pele_de_pedra": 2, "foco_arcano": 1, "cota_de_malha": 1, "robe_arcano": 1, "regeneracao": 1 } | itens=1 | tempo
sylas;dagruve;seed 20: sylas | fases=dagruve,docas | profundidade=1 x1.25 | nv=17 armas=raio_enfraquecedor3,vela_sagrada4,espada_sombria1 passivas={ "regeneracao": 2, "pele_de_pedra": 1, "constituicao": 3, "inteligencia": 2, "alcance": 1 } | itens=3 | tempo
sylas;dagruve;seed 21: sylas | fases=dagruve | profundidade=0 x1.00 | nv=19 armas=raio_enfraquecedor4,estocada_mistica4,vela_sagrada2,adaga_rapida2 passivas={ "regeneracao": 2, "robe_arcano": 1, "pele_de_pedra": 1, "constituicao": 2, "alcance": 1 } | itens=4 | tempo
sylas;dagruve;seed 22: sylas | fases=dagruve,docas | profundidade=1 x1.25 | nv=17 armas=raio_enfraquecedor4,estocada_mistica5,golpe_atordoante3 passivas={ "regeneracao": 1, "alcance": 1, "pele_de_pedra": 1, "cota_de_malha": 2 } | itens=4 | tempo
sylas;dagruve;seed 23: sylas | fases=dagruve | profundidade=0 x1.00 | nv=16 armas=raio_enfraquecedor2,golpe_atordoante4,espada_sombria2,dominar_pessoa1 passivas={ "pele_de_pedra": 2, "cota_de_malha": 2, "carisma": 1, "regeneracao": 1, "foco_arcano": 1 } | itens=3 | tempo
sylas;dagruve;seed 24: sylas | fases=dagruve,docas | profundidade=1 x1.25 | nv=21 armas=raio_enfraquecedor3,marca_da_retidao5,golpe_esmagador1,lamina_trovejante2 passivas={ "forca": 1, "constituicao": 3, "regeneracao": 4, "foco_arcano": 1, "pele_de_pedra": 1 } | itens=4 | tempo
sylas;dagruve;seed 25: sylas | fases=dagruve | profundidade=0 x1.00 | nv=3 armas=raio_enfraquecedor3 passivas={  } | itens=1 | tempo
sylas;dagruve;seed 26: sylas | fases=dagruve | profundidade=0 x1.00 | nv=7 armas=raio_enfraquecedor5 passivas={ "constituicao": 1 } | itens=1 | tempo
sylas;dagruve;seed 27: sylas | fases=dagruve | profundidade=0 x1.00 | nv=11 armas=raio_enfraquecedor3,ampulheta1,lamina_trovejante3,estocada_mistica1 passivas={ "pele_de_pedra": 1, "inteligencia": 1, "alcance": 1, "ganancia": 1 } | itens=1 | tempo
sylas;dagruve;seed 28: sylas | fases=dagruve | profundidade=0 x1.00 | nv=6 armas=raio_enfraquecedor5,marca_da_retidao1 passivas={  } | itens=1 | tempo
sylas;dagruve;seed 29: sylas | fases=dagruve | profundidade=0 x1.00 | nv=8 armas=raio_enfraquecedor1,adaga_rapida2 passivas={ "pele_de_pedra": 2, "forca": 1, "foco_arcano": 1, "regeneracao": 1 } | itens=1 | tempo
sylas;dagruve;seed 30: sylas | fases=dagruve | profundidade=0 x1.00 | nv=7 armas=raio_enfraquecedor2,marca_da_retidao1,raio_de_luz1 passivas={ "cota_de_malha": 1, "foco_arcano": 1, "pele_de_pedra": 1 } | itens=1 | tempo
kayron;dagruve;seed 1: kayron | fases=dagruve | profundidade=0 x1.00 | nv=6 armas=descarga_estelar1,golpe_atordoante1 passivas={ "constituicao": 2, "regeneracao": 1, "foco_arcano": 1 } | itens=2 | tempo
kayron;dagruve;seed 2: kayron | fases=dagruve | profundidade=0 x1.00 | nv=5 armas=descarga_estelar1,dominar_pessoa1 passivas={ "foco_arcano": 1, "constituicao": 1, "pele_de_pedra": 1 } | itens=1 | tempo
kayron;dagruve;seed 3: kayron | fases=dagruve | profundidade=0 x1.00 | nv=10 armas=descarga_estelar2,marca_da_retidao2,raio_de_luz1 passivas={ "cota_de_malha": 1, "regeneracao": 1, "forca": 1, "alcance": 2 } | itens=1 | tempo
kayron;dagruve;seed 4: kayron | fases=dagruve | profundidade=0 x1.00 | nv=2 armas=descarga_estelar1 passivas={ "cota_de_malha": 1 } | itens=1 | tempo
kayron;dagruve;seed 5: kayron | fases=dagruve | profundidade=0 x1.00 | nv=7 armas=descarga_estelar3,raio_de_luz2,estocada_mistica1 passivas={ "foco_arcano": 1 } | itens=2 | tempo
kayron;dagruve;seed 6: kayron | fases=dagruve | profundidade=0 x1.00 | nv=10 armas=descarga_estelar4,golpe_esmagador1,estocada_mistica1 passivas={ "foco_arcano": 1, "regeneracao": 1, "forca": 1, "botas_leves": 1 } | itens=1 | tempo
kayron;dagruve;seed 7: kayron | fases=dagruve | profundidade=0 x1.00 | nv=3 armas=descarga_estelar1 passivas={ "forca": 2 } | itens=1 | tempo
kayron;dagruve;seed 8: kayron | fases=dagruve | profundidade=0 x1.00 | nv=8 armas=descarga_estelar2,estocada_mistica1,vela_sagrada1 passivas={ "pele_de_pedra": 1, "foco_arcano": 1, "regeneracao": 1, "constituicao": 1 } | itens=3 | tempo
kayron;dagruve;seed 9: kayron | fases=dagruve | profundidade=0 x1.00 | nv=3 armas=descarga_estelar1 passivas={ "foco_arcano": 2 } | itens=1 | tempo
kayron;dagruve;seed 10: kayron | fases=dagruve | profundidade=0 x1.00 | nv=12 armas=descarga_estelar5,sentenca_de_lliira1,estocada_mistica1 passivas={ "regeneracao": 2, "cota_de_malha": 3 } | itens=2 | tempo
kayron;dagruve;seed 11: kayron | fases=dagruve | profundidade=0 x1.00 | nv=8 armas=descarga_estelar2,raio_de_luz3,estocada_mistica1 passivas={ "regeneracao": 1, "constituicao": 1 } | itens=1 | tempo
kayron;dagruve;seed 12: kayron | fases=dagruve | profundidade=0 x1.00 | nv=2 armas=descarga_estelar1,adaga_rapida1 passivas={  } | itens=0 | tempo
kayron;dagruve;seed 13: kayron | fases=dagruve | profundidade=0 x1.00 | nv=1 armas=descarga_estelar1 passivas={  } | itens=1 | tempo
kayron;dagruve;seed 14: kayron | fases=dagruve | profundidade=0 x1.00 | nv=8 armas=descarga_estelar3 passivas={ "foco_arcano": 3, "pele_de_pedra": 2 } | itens=1 | tempo
kayron;dagruve;seed 15: kayron | fases=dagruve | profundidade=0 x1.00 | nv=6 armas=descarga_estelar1,estocada_mistica1,sentenca_de_lliira1 passivas={ "regeneracao": 2, "robe_arcano": 1 } | itens=1 | tempo
kayron;dagruve;seed 16: kayron | fases=dagruve | profundidade=0 x1.00 | nv=16 armas=descarga_estelar2,cera_fervente2,raio_de_luz1 passivas={ "pele_de_pedra": 1, "forca": 3, "constituicao": 5, "foco_arcano": 1, "ganancia": 1 } | itens=2 | tempo
kayron;dagruve;seed 17: kayron | fases=dagruve | profundidade=0 x1.00 | nv=4 armas=descarga_estelar3 passivas={ "constituicao": 1 } | itens=1 | tempo
kayron;dagruve;seed 18: kayron | fases=dagruve | profundidade=0 x1.00 | nv=2 armas=descarga_estelar1 passivas={ "pele_de_pedra": 1 } | itens=1 | tempo
kayron;dagruve;seed 19: kayron | fases=dagruve | profundidade=0 x1.00 | nv=3 armas=descarga_estelar2 passivas={ "regeneracao": 1 } | itens=1 | tempo
kayron;dagruve;seed 20: kayron | fases=dagruve | profundidade=0 x1.00 | nv=2 armas=descarga_estelar1,dominar_pessoa1 passivas={  } | itens=1 | tempo
kayron;dagruve;seed 21: kayron | fases=dagruve | profundidade=0 x1.00 | nv=6 armas=descarga_estelar2 passivas={ "regeneracao": 1, "cota_de_malha": 3 } | itens=1 | tempo
kayron;dagruve;seed 22: kayron | fases=dagruve | profundidade=0 x1.00 | nv=1 armas=descarga_estelar1 passivas={  } | itens=0 | tempo
kayron;dagruve;seed 23: kayron | fases=dagruve | profundidade=0 x1.00 | nv=4 armas=descarga_estelar2,marca_da_retidao1 passivas={ "cota_de_malha": 1 } | itens=1 | tempo
kayron;dagruve;seed 24: kayron | fases=dagruve | profundidade=0 x1.00 | nv=7 armas=descarga_estelar1,chicote_avarento2,golpe_atordoante1 passivas={ "constituicao": 1, "pele_de_pedra": 1, "sabedoria": 1, "robe_arcano": 1 } | itens=1 | tempo
kayron;dagruve;seed 25: kayron | fases=dagruve | profundidade=0 x1.00 | nv=7 armas=descarga_estelar2,sentenca_de_lliira1,lamina_trovejante1 passivas={ "regeneracao": 2, "forca": 1 } | itens=1 | tempo
kayron;dagruve;seed 26: kayron | fases=dagruve | profundidade=0 x1.00 | nv=3 armas=descarga_estelar1,dominar_pessoa1 passivas={ "regeneracao": 1 } | itens=1 | tempo
kayron;dagruve;seed 27: kayron | fases=dagruve,docas | profundidade=1 x1.25 | nv=15 armas=descarga_estelar5,golpe_esmagador1,lamina_trovejante2 passivas={ "regeneracao": 3, "alcance": 1, "botas_leves": 1, "sabedoria": 1, "constituicao": 1 } | itens=3 | tempo
kayron;dagruve;seed 28: kayron | fases=dagruve | profundidade=0 x1.00 | nv=2 armas=descarga_estelar2 passivas={  } | itens=1 | tempo
kayron;dagruve;seed 29: kayron | fases=dagruve | profundidade=0 x1.00 | nv=2 armas=descarga_estelar1,dominar_pessoa1 passivas={  } | itens=1 | tempo
kayron;dagruve;seed 30: kayron | fases=dagruve | profundidade=0 x1.00 | nv=3 armas=descarga_estelar1 passivas={ "regeneracao": 1, "cota_de_malha": 1 } | itens=1 | tempo
korrak;dagruve;seed 1: korrak | fases=dagruve | profundidade=0 x1.00 | nv=12 armas=machado_de_xargath5,adaga_rapida4 passivas={ "cota_de_malha": 1, "forca": 1, "constituicao": 1 } | itens=1 | tempo
korrak;dagruve;seed 2: korrak | fases=dagruve | profundidade=0 x1.00 | nv=7 armas=machado_de_xargath1,vela_sagrada1 passivas={ "regeneracao": 2, "constituicao": 1, "cota_de_malha": 1, "forca": 1 } | itens=1 | tempo
korrak;dagruve;seed 3: korrak | fases=dagruve | profundidade=0 x1.00 | nv=13 armas=machado_de_xargath3,estocada_mistica1,golpe_atordoante1,cera_fervente1 passivas={ "forca": 1, "pele_de_pedra": 1, "constituicao": 3, "regeneracao": 1, "cota_de_malha": 1 } | itens=3 | tempo
korrak;dagruve;seed 4: korrak | fases=dagruve | profundidade=0 x1.00 | nv=12 armas=machado_de_xargath2,espada_sombria1,dominar_pessoa1,raio_enfraquecedor1 passivas={ "pele_de_pedra": 3, "constituicao": 1, "cota_de_malha": 1, "sorte_de_sendrinah": 1, "forca": 1 } | itens=2 | tempo
korrak;dagruve;seed 5: korrak | fases=dagruve | profundidade=0 x1.00 | nv=11 armas=machado_de_xargath1,descarga_estelar2,vela_sagrada1,golpe_atordoante2 passivas={ "sorte_de_sendrinah": 1, "foco_arcano": 1, "forca": 1, "constituicao": 1, "alcance": 1 } | itens=2 | tempo
korrak;dagruve;seed 6: korrak | fases=dagruve | profundidade=0 x1.00 | nv=12 armas=machado_de_xargath4,marca_da_retidao1,espada_sombria2,descarga_estelar1 passivas={ "robe_arcano": 1, "cota_de_malha": 1, "pele_de_pedra": 1, "regeneracao": 1 } | itens=1 | tempo
korrak;dagruve;seed 7: korrak | fases=dagruve | profundidade=0 x1.00 | nv=9 armas=machado_de_xargath5 passivas={ "regeneracao": 2, "constituicao": 2 } | itens=2 | tempo
korrak;dagruve;seed 8: korrak | fases=dagruve | profundidade=0 x1.00 | nv=12 armas=machado_de_xargath2,lamina_trovejante2,golpe_esmagador2 passivas={ "constituicao": 1, "cota_de_malha": 2, "carisma": 2, "regeneracao": 1 } | itens=2 | tempo
korrak;dagruve;seed 9: korrak | fases=dagruve | profundidade=0 x1.00 | nv=14 armas=machado_de_xargath4,lamina_trovejante2,raio_enfraquecedor1,estocada_mistica1 passivas={ "regeneracao": 2, "cota_de_malha": 1, "pele_de_pedra": 2, "constituicao": 1 } | itens=3 | tempo
korrak;dagruve;seed 10: korrak | fases=dagruve | profundidade=0 x1.00 | nv=14 armas=machado_de_xargath2,descarga_estelar1 passivas={ "forca": 2, "cota_de_malha": 3, "pele_de_pedra": 2, "regeneracao": 1, "foco_arcano": 3 } | itens=2 | tempo
korrak;dagruve;seed 11: korrak | fases=dagruve,docas | profundidade=1 x1.25 | nv=16 armas=machado_de_xargath5,adaga_rapida2,cera_fervente2 passivas={ "constituicao": 2, "forca": 3, "pele_de_pedra": 2 } | itens=2 | tempo
korrak;dagruve;seed 12: korrak | fases=dagruve | profundidade=0 x1.00 | nv=13 armas=machado_de_xargath3,adaga_rapida3,espada_sombria1 passivas={ "ganancia": 1, "pele_de_pedra": 1, "cota_de_malha": 2, "forca": 2 } | itens=2 | tempo
korrak;dagruve;seed 13: korrak | fases=dagruve,docas | profundidade=1 x1.25 | nv=16 armas=machado_de_xargath2,golpe_atordoante1,adaga_rapida2,espada_sombria1 passivas={ "foco_arcano": 2, "cota_de_malha": 3, "constituicao": 1, "pele_de_pedra": 3, "regeneracao": 1 } | itens=2 | tempo
korrak;dagruve;seed 14: korrak | fases=dagruve | profundidade=0 x1.00 | nv=14 armas=machado_de_xargath1,espada_sombria4,adaga_rapida1,sentenca_de_lliira1 passivas={ "foco_arcano": 4, "pele_de_pedra": 3 } | itens=2 | tempo
korrak;dagruve;seed 15: korrak | fases=dagruve | profundidade=0 x1.00 | nv=14 armas=machado_de_xargath5,espada_sombria1,cera_fervente2 passivas={ "inteligencia": 1, "forca": 1, "regeneracao": 2, "sorte_de_sendrinah": 1, "cota_de_malha": 1 } | itens=1 | tempo
korrak;dagruve;seed 16: korrak | fases=dagruve | profundidade=0 x1.00 | nv=15 armas=machado_de_xargath2,golpe_esmagador2,espada_sombria2,cera_fervente2 passivas={ "regeneracao": 2, "cota_de_malha": 1, "constituicao": 3, "pele_de_pedra": 1 } | itens=2 | tempo
korrak;dagruve;seed 17: korrak | fases=dagruve | profundidade=0 x1.00 | nv=12 armas=machado_de_xargath2,espada_sombria2,lamina_trovejante2 passivas={ "regeneracao": 2, "cota_de_malha": 2, "forca": 2 } | itens=3 | tempo
korrak;dagruve;seed 18: korrak | fases=dagruve | profundidade=0 x1.00 | nv=16 armas=machado_de_xargath4,espada_sombria3,dominar_pessoa2 passivas={ "regeneracao": 3, "forca": 1, "pele_de_pedra": 1, "robe_arcano": 1, "inteligencia": 1 } | itens=2 | tempo
korrak;dagruve;seed 19: korrak | fases=dagruve,docas | profundidade=1 x1.25 | nv=20 armas=machado_de_xargath5,adaga_rapida3,vela_sagrada2,dominar_pessoa1 passivas={ "constituicao": 2, "pele_de_pedra": 4, "sorte_de_sendrinah": 1, "alcance": 1, "robe_arcano": 1 } | itens=4 | tempo
korrak;dagruve;seed 20: korrak | fases=dagruve | profundidade=0 x1.00 | nv=13 armas=machado_de_xargath3,dominar_pessoa2,golpe_atordoante1 passivas={ "forca": 2, "pele_de_pedra": 3, "regeneracao": 1, "foco_arcano": 1 } | itens=1 | tempo
korrak;dagruve;seed 21: korrak | fases=dagruve | profundidade=0 x1.00 | nv=15 armas=machado_de_xargath2,sentenca_de_lliira2,raio_enfraquecedor1 passivas={ "forca": 4, "pele_de_pedra": 2, "regeneracao": 1, "constituicao": 1, "foco_arcano": 2 } | itens=2 | tempo
korrak;dagruve;seed 22: korrak | fases=dagruve,docas | profundidade=1 x1.25 | nv=20 armas=machado_de_xargath5,cera_fervente2,adaga_rapida3 passivas={ "forca": 4, "constituicao": 3, "regeneracao": 1, "robe_arcano": 1, "cota_de_malha": 1 } | itens=4 | tempo
korrak;dagruve;seed 23: korrak | fases=dagruve | profundidade=0 x1.00 | nv=13 armas=machado_de_xargath4,dominar_pessoa2,descarga_estelar2 passivas={ "pele_de_pedra": 1, "constituicao": 1, "sabedoria": 1, "alcance": 1, "botas_leves": 1 } | itens=2 | tempo
korrak;dagruve;seed 24: korrak | fases=dagruve | profundidade=0 x1.00 | nv=14 armas=machado_de_xargath4,cera_fervente1 passivas={ "pele_de_pedra": 1, "foco_arcano": 1, "forca": 4, "constituicao": 2, "cota_de_malha": 1 } | itens=2 | tempo
korrak;dagruve;seed 25: korrak | fases=dagruve | profundidade=0 x1.00 | nv=11 armas=machado_de_xargath3,espada_sombria1,adaga_rapida2 passivas={ "forca": 1, "foco_arcano": 2, "regeneracao": 2 } | itens=2 | tempo
korrak;dagruve;seed 26: korrak | fases=dagruve | profundidade=0 x1.00 | nv=13 armas=machado_de_xargath2,golpe_atordoante1,estocada_mistica2 passivas={ "cota_de_malha": 3, "forca": 1, "alcance": 1, "botas_leves": 1, "pele_de_pedra": 2 } | itens=1 | tempo
korrak;dagruve;seed 27: korrak | fases=dagruve,docas | profundidade=1 x1.25 | nv=19 armas=machado_de_xargath4,dominar_pessoa3,golpe_atordoante2,raio_enfraquecedor2 passivas={ "foco_arcano": 1, "alcance": 1, "cota_de_malha": 4, "sabedoria": 1, "inteligencia": 1 } | itens=2 | tempo
korrak;dagruve;seed 28: korrak | fases=dagruve | profundidade=0 x1.00 | nv=14 armas=machado_de_xargath2,dominar_pessoa2,descarga_estelar1,sentenca_de_lliira2 passivas={ "pele_de_pedra": 2, "cota_de_malha": 2, "foco_arcano": 1, "botas_leves": 1, "robe_arcano": 1 } | itens=2 | tempo
korrak;dagruve;seed 29: korrak | fases=dagruve | profundidade=0 x1.00 | nv=16 armas=machado_de_xargath2,espada_sombria1,adaga_rapida5 passivas={ "forca": 2, "cota_de_malha": 2, "alcance": 2, "ganancia": 1, "pele_de_pedra": 1 } | itens=2 | tempo
korrak;dagruve;seed 30: korrak | fases=dagruve | profundidade=0 x1.00 | nv=6 armas=machado_de_xargath2,cera_fervente1 passivas={ "regeneracao": 1, "constituicao": 1, "pele_de_pedra": 1 } | itens=2 | tempo
leoric;dagruve;seed 1: leoric | fases=dagruve | profundidade=0 x1.00 | nv=4 armas=sopro_de_estrela2 passivas={ "constituicao": 2 } | itens=0 | tempo
leoric;dagruve;seed 2: leoric | fases=dagruve | profundidade=0 x1.00 | nv=4 armas=sopro_de_estrela2,espada_sombria1 passivas={ "constituicao": 1 } | itens=1 | tempo
leoric;dagruve;seed 3: leoric | fases=dagruve | profundidade=0 x1.00 | nv=8 armas=sopro_de_estrela1,raio_de_luz1,dominar_pessoa2 passivas={ "cota_de_malha": 1, "constituicao": 1, "forca": 2 } | itens=2 | tempo
leoric;dagruve;seed 4: leoric | fases=dagruve | profundidade=0 x1.00 | nv=10 armas=sopro_de_estrela3,raio_de_luz1,cera_fervente1 passivas={ "cota_de_malha": 4, "inteligencia": 1 } | itens=2 | tempo
leoric;dagruve;seed 5: leoric | fases=dagruve | profundidade=0 x1.00 | nv=13 armas=sopro_de_estrela2,golpe_esmagador1,adaga_rapida1,raio_enfraquecedor1 passivas={ "forca": 2, "cota_de_malha": 2, "robe_arcano": 2, "foco_arcano": 1, "regeneracao": 1 } | itens=3 | tempo
leoric;dagruve;seed 6: leoric | fases=dagruve | profundidade=0 x1.00 | nv=11 armas=sopro_de_estrela3,golpe_atordoante4,dominar_pessoa1 passivas={ "constituicao": 1, "pele_de_pedra": 1, "alcance": 1 } | itens=2 | tempo
leoric;dagruve;seed 7: leoric | fases=dagruve | profundidade=0 x1.00 | nv=8 armas=sopro_de_estrela1,raio_enfraquecedor2,golpe_atordoante1 passivas={ "foco_arcano": 1, "forca": 1, "botas_leves": 1, "pele_de_pedra": 1 } | itens=1 | tempo
leoric;dagruve;seed 8: leoric | fases=dagruve | profundidade=0 x1.00 | nv=9 armas=sopro_de_estrela2,descarga_estelar2,sentenca_de_lliira1 passivas={ "regeneracao": 1, "cota_de_malha": 1, "robe_arcano": 1, "pele_de_pedra": 1 } | itens=2 | tempo
leoric;dagruve;seed 9: leoric | fases=dagruve | profundidade=0 x1.00 | nv=3 armas=sopro_de_estrela2,dominar_pessoa1 passivas={  } | itens=0 | tempo
leoric;dagruve;seed 10: leoric | fases=dagruve | profundidade=0 x1.00 | nv=5 armas=sopro_de_estrela1,dominar_pessoa1,sentenca_de_lliira1 passivas={ "sorte_de_sendrinah": 1, "sabedoria": 1 } | itens=1 | tempo
leoric;dagruve;seed 11: leoric | fases=dagruve | profundidade=0 x1.00 | nv=7 armas=sopro_de_estrela2,golpe_esmagador1 passivas={ "foco_arcano": 1, "regeneracao": 1, "cota_de_malha": 1, "pele_de_pedra": 1 } | itens=2 | tempo
leoric;dagruve;seed 12: leoric | fases=dagruve | profundidade=0 x1.00 | nv=7 armas=sopro_de_estrela3,marca_da_retidao2,raio_de_luz1 passivas={ "foco_arcano": 1 } | itens=1 | tempo
leoric;dagruve;seed 13: leoric | fases=dagruve | profundidade=0 x1.00 | nv=14 armas=sopro_de_estrela3,sentenca_de_lliira3,golpe_esmagador1,espada_sombria2 passivas={ "pele_de_pedra": 1, "regeneracao": 1, "constituicao": 1, "foco_arcano": 1, "sorte_de_sendrinah": 1 } | itens=2 | tempo
leoric;dagruve;seed 14: leoric | fases=dagruve | profundidade=0 x1.00 | nv=5 armas=sopro_de_estrela3,golpe_atordoante1 passivas={ "pele_de_pedra": 1 } | itens=1 | tempo
leoric;dagruve;seed 15: leoric | fases=dagruve | profundidade=0 x1.00 | nv=13 armas=sopro_de_estrela2,vela_sagrada3,dominar_pessoa1 passivas={ "pele_de_pedra": 2, "foco_arcano": 1, "constituicao": 1, "regeneracao": 1, "robe_arcano": 2 } | itens=3 | tempo
leoric;dagruve;seed 16: leoric | fases=dagruve | profundidade=0 x1.00 | nv=9 armas=sopro_de_estrela2,marca_da_retidao2,cera_fervente1,chicote_avarento1 passivas={ "foco_arcano": 1, "forca": 1, "ganancia": 1, "constituicao": 1 } | itens=2 | tempo
leoric;dagruve;seed 17: leoric | fases=dagruve | profundidade=0 x1.00 | nv=4 armas=sopro_de_estrela2 passivas={ "pele_de_pedra": 1, "forca": 1 } | itens=1 | tempo
leoric;dagruve;seed 18: leoric | fases=dagruve | profundidade=0 x1.00 | nv=13 armas=sopro_de_estrela4,estocada_mistica1,golpe_esmagador1 passivas={ "regeneracao": 2, "foco_arcano": 2, "inteligencia": 1, "carisma": 2 } | itens=3 | tempo
leoric;dagruve;seed 19: leoric | fases=dagruve | profundidade=0 x1.00 | nv=2 armas=sopro_de_estrela2 passivas={  } | itens=0 | tempo
leoric;dagruve;seed 20: leoric | fases=dagruve | profundidade=0 x1.00 | nv=3 armas=sopro_de_estrela3 passivas={  } | itens=1 | tempo
leoric;dagruve;seed 21: leoric | fases=dagruve | profundidade=0 x1.00 | nv=10 armas=sopro_de_estrela1,estocada_mistica2,golpe_atordoante2,vela_sagrada1 passivas={ "constituicao": 1, "botas_leves": 1, "inteligencia": 1, "robe_arcano": 1 } | itens=1 | tempo
leoric;dagruve;seed 22: leoric | fases=dagruve | profundidade=0 x1.00 | nv=14 armas=sopro_de_estrela3,colar_dos_tentaculos1,golpe_esmagador1,adaga_rapida2,lamina_da_digestao1 passivas={ "constituicao": 1, "regeneracao": 3, "foco_arcano": 1, "pele_de_pedra": 2, "sorte_de_sendrinah": 1 } | itens=2 | tempo
leoric;dagruve;seed 23: leoric | fases=dagruve | profundidade=0 x1.00 | nv=7 armas=sopro_de_estrela2,golpe_atordoante2,espada_sombria1 passivas={ "constituicao": 1, "regeneracao": 1 } | itens=2 | tempo
leoric;dagruve;seed 24: leoric | fases=dagruve | profundidade=0 x1.00 | nv=8 armas=sopro_de_estrela1,estocada_mistica2,golpe_atordoante1 passivas={ "cota_de_malha": 2, "inteligencia": 1, "botas_leves": 1 } | itens=1 | tempo
leoric;dagruve;seed 25: leoric | fases=dagruve | profundidade=0 x1.00 | nv=7 armas=sopro_de_estrela2,golpe_atordoante1 passivas={ "cota_de_malha": 1, "regeneracao": 1, "constituicao": 1, "pele_de_pedra": 1 } | itens=1 | tempo
leoric;dagruve;seed 26: leoric | fases=dagruve | profundidade=0 x1.00 | nv=17 armas=sopro_de_estrela2,vela_sagrada2,golpe_atordoante1,raio_enfraquecedor3 passivas={ "constituicao": 2, "carisma": 1, "cota_de_malha": 4, "sorte_de_sendrinah": 1, "pele_de_pedra": 1 } | itens=3 | tempo
leoric;dagruve;seed 27: leoric | fases=dagruve,docas | profundidade=1 x1.25 | nv=17 armas=sopro_de_estrela3,sentenca_de_lliira3,dominar_pessoa2,estocada_mistica1 passivas={ "pele_de_pedra": 2, "regeneracao": 3, "forca": 1, "alcance": 1, "robe_arcano": 1 } | itens=4 | tempo
leoric;dagruve;seed 28: leoric | fases=dagruve | profundidade=0 x1.00 | nv=10 armas=sopro_de_estrela3,golpe_esmagador1,descarga_estelar1 passivas={ "pele_de_pedra": 2, "constituicao": 2, "forca": 1 } | itens=2 | tempo
leoric;dagruve;seed 29: leoric | fases=dagruve | profundidade=0 x1.00 | nv=14 armas=sopro_de_estrela2,ampulheta2,sentenca_de_lliira1,adaga_rapida1 passivas={ "foco_arcano": 2, "constituicao": 3, "cota_de_malha": 2, "pele_de_pedra": 1, "robe_arcano": 1 } | itens=2 | tempo
leoric;dagruve;seed 30: leoric | fases=dagruve | profundidade=0 x1.00 | nv=2 armas=sopro_de_estrela1,marca_da_retidao1 passivas={  } | itens=0 | tempo
nyrelia;dagruve;seed 1: nyrelia | fases=dagruve | profundidade=0 x1.00 | nv=2 armas=dominar_pessoa1 passivas={ "regeneracao": 1 } | itens=1 | tempo
nyrelia;dagruve;seed 2: nyrelia | fases=dagruve | profundidade=0 x1.00 | nv=1 armas=dominar_pessoa1 passivas={  } | itens=1 | tempo
nyrelia;dagruve;seed 3: nyrelia | fases=dagruve | profundidade=0 x1.00 | nv=2 armas=dominar_pessoa1 passivas={ "pele_de_pedra": 1 } | itens=1 | tempo
nyrelia;dagruve;seed 4: nyrelia | fases=dagruve | profundidade=0 x1.00 | nv=2 armas=dominar_pessoa1 passivas={ "constituicao": 1 } | itens=1 | tempo
nyrelia;dagruve;seed 5: nyrelia | fases=dagruve | profundidade=0 x1.00 | nv=8 armas=dominar_pessoa2,adaga_rapida3 passivas={ "regeneracao": 3 } | itens=3 | tempo
nyrelia;dagruve;seed 6: nyrelia | fases=dagruve | profundidade=0 x1.00 | nv=10 armas=dominar_pessoa1,golpe_esmagador2,raio_enfraquecedor2 passivas={ "pele_de_pedra": 2, "constituicao": 1, "carisma": 2 } | itens=2 | tempo
nyrelia;dagruve;seed 7: nyrelia | fases=dagruve | profundidade=0 x1.00 | nv=1 armas=dominar_pessoa1 passivas={  } | itens=1 | tempo
nyrelia;dagruve;seed 8: nyrelia | fases=dagruve | profundidade=0 x1.00 | nv=7 armas=dominar_pessoa1,vela_sagrada2,estocada_mistica1 passivas={ "cota_de_malha": 1, "forca": 1, "constituicao": 1 } | itens=1 | tempo
nyrelia;dagruve;seed 9: nyrelia | fases=dagruve | profundidade=0 x1.00 | nv=3 armas=dominar_pessoa1 passivas={ "pele_de_pedra": 1, "constituicao": 1 } | itens=1 | tempo
nyrelia;dagruve;seed 10: nyrelia | fases=dagruve | profundidade=0 x1.00 | nv=1 armas=dominar_pessoa1 passivas={  } | itens=1 | tempo
nyrelia;dagruve;seed 11: nyrelia | fases=dagruve | profundidade=0 x1.00 | nv=1 armas=dominar_pessoa1 passivas={  } | itens=1 | tempo
nyrelia;dagruve;seed 12: nyrelia | fases=dagruve | profundidade=0 x1.00 | nv=5 armas=dominar_pessoa2,lamina_da_digestao1,descarga_estelar1 passivas={ "pele_de_pedra": 1, "ganancia": 1 } | itens=1 | tempo
nyrelia;dagruve;seed 13: nyrelia | fases=dagruve | profundidade=0 x1.00 | nv=2 armas=dominar_pessoa1 passivas={ "regeneracao": 1 } | itens=1 | tempo
nyrelia;dagruve;seed 14: nyrelia | fases=dagruve | profundidade=0 x1.00 | nv=2 armas=dominar_pessoa1 passivas={ "cota_de_malha": 1 } | itens=0 | tempo
nyrelia;dagruve;seed 15: nyrelia | fases=dagruve | profundidade=0 x1.00 | nv=2 armas=dominar_pessoa1 passivas={ "pele_de_pedra": 1 } | itens=1 | tempo
nyrelia;dagruve;seed 16: nyrelia | fases=dagruve | profundidade=0 x1.00 | nv=9 armas=dominar_pessoa1,marca_da_retidao3,golpe_esmagador2 passivas={ "regeneracao": 1, "cota_de_malha": 1, "sabedoria": 1 } | itens=3 | tempo
nyrelia;dagruve;seed 17: nyrelia | fases=dagruve | profundidade=0 x1.00 | nv=4 armas=dominar_pessoa1 passivas={ "constituicao": 2, "foco_arcano": 1 } | itens=1 | tempo
nyrelia;dagruve;seed 18: nyrelia | fases=dagruve | profundidade=0 x1.00 | nv=4 armas=dominar_pessoa2 passivas={ "regeneracao": 1, "cota_de_malha": 1 } | itens=1 | tempo
nyrelia;dagruve;seed 19: nyrelia | fases=dagruve | profundidade=0 x1.00 | nv=1 armas=dominar_pessoa1 passivas={  } | itens=0 | tempo
nyrelia;dagruve;seed 20: nyrelia | fases=dagruve | profundidade=0 x1.00 | nv=4 armas=dominar_pessoa2,vela_sagrada1 passivas={ "cota_de_malha": 1 } | itens=2 | tempo
nyrelia;dagruve;seed 21: nyrelia | fases=dagruve | profundidade=0 x1.00 | nv=1 armas=dominar_pessoa1 passivas={  } | itens=0 | tempo
nyrelia;dagruve;seed 22: nyrelia | fases=dagruve | profundidade=0 x1.00 | nv=9 armas=dominar_pessoa1,raio_enfraquecedor1 passivas={ "pele_de_pedra": 3, "regeneracao": 1, "foco_arcano": 1, "cota_de_malha": 1, "sorte_de_sendrinah": 1 } | itens=2 | tempo
nyrelia;dagruve;seed 23: nyrelia | fases=dagruve | profundidade=0 x1.00 | nv=2 armas=dominar_pessoa1 passivas={ "pele_de_pedra": 1 } | itens=2 | tempo
nyrelia;dagruve;seed 24: nyrelia | fases=dagruve | profundidade=0 x1.00 | nv=7 armas=dominar_pessoa1,marca_da_retidao2,sentenca_de_lliira1 passivas={ "pele_de_pedra": 1, "botas_leves": 1, "forca": 1 } | itens=1 | tempo
nyrelia;dagruve;seed 25: nyrelia | fases=dagruve | profundidade=0 x1.00 | nv=11 armas=dominar_pessoa2,vela_sagrada2,espada_sombria2 passivas={ "pele_de_pedra": 2, "constituicao": 2, "foco_arcano": 1 } | itens=3 | tempo
nyrelia;dagruve;seed 26: nyrelia | fases=dagruve | profundidade=0 x1.00 | nv=1 armas=dominar_pessoa1 passivas={  } | itens=1 | tempo
nyrelia;dagruve;seed 27: nyrelia | fases=dagruve | profundidade=0 x1.00 | nv=3 armas=dominar_pessoa1 passivas={ "constituicao": 2 } | itens=1 | tempo
nyrelia;dagruve;seed 28: nyrelia | fases=dagruve | profundidade=0 x1.00 | nv=6 armas=dominar_pessoa1,espada_sombria1,descarga_estelar1 passivas={ "forca": 1, "foco_arcano": 1, "pele_de_pedra": 1 } | itens=1 | tempo
nyrelia;dagruve;seed 29: nyrelia | fases=dagruve | profundidade=0 x1.00 | nv=8 armas=dominar_pessoa2,estocada_mistica1 passivas={ "robe_arcano": 1, "pele_de_pedra": 2, "constituicao": 1, "forca": 1 } | itens=1 | tempo
nyrelia;dagruve;seed 30: nyrelia | fases=dagruve | profundidade=0 x1.00 | nv=4 armas=dominar_pessoa1,golpe_esmagador1,golpe_atordoante1 passivas={ "robe_arcano": 1 } | itens=1 | tempo
zynara;dagruve;seed 1: zynara | fases=dagruve | profundidade=0 x1.00 | nv=1 armas=ampulheta1 passivas={  } | itens=1 | tempo
zynara;dagruve;seed 2: zynara | fases=dagruve | profundidade=0 x1.00 | nv=4 armas=ampulheta2,raio_de_luz2 passivas={  } | itens=1 | tempo
zynara;dagruve;seed 3: zynara | fases=dagruve | profundidade=0 x1.00 | nv=2 armas=ampulheta2 passivas={  } | itens=1 | tempo
zynara;dagruve;seed 4: zynara | fases=dagruve | profundidade=0 x1.00 | nv=2 armas=ampulheta1 passivas={ "constituicao": 1 } | itens=1 | tempo
zynara;dagruve;seed 5: zynara | fases=dagruve | profundidade=0 x1.00 | nv=7 armas=ampulheta1,descarga_estelar1,golpe_atordoante1 passivas={ "pele_de_pedra": 1, "constituicao": 1, "cota_de_malha": 1, "forca": 1 } | itens=1 | tempo
zynara;dagruve;seed 6: zynara | fases=dagruve | profundidade=0 x1.00 | nv=5 armas=ampulheta3,adaga_rapida1,estocada_mistica1 passivas={  } | itens=0 | tempo
zynara;dagruve;seed 7: zynara | fases=dagruve | profundidade=0 x1.00 | nv=4 armas=ampulheta1,descarga_estelar2,golpe_esmagador1 passivas={  } | itens=1 | tempo
zynara;dagruve;seed 8: zynara | fases=dagruve | profundidade=0 x1.00 | nv=4 armas=ampulheta1,espada_sombria1,raio_de_luz1 passivas={ "pele_de_pedra": 1 } | itens=1 | tempo
zynara;dagruve;seed 9: zynara | fases=dagruve | profundidade=0 x1.00 | nv=7 armas=ampulheta1,lamina_trovejante1,dominar_pessoa1 passivas={ "sabedoria": 1, "pele_de_pedra": 2, "robe_arcano": 1 } | itens=1 | tempo
zynara;dagruve;seed 10: zynara | fases=dagruve | profundidade=0 x1.00 | nv=8 armas=ampulheta3 passivas={ "regeneracao": 2, "pele_de_pedra": 1, "constituicao": 1, "cota_de_malha": 1 } | itens=1 | tempo
zynara;dagruve;seed 11: zynara | fases=dagruve | profundidade=0 x1.00 | nv=10 armas=ampulheta3,lamina_trovejante1 passivas={ "regeneracao": 1, "cota_de_malha": 3, "pele_de_pedra": 1, "forca": 1 } | itens=3 | tempo
zynara;dagruve;seed 12: zynara | fases=dagruve | profundidade=0 x1.00 | nv=3 armas=ampulheta1 passivas={ "cota_de_malha": 1, "foco_arcano": 1 } | itens=1 | tempo
zynara;dagruve;seed 13: zynara | fases=dagruve | profundidade=0 x1.00 | nv=2 armas=ampulheta2 passivas={  } | itens=1 | tempo
zynara;dagruve;seed 14: zynara | fases=dagruve | profundidade=0 x1.00 | nv=12 armas=ampulheta3,descarga_estelar1,estocada_mistica1 passivas={ "cota_de_malha": 1, "constituicao": 2, "pele_de_pedra": 2, "carisma": 1, "sabedoria": 1 } | itens=1 | tempo
zynara;dagruve;seed 15: zynara | fases=dagruve | profundidade=0 x1.00 | nv=7 armas=ampulheta2,estocada_mistica1,golpe_atordoante1 passivas={ "pele_de_pedra": 1, "ganancia": 1, "foco_arcano": 1 } | itens=1 | tempo
zynara;dagruve;seed 16: zynara | fases=dagruve | profundidade=0 x1.00 | nv=8 armas=ampulheta1,golpe_esmagador1,lamina_trovejante1 passivas={ "cota_de_malha": 1, "pele_de_pedra": 1, "regeneracao": 2, "constituicao": 1 } | itens=1 | tempo
zynara;dagruve;seed 17: zynara | fases=dagruve | profundidade=0 x1.00 | nv=2 armas=ampulheta2 passivas={  } | itens=1 | tempo
zynara;dagruve;seed 18: zynara | fases=dagruve | profundidade=0 x1.00 | nv=5 armas=ampulheta2,estocada_mistica2 passivas={ "constituicao": 1 } | itens=1 | tempo
zynara;dagruve;seed 19: zynara | fases=dagruve | profundidade=0 x1.00 | nv=11 armas=ampulheta2,cera_fervente1,vela_sagrada1 passivas={ "regeneracao": 2, "forca": 2, "pele_de_pedra": 3 } | itens=4 | tempo
zynara;dagruve;seed 20: zynara | fases=dagruve | profundidade=0 x1.00 | nv=10 armas=ampulheta4 passivas={ "regeneracao": 3, "pele_de_pedra": 2, "cota_de_malha": 1 } | itens=3 | tempo
zynara;dagruve;seed 21: zynara | fases=dagruve | profundidade=0 x1.00 | nv=9 armas=ampulheta1,chicote_avarento2,golpe_esmagador1 passivas={ "regeneracao": 2, "pele_de_pedra": 2, "robe_arcano": 1, "foco_arcano": 1 } | itens=2 | tempo
zynara;dagruve;seed 22: zynara | fases=dagruve | profundidade=0 x1.00 | nv=10 armas=ampulheta4,colar_dos_tentaculos4,sentenca_de_lliira1 passivas={ "constituicao": 1, "cota_de_malha": 1 } | itens=1 | tempo
zynara;dagruve;seed 23: zynara | fases=dagruve | profundidade=0 x1.00 | nv=4 armas=ampulheta3,adaga_rapida1 passivas={  } | itens=1 | tempo
zynara;dagruve;seed 24: zynara | fases=dagruve | profundidade=0 x1.00 | nv=3 armas=ampulheta2 passivas={ "constituicao": 1 } | itens=1 | tempo
zynara;dagruve;seed 25: zynara | fases=dagruve | profundidade=0 x1.00 | nv=3 armas=ampulheta1 passivas={ "constituicao": 2 } | itens=0 | tempo
zynara;dagruve;seed 26: zynara | fases=dagruve | profundidade=0 x1.00 | nv=4 armas=ampulheta1 passivas={ "constituicao": 2, "forca": 1 } | itens=1 | tempo
zynara;dagruve;seed 27: zynara | fases=dagruve | profundidade=0 x1.00 | nv=4 armas=ampulheta1,raio_enfraquecedor1,vela_sagrada1 passivas={ "ganancia": 1 } | itens=1 | tempo
zynara;dagruve;seed 28: zynara | fases=dagruve | profundidade=0 x1.00 | nv=16 armas=ampulheta3,golpe_atordoante2,espada_sombria4 passivas={ "regeneracao": 2, "cota_de_malha": 1, "constituicao": 1, "pele_de_pedra": 1, "foco_arcano": 2 } | itens=3 | tempo
zynara;dagruve;seed 29: zynara | fases=dagruve | profundidade=0 x1.00 | nv=4 armas=ampulheta1,sentenca_de_lliira2 passivas={ "pele_de_pedra": 1 } | itens=1 | tempo
zynara;dagruve;seed 30: zynara | fases=dagruve | profundidade=0 x1.00 | nv=3 armas=ampulheta2,golpe_atordoante1 passivas={  } | itens=0 | tempo
bromnor;dagruve;seed 1: bromnor | fases=dagruve | profundidade=0 x1.00 | nv=11 armas=martelo_da_gloria1,estocada_mistica1,vela_sagrada4,lamina_da_digestao1 passivas={ "constituicao": 1, "pele_de_pedra": 2, "foco_arcano": 1, "sabedoria": 1 } | itens=3 | tempo
bromnor;dagruve;seed 2: bromnor | fases=dagruve | profundidade=0 x1.00 | nv=13 armas=martelo_da_gloria2,sentenca_de_lliira1,vela_sagrada1,espada_sombria1 passivas={ "pele_de_pedra": 3, "regeneracao": 1, "cota_de_malha": 1, "constituicao": 2, "forca": 1 } | itens=3 | tempo
bromnor;dagruve;seed 3: bromnor | fases=dagruve | profundidade=0 x1.00 | nv=9 armas=martelo_da_gloria2,descarga_estelar1,marca_da_retidao1 passivas={ "pele_de_pedra": 1, "sabedoria": 1, "carisma": 1, "cota_de_malha": 1, "robe_arcano": 1 } | itens=3 | tempo
bromnor;dagruve;seed 4: bromnor | fases=dagruve | profundidade=0 x1.00 | nv=12 armas=martelo_da_gloria3,lamina_trovejante4,sentenca_de_lliira1 passivas={ "foco_arcano": 1, "alcance": 1, "ganancia": 1, "sorte_de_sendrinah": 1 } | itens=3 | tempo
bromnor;dagruve;seed 5: bromnor | fases=dagruve | profundidade=0 x1.00 | nv=13 armas=martelo_da_gloria2,vela_sagrada4,cera_fervente1,colar_dos_tentaculos1 passivas={ "forca": 1, "constituicao": 2, "pele_de_pedra": 1, "cota_de_malha": 1, "ganancia": 1 } | itens=3 | tempo
bromnor;dagruve;seed 6: bromnor | fases=dagruve | profundidade=0 x1.00 | nv=14 armas=martelo_da_gloria1,adaga_rapida3,raio_de_luz3 passivas={ "pele_de_pedra": 1, "regeneracao": 3, "constituicao": 2, "alcance": 1 } | itens=2 | tempo
bromnor;dagruve;seed 7: bromnor | fases=dagruve | profundidade=0 x1.00 | nv=9 armas=martelo_da_gloria2,raio_de_luz1,adaga_rapida1 passivas={ "pele_de_pedra": 2, "botas_leves": 2, "alcance": 1 } | itens=1 | tempo
bromnor;dagruve;seed 8: bromnor | fases=dagruve | profundidade=0 x1.00 | nv=4 armas=martelo_da_gloria1,marca_da_retidao1,adaga_rapida1 passivas={ "constituicao": 1 } | itens=1 | tempo
bromnor;dagruve;seed 9: bromnor | fases=dagruve | profundidade=0 x1.00 | nv=3 armas=martelo_da_gloria2 passivas={ "cota_de_malha": 1 } | itens=1 | tempo
bromnor;dagruve;seed 10: bromnor | fases=dagruve | profundidade=0 x1.00 | nv=13 armas=martelo_da_gloria3,golpe_atordoante3,raio_de_luz4,espada_sombria2,ampulheta1 passivas={ "regeneracao": 1 } | itens=2 | tempo
bromnor;dagruve;seed 11: bromnor | fases=dagruve | profundidade=0 x1.00 | nv=6 armas=martelo_da_gloria2,golpe_esmagador3,descarga_estelar1 passivas={  } | itens=2 | tempo
bromnor;dagruve;seed 12: bromnor | fases=dagruve | profundidade=0 x1.00 | nv=5 armas=martelo_da_gloria1 passivas={ "pele_de_pedra": 2, "constituicao": 1, "foco_arcano": 1 } | itens=1 | tempo
bromnor;dagruve;seed 13: bromnor | fases=dagruve | profundidade=0 x1.00 | nv=5 armas=martelo_da_gloria1,dominar_pessoa1,golpe_esmagador1 passivas={ "pele_de_pedra": 1, "cota_de_malha": 1 } | itens=1 | tempo
bromnor;dagruve;seed 14: bromnor | fases=dagruve | profundidade=0 x1.00 | nv=9 armas=martelo_da_gloria1,marca_da_retidao2,espada_sombria2 passivas={ "forca": 4 } | itens=3 | tempo
bromnor;dagruve;seed 15: bromnor | fases=dagruve | profundidade=0 x1.00 | nv=14 armas=martelo_da_gloria1,espada_sombria2,dominar_pessoa1,raio_enfraquecedor2 passivas={ "foco_arcano": 2, "inteligencia": 1, "cota_de_malha": 2, "carisma": 1, "forca": 2 } | itens=4 | tempo
bromnor;dagruve;seed 16: bromnor | fases=dagruve | profundidade=0 x1.00 | nv=9 armas=martelo_da_gloria1,golpe_atordoante1,adaga_rapida3 passivas={ "robe_arcano": 2, "cota_de_malha": 1, "pele_de_pedra": 1 } | itens=2 | tempo
bromnor;dagruve;seed 17: bromnor | fases=dagruve | profundidade=0 x1.00 | nv=6 armas=martelo_da_gloria1,vela_sagrada2 passivas={ "regeneracao": 1, "forca": 1, "pele_de_pedra": 1 } | itens=1 | tempo
bromnor;dagruve;seed 18: bromnor | fases=dagruve | profundidade=0 x1.00 | nv=17 armas=martelo_da_gloria2,descarga_estelar1,adaga_rapida2,marca_da_retidao1 passivas={ "cota_de_malha": 2, "constituicao": 3, "pele_de_pedra": 3, "regeneracao": 2, "forca": 1 } | itens=4 | tempo
bromnor;dagruve;seed 19: bromnor | fases=dagruve | profundidade=0 x1.00 | nv=13 armas=martelo_da_gloria3,espada_sombria2,lamina_da_digestao1,adaga_rapida1 passivas={ "constituicao": 1, "pele_de_pedra": 1, "forca": 3, "cota_de_malha": 1, "inteligencia": 1 } | itens=2 | tempo
bromnor;dagruve;seed 20: bromnor | fases=dagruve | profundidade=0 x1.00 | nv=4 armas=martelo_da_gloria2 passivas={ "forca": 1 } | itens=1 | tempo
bromnor;dagruve;seed 21: bromnor | fases=dagruve | profundidade=0 x1.00 | nv=13 armas=martelo_da_gloria2,golpe_esmagador3,raio_de_luz1,golpe_atordoante2 passivas={ "foco_arcano": 2, "forca": 3 } | itens=3 | tempo
bromnor;dagruve;seed 22: bromnor | fases=dagruve | profundidade=0 x1.00 | nv=15 armas=martelo_da_gloria2,colar_dos_tentaculos1,golpe_esmagador4 passivas={ "cota_de_malha": 2, "constituicao": 3, "regeneracao": 2, "carisma": 1, "sorte_de_sendrinah": 1 } | itens=2 | tempo
bromnor;dagruve;seed 23: bromnor | fases=dagruve | profundidade=0 x1.00 | nv=12 armas=martelo_da_gloria1,sentenca_de_lliira1,espada_sombria2,raio_enfraquecedor1 passivas={ "constituicao": 3, "cota_de_malha": 1, "botas_leves": 1, "regeneracao": 2 } | itens=3 | tempo
bromnor;dagruve;seed 24: bromnor | fases=dagruve | profundidade=0 x1.00 | nv=5 armas=martelo_da_gloria2,cera_fervente1 passivas={ "pele_de_pedra": 1, "regeneracao": 1 } | itens=2 | tempo
bromnor;dagruve;seed 25: bromnor | fases=dagruve | profundidade=0 x1.00 | nv=10 armas=martelo_da_gloria1,marca_da_retidao2,ampulheta2 passivas={ "cota_de_malha": 1, "pele_de_pedra": 2, "foco_arcano": 1, "sabedoria": 1, "regeneracao": 1 } | itens=4 | tempo
bromnor;dagruve;seed 26: bromnor | fases=dagruve | profundidade=0 x1.00 | nv=3 armas=martelo_da_gloria2 passivas={ "pele_de_pedra": 1 } | itens=1 | tempo
bromnor;dagruve;seed 27: bromnor | fases=dagruve | profundidade=0 x1.00 | nv=12 armas=martelo_da_gloria1,cera_fervente2,golpe_esmagador2 passivas={ "cota_de_malha": 1, "constituicao": 2, "botas_leves": 1, "pele_de_pedra": 2, "carisma": 1 } | itens=1 | tempo
bromnor;dagruve;seed 28: bromnor | fases=dagruve | profundidade=0 x1.00 | nv=14 armas=martelo_da_gloria5,raio_de_luz2,marca_da_retidao1,estocada_mistica1 passivas={ "cota_de_malha": 1, "constituicao": 1, "pele_de_pedra": 2, "forca": 1 } | itens=2 | tempo
bromnor;dagruve;seed 29: bromnor | fases=dagruve | profundidade=0 x1.00 | nv=7 armas=martelo_da_gloria3,descarga_estelar1,cera_fervente1 passivas={ "foco_arcano": 1, "cota_de_malha": 1 } | itens=1 | tempo
bromnor;dagruve;seed 30: bromnor | fases=dagruve | profundidade=0 x1.00 | nv=5 armas=martelo_da_gloria1,estocada_mistica2 passivas={ "pele_de_pedra": 1, "cota_de_malha": 1 } | itens=1 | tempo
durvall;docas;seed 1: durvall | fases=docas | profundidade=0 x1.00 | nv=2 armas=espada_sombria1 passivas={ "foco_arcano": 1 } | itens=1 | tempo
durvall;docas;seed 2: durvall | fases=docas | profundidade=0 x1.00 | nv=4 armas=espada_sombria2,adaga_rapida2 passivas={  } | itens=1 | tempo
durvall;docas;seed 3: durvall | fases=docas | profundidade=0 x1.00 | nv=4 armas=espada_sombria2 passivas={ "forca": 2 } | itens=2 | tempo
durvall;docas;seed 4: durvall | fases=docas | profundidade=0 x1.00 | nv=5 armas=espada_sombria3 passivas={ "forca": 2 } | itens=1 | tempo
durvall;docas;seed 5: durvall | fases=docas | profundidade=0 x1.00 | nv=2 armas=espada_sombria1,dominar_pessoa1 passivas={  } | itens=1 | tempo
durvall;docas;seed 6: durvall | fases=docas | profundidade=0 x1.00 | nv=3 armas=espada_sombria1,golpe_atordoante1 passivas={ "cota_de_malha": 1 } | itens=1 | tempo
durvall;docas;seed 7: durvall | fases=docas | profundidade=0 x1.00 | nv=4 armas=espada_sombria2 passivas={ "forca": 2 } | itens=1 | tempo
durvall;docas;seed 8: durvall | fases=docas | profundidade=0 x1.00 | nv=4 armas=espada_sombria2,raio_de_luz2 passivas={  } | itens=0 | tempo
durvall;docas;seed 9: durvall | fases=docas | profundidade=0 x1.00 | nv=3 armas=espada_sombria3 passivas={  } | itens=1 | tempo
durvall;docas;seed 10: durvall | fases=docas | profundidade=0 x1.00 | nv=4 armas=espada_sombria4 passivas={  } | itens=1 | tempo
durvall;docas;seed 11: durvall | fases=docas | profundidade=0 x1.00 | nv=5 armas=espada_sombria2,golpe_esmagador2 passivas={ "forca": 1 } | itens=1 | tempo
durvall;docas;seed 12: durvall | fases=docas | profundidade=0 x1.00 | nv=8 armas=espada_sombria2,raio_de_luz2,raio_enfraquecedor1 passivas={ "cota_de_malha": 1, "botas_leves": 1, "sabedoria": 1 } | itens=1 | tempo
durvall;docas;seed 13: durvall | fases=docas | profundidade=0 x1.00 | nv=3 armas=espada_sombria1,adaga_rapida1 passivas={ "forca": 1 } | itens=1 | tempo
durvall;docas;seed 14: durvall | fases=docas | profundidade=0 x1.00 | nv=1 armas=espada_sombria1 passivas={  } | itens=1 | tempo
durvall;docas;seed 15: durvall | fases=docas | profundidade=0 x1.00 | nv=4 armas=espada_sombria3 passivas={ "forca": 1 } | itens=1 | tempo
durvall;docas;seed 16: durvall | fases=docas | profundidade=0 x1.00 | nv=8 armas=espada_sombria3 passivas={ "pele_de_pedra": 2, "forca": 2, "constituicao": 1 } | itens=3 | tempo
durvall;docas;seed 17: durvall | fases=docas | profundidade=0 x1.00 | nv=6 armas=espada_sombria1,dominar_pessoa2,raio_enfraquecedor1 passivas={ "regeneracao": 1, "robe_arcano": 1 } | itens=1 | tempo
durvall;docas;seed 18: durvall | fases=docas | profundidade=0 x1.00 | nv=3 armas=espada_sombria2 passivas={ "forca": 1 } | itens=1 | tempo
durvall;docas;seed 19: durvall | fases=docas | profundidade=0 x1.00 | nv=2 armas=espada_sombria2 passivas={  } | itens=1 | tempo
durvall;docas;seed 20: durvall | fases=docas | profundidade=0 x1.00 | nv=4 armas=espada_sombria2 passivas={ "forca": 2 } | itens=1 | tempo
durvall;docas;seed 21: durvall | fases=docas | profundidade=0 x1.00 | nv=4 armas=espada_sombria3 passivas={ "regeneracao": 1 } | itens=1 | tempo
durvall;docas;seed 22: durvall | fases=docas | profundidade=0 x1.00 | nv=3 armas=espada_sombria1,raio_enfraquecedor1 passivas={ "forca": 1 } | itens=0 | tempo
durvall;docas;seed 23: durvall | fases=docas | profundidade=0 x1.00 | nv=8 armas=espada_sombria1,vela_sagrada2,golpe_atordoante1 passivas={ "forca": 2, "pele_de_pedra": 1, "robe_arcano": 1 } | itens=4 | tempo
durvall;docas;seed 24: durvall | fases=docas | profundidade=0 x1.00 | nv=4 armas=espada_sombria2 passivas={ "forca": 2 } | itens=1 | tempo
durvall;docas;seed 25: durvall | fases=docas | profundidade=0 x1.00 | nv=8 armas=espada_sombria4 passivas={ "forca": 3, "regeneracao": 1 } | itens=2 | tempo
durvall;docas;seed 26: durvall | fases=docas | profundidade=0 x1.00 | nv=5 armas=espada_sombria4 passivas={ "forca": 1 } | itens=1 | tempo
durvall;docas;seed 27: durvall | fases=docas | profundidade=0 x1.00 | nv=4 armas=espada_sombria2 passivas={ "forca": 2 } | itens=2 | tempo
durvall;docas;seed 28: durvall | fases=docas,shedaklah | profundidade=1 x1.25 | nv=9 armas=espada_sombria4 passivas={ "regeneracao": 2, "constituicao": 3 } | itens=3 | tempo
durvall;docas;seed 29: durvall | fases=docas | profundidade=0 x1.00 | nv=5 armas=espada_sombria3 passivas={ "forca": 1, "constituicao": 1 } | itens=1 | tempo
durvall;docas;seed 30: durvall | fases=docas | profundidade=0 x1.00 | nv=5 armas=espada_sombria2,adaga_rapida2 passivas={ "forca": 1 } | itens=1 | tempo
brook;docas;seed 1: brook | fases=docas | profundidade=0 x1.00 | nv=11 armas=sentenca_de_lliira2,chicote_avarento1,marca_da_retidao2,dominar_pessoa1 passivas={ "pele_de_pedra": 1, "regeneracao": 1, "inteligencia": 1, "constituicao": 2, "cota_de_malha": 1 } | itens=2 | tempo
brook;docas;seed 2: brook | fases=docas | profundidade=0 x1.00 | nv=2 armas=sentenca_de_lliira1,vela_sagrada1 passivas={  } | itens=1 | tempo
brook;docas;seed 3: brook | fases=docas | profundidade=0 x1.00 | nv=3 armas=sentenca_de_lliira3 passivas={  } | itens=1 | tempo
brook;docas;seed 4: brook | fases=docas | profundidade=0 x1.00 | nv=2 armas=sentenca_de_lliira2 passivas={  } | itens=1 | tempo
brook;docas;seed 5: brook | fases=docas | profundidade=0 x1.00 | nv=4 armas=sentenca_de_lliira1,dominar_pessoa2 passivas={ "constituicao": 1 } | itens=2 | tempo
brook;docas;seed 6: brook | fases=docas | profundidade=0 x1.00 | nv=3 armas=sentenca_de_lliira1,descarga_estelar2 passivas={  } | itens=1 | tempo
brook;docas;seed 7: brook | fases=docas,shedaklah | profundidade=1 x1.25 | nv=7 armas=sentenca_de_lliira1,marca_da_retidao2,estocada_mistica2 passivas={ "regeneracao": 1, "carisma": 1 } | itens=4 | tempo
brook;docas;seed 8: brook | fases=docas,shedaklah | profundidade=1 x1.25 | nv=10 armas=sentenca_de_lliira2,vela_sagrada3,marca_da_retidao1 passivas={ "regeneracao": 1, "constituicao": 1, "cota_de_malha": 1, "pele_de_pedra": 1 } | itens=3 | tempo
brook;docas;seed 9: brook | fases=docas | profundidade=0 x1.00 | nv=7 armas=sentenca_de_lliira3,descarga_estelar2,estocada_mistica2 passivas={  } | itens=1 | tempo
brook;docas;seed 10: brook | fases=docas | profundidade=0 x1.00 | nv=2 armas=sentenca_de_lliira2 passivas={  } | itens=2 | tempo
brook;docas;seed 11: brook | fases=docas | profundidade=0 x1.00 | nv=2 armas=sentenca_de_lliira1 passivas={ "cota_de_malha": 1 } | itens=1 | tempo
brook;docas;seed 12: brook | fases=docas | profundidade=0 x1.00 | nv=6 armas=sentenca_de_lliira1,vela_sagrada1 passivas={ "cota_de_malha": 3, "regeneracao": 1 } | itens=1 | tempo
brook;docas;seed 13: brook | fases=docas | profundidade=0 x1.00 | nv=9 armas=sentenca_de_lliira3,vela_sagrada1,dominar_pessoa2 passivas={ "inteligencia": 2, "constituicao": 1 } | itens=1 | tempo
brook;docas;seed 14: brook | fases=docas | profundidade=0 x1.00 | nv=7 armas=sentenca_de_lliira1,golpe_atordoante1 passivas={ "constituicao": 2, "pele_de_pedra": 1, "cota_de_malha": 1, "foco_arcano": 1 } | itens=1 | tempo
brook;docas;seed 15: brook | fases=docas | profundidade=0 x1.00 | nv=1 armas=sentenca_de_lliira1 passivas={  } | itens=1 | tempo
brook;docas;seed 16: brook | fases=docas | profundidade=0 x1.00 | nv=6 armas=sentenca_de_lliira3,dominar_pessoa1 passivas={ "pele_de_pedra": 1, "regeneracao": 1 } | itens=2 | tempo
brook;docas;seed 17: brook | fases=docas | profundidade=0 x1.00 | nv=8 armas=sentenca_de_lliira2,raio_de_luz2,golpe_esmagador2,raio_enfraquecedor1 passivas={ "cota_de_malha": 1 } | itens=1 | tempo
brook;docas;seed 18: brook | fases=docas | profundidade=0 x1.00 | nv=10 armas=sentenca_de_lliira3,raio_de_luz1,marca_da_retidao1 passivas={ "constituicao": 3, "regeneracao": 1, "pele_de_pedra": 1 } | itens=3 | tempo
brook;docas;seed 19: brook | fases=docas | profundidade=0 x1.00 | nv=5 armas=sentenca_de_lliira2,raio_de_luz1 passivas={ "cota_de_malha": 1, "forca": 1 } | itens=1 | tempo
brook;docas;seed 20: brook | fases=docas | profundidade=0 x1.00 | nv=9 armas=sentenca_de_lliira2,dominar_pessoa1,raio_enfraquecedor4 passivas={ "pele_de_pedra": 1, "sorte_de_sendrinah": 1 } | itens=1 | tempo
brook;docas;seed 21: brook | fases=docas | profundidade=0 x1.00 | nv=2 armas=sentenca_de_lliira1 passivas={ "foco_arcano": 1 } | itens=2 | tempo
brook;docas;seed 22: brook | fases=docas | profundidade=0 x1.00 | nv=10 armas=sentenca_de_lliira2,espada_sombria3,marca_da_retidao1,lamina_trovejante1 passivas={ "foco_arcano": 1, "constituicao": 1, "sabedoria": 1 } | itens=1 | tempo
brook;docas;seed 23: brook | fases=docas,shedaklah | profundidade=1 x1.25 | nv=8 armas=sentenca_de_lliira2 passivas={ "regeneracao": 1, "cota_de_malha": 3, "constituicao": 2 } | itens=4 | tempo
brook;docas;seed 24: brook | fases=docas,shedaklah | profundidade=1 x1.25 | nv=11 armas=sentenca_de_lliira1,raio_de_luz4,dominar_pessoa2 passivas={ "cota_de_malha": 1, "alcance": 1, "pele_de_pedra": 1, "sabedoria": 1 } | itens=2 | tempo
brook;docas;seed 25: brook | fases=docas | profundidade=0 x1.00 | nv=5 armas=sentenca_de_lliira2 passivas={ "forca": 1, "pele_de_pedra": 1, "regeneracao": 1 } | itens=1 | tempo
brook;docas;seed 26: brook | fases=docas | profundidade=0 x1.00 | nv=4 armas=sentenca_de_lliira2,golpe_esmagador1 passivas={ "foco_arcano": 1 } | itens=1 | tempo
brook;docas;seed 27: brook | fases=docas | profundidade=0 x1.00 | nv=6 armas=sentenca_de_lliira1,golpe_atordoante2 passivas={ "foco_arcano": 1, "constituicao": 1, "cota_de_malha": 1 } | itens=3 | tempo
brook;docas;seed 28: brook | fases=docas | profundidade=0 x1.00 | nv=7 armas=sentenca_de_lliira2,raio_de_luz4 passivas={ "pele_de_pedra": 1 } | itens=2 | tempo
brook;docas;seed 29: brook | fases=docas | profundidade=0 x1.00 | nv=8 armas=sentenca_de_lliira2,dominar_pessoa1,golpe_esmagador1 passivas={ "cota_de_malha": 2, "constituicao": 1, "botas_leves": 1 } | itens=2 | tempo
brook;docas;seed 30: brook | fases=docas | profundidade=0 x1.00 | nv=4 armas=sentenca_de_lliira2 passivas={ "carisma": 1, "foco_arcano": 1 } | itens=1 | tempo
maelor;docas;seed 1: maelor | fases=docas | profundidade=0 x1.00 | nv=16 armas=raio_de_luz2,cera_fervente2,estocada_mistica1,adaga_rapida2 passivas={ "alcance": 1, "foco_arcano": 3, "forca": 2, "pele_de_pedra": 2, "constituicao": 1 } | itens=2 | tempo
maelor;docas;seed 2: maelor | fases=docas | profundidade=0 x1.00 | nv=12 armas=raio_de_luz3,sentenca_de_lliira2,vela_sagrada1 passivas={ "pele_de_pedra": 2, "cota_de_malha": 2, "regeneracao": 2 } | itens=2 | tempo
maelor;docas;seed 3: maelor | fases=docas | profundidade=0 x1.00 | nv=7 armas=raio_de_luz2,marca_da_retidao2,golpe_esmagador2 passivas={ "forca": 1 } | itens=1 | tempo
maelor;docas;seed 4: maelor | fases=docas | profundidade=0 x1.00 | nv=18 armas=luz_mais_pura1,sentenca_de_lliira2,golpe_atordoante2 passivas={ "regeneracao": 2, "forca": 2, "pele_de_pedra": 2, "constituicao": 1, "cota_de_malha": 1 } | itens=3 | tempo
maelor;docas;seed 5: maelor | fases=docas | profundidade=0 x1.00 | nv=5 armas=raio_de_luz1,marca_da_retidao2 passivas={ "foco_arcano": 2 } | itens=1 | tempo
maelor;docas;seed 6: maelor | fases=docas,shedaklah | profundidade=1 x1.25 | nv=19 armas=raio_de_luz4,dominar_pessoa5,raio_enfraquecedor1,descarga_estelar4 passivas={ "cota_de_malha": 1, "constituicao": 1, "regeneracao": 1, "ganancia": 1, "pele_de_pedra": 1 } | itens=3 | tempo
maelor;docas;seed 7: maelor | fases=docas | profundidade=0 x1.00 | nv=5 armas=raio_de_luz3,estocada_mistica2 passivas={  } | itens=1 | tempo
maelor;docas;seed 8: maelor | fases=docas | profundidade=0 x1.00 | nv=10 armas=raio_de_luz2,lamina_trovejante1,cera_fervente2 passivas={ "sabedoria": 1, "cota_de_malha": 2, "forca": 1, "foco_arcano": 1 } | itens=1 | tempo
maelor;docas;seed 9: maelor | fases=docas | profundidade=0 x1.00 | nv=3 armas=raio_de_luz1 passivas={ "constituicao": 1, "regeneracao": 1 } | itens=1 | tempo
maelor;docas;seed 10: maelor | fases=docas,shedaklah | profundidade=1 x1.25 | nv=13 armas=raio_de_luz4,descarga_estelar2,colar_dos_tentaculos1 passivas={ "cota_de_malha": 2, "foco_arcano": 2, "constituicao": 2, "forca": 1 } | itens=3 | tempo
maelor;docas;seed 11: maelor | fases=docas | profundidade=0 x1.00 | nv=16 armas=luz_mais_pura1,estocada_mistica1,lamina_trovejante1,adaga_rapida2 passivas={ "regeneracao": 2, "cota_de_malha": 1, "robe_arcano": 1, "pele_de_pedra": 1, "constituicao": 1 } | itens=2 | tempo
maelor;docas;seed 12: maelor | fases=docas | profundidade=0 x1.00 | nv=13 armas=raio_de_luz4,sentenca_de_lliira4,martelo_da_gloria1 passivas={ "forca": 1, "cota_de_malha": 2, "constituicao": 1, "inteligencia": 1 } | itens=2 | tempo
maelor;docas;seed 13: maelor | fases=docas | profundidade=0 x1.00 | nv=17 armas=raio_de_luz5,vela_sagrada2,descarga_estelar1 passivas={ "foco_arcano": 3, "constituicao": 2, "pele_de_pedra": 3, "cota_de_malha": 1 } | itens=3 | tempo
maelor;docas;seed 14: maelor | fases=docas | profundidade=0 x1.00 | nv=13 armas=raio_de_luz2,sentenca_de_lliira3,descarga_estelar2 passivas={ "pele_de_pedra": 2, "robe_arcano": 1, "constituicao": 2, "regeneracao": 1 } | itens=1 | tempo
maelor;docas;seed 15: maelor | fases=docas | profundidade=0 x1.00 | nv=12 armas=raio_de_luz3,marca_da_retidao1,vela_sagrada5 passivas={ "regeneracao": 2, "foco_arcano": 1 } | itens=2 | tempo
maelor;docas;seed 16: maelor | fases=docas | profundidade=0 x1.00 | nv=12 armas=raio_de_luz2,golpe_atordoante1,adaga_rapida1 passivas={ "forca": 3, "ganancia": 1, "constituicao": 1, "robe_arcano": 2, "botas_leves": 1 } | itens=3 | tempo
maelor;docas;seed 17: maelor | fases=docas | profundidade=0 x1.00 | nv=7 armas=raio_de_luz1,marca_da_retidao3 passivas={ "pele_de_pedra": 1, "cota_de_malha": 2 } | itens=2 | tempo
maelor;docas;seed 18: maelor | fases=docas | profundidade=0 x1.00 | nv=9 armas=raio_de_luz2,descarga_estelar3,golpe_esmagador1 passivas={ "constituicao": 1, "botas_leves": 1, "pele_de_pedra": 1 } | itens=1 | tempo
maelor;docas;seed 19: maelor | fases=docas | profundidade=0 x1.00 | nv=11 armas=raio_de_luz1,sentenca_de_lliira2,descarga_estelar1,lamina_trovejante1 passivas={ "pele_de_pedra": 2, "robe_arcano": 1, "regeneracao": 1, "cota_de_malha": 1, "inteligencia": 1 } | itens=2 | tempo
maelor;docas;seed 20: maelor | fases=docas | profundidade=0 x1.00 | nv=7 armas=raio_de_luz2,dominar_pessoa1,lamina_trovejante1 passivas={ "regeneracao": 1, "foco_arcano": 2 } | itens=2 | tempo
maelor;docas;seed 21: maelor | fases=docas | profundidade=0 x1.00 | nv=6 armas=raio_de_luz1,descarga_estelar1 passivas={ "constituicao": 1, "foco_arcano": 1, "pele_de_pedra": 1, "regeneracao": 1 } | itens=1 | tempo
maelor;docas;seed 22: maelor | fases=docas | profundidade=0 x1.00 | nv=5 armas=raio_de_luz2 passivas={ "pele_de_pedra": 1, "regeneracao": 1, "cota_de_malha": 1 } | itens=1 | tempo
maelor;docas;seed 23: maelor | fases=docas | profundidade=0 x1.00 | nv=6 armas=raio_de_luz2,descarga_estelar1,vela_sagrada1 passivas={ "constituicao": 1, "cota_de_malha": 1 } | itens=2 | tempo
maelor;docas;seed 24: maelor | fases=docas | profundidade=0 x1.00 | nv=13 armas=raio_de_luz4,golpe_atordoante1,vela_sagrada1 passivas={ "constituicao": 2, "cota_de_malha": 1, "regeneracao": 1, "alcance": 2, "robe_arcano": 1 } | itens=2 | tempo
maelor;docas;seed 25: maelor | fases=docas | profundidade=0 x1.00 | nv=4 armas=raio_de_luz3 passivas={ "constituicao": 1 } | itens=1 | tempo
maelor;docas;seed 26: maelor | fases=docas | profundidade=0 x1.00 | nv=11 armas=raio_de_luz2,sentenca_de_lliira1,marca_da_retidao4 passivas={ "pele_de_pedra": 2, "forca": 1, "sorte_de_sendrinah": 1 } | itens=2 | tempo
maelor;docas;seed 27: maelor | fases=docas | profundidade=0 x1.00 | nv=15 armas=raio_de_luz2,vela_sagrada1,descarga_estelar3 passivas={ "regeneracao": 4, "constituicao": 4, "robe_arcano": 1 } | itens=2 | tempo
maelor;docas;seed 28: maelor | fases=docas | profundidade=0 x1.00 | nv=4 armas=raio_de_luz2 passivas={ "cota_de_malha": 2 } | itens=1 | tempo
maelor;docas;seed 29: maelor | fases=docas | profundidade=0 x1.00 | nv=11 armas=raio_de_luz3,adaga_rapida1,espada_sombria2 passivas={ "forca": 1, "cota_de_malha": 2, "foco_arcano": 2 } | itens=3 | tempo
maelor;docas;seed 30: maelor | fases=docas | profundidade=0 x1.00 | nv=11 armas=raio_de_luz4,golpe_atordoante1 passivas={ "pele_de_pedra": 5, "constituicao": 1 } | itens=2 | tempo
sylas;docas;seed 1: sylas | fases=docas | profundidade=0 x1.00 | nv=4 armas=raio_enfraquecedor1,descarga_estelar2 passivas={ "foco_arcano": 1 } | itens=1 | tempo
sylas;docas;seed 2: sylas | fases=docas | profundidade=0 x1.00 | nv=13 armas=raio_enfraquecedor2,golpe_esmagador2,cera_fervente4,dominar_pessoa1 passivas={ "forca": 1, "inteligencia": 1, "pele_de_pedra": 1, "constituicao": 1 } | itens=2 | tempo
sylas;docas;seed 3: sylas | fases=docas | profundidade=0 x1.00 | nv=7 armas=raio_enfraquecedor3,golpe_esmagador1,vela_sagrada1 passivas={ "robe_arcano": 1, "cota_de_malha": 1 } | itens=1 | tempo
sylas;docas;seed 4: sylas | fases=docas | profundidade=0 x1.00 | nv=6 armas=raio_enfraquecedor2,espada_sombria1,estocada_mistica1 passivas={ "constituicao": 2 } | itens=1 | tempo
sylas;docas;seed 5: sylas | fases=docas | profundidade=0 x1.00 | nv=17 armas=raio_enfraquecedor3,estocada_mistica2,golpe_atordoante2,raio_de_luz1 passivas={ "foco_arcano": 1, "constituicao": 1, "regeneracao": 2, "sorte_de_sendrinah": 2, "alcance": 3 } | itens=3 | tempo
sylas;docas;seed 6: sylas | fases=docas | profundidade=0 x1.00 | nv=1 armas=raio_enfraquecedor1 passivas={  } | itens=1 | tempo
sylas;docas;seed 7: sylas | fases=docas | profundidade=0 x1.00 | nv=7 armas=raio_enfraquecedor1,golpe_atordoante2,dominar_pessoa1 passivas={ "cota_de_malha": 2, "pele_de_pedra": 1 } | itens=1 | tempo
sylas;docas;seed 8: sylas | fases=docas | profundidade=0 x1.00 | nv=4 armas=raio_enfraquecedor2 passivas={ "regeneracao": 2 } | itens=2 | tempo
sylas;docas;seed 9: sylas | fases=docas | profundidade=0 x1.00 | nv=3 armas=raio_enfraquecedor1 passivas={ "forca": 1, "constituicao": 1 } | itens=1 | tempo
sylas;docas;seed 10: sylas | fases=docas | profundidade=0 x1.00 | nv=4 armas=raio_enfraquecedor3 passivas={ "foco_arcano": 1 } | itens=1 | tempo
sylas;docas;seed 11: sylas | fases=docas | profundidade=0 x1.00 | nv=7 armas=raio_enfraquecedor3,lamina_trovejante1,golpe_esmagador1 passivas={ "forca": 1, "carisma": 1 } | itens=1 | tempo
sylas;docas;seed 12: sylas | fases=docas | profundidade=0 x1.00 | nv=14 armas=raio_enfraquecedor2,golpe_atordoante1,sentenca_de_lliira2,descarga_estelar2 passivas={ "constituicao": 2, "regeneracao": 1, "pele_de_pedra": 2, "sabedoria": 1, "cota_de_malha": 1 } | itens=4 | tempo
sylas;docas;seed 13: sylas | fases=docas | profundidade=0 x1.00 | nv=9 armas=raio_enfraquecedor4,golpe_atordoante2,adaga_rapida2 passivas={ "constituicao": 1 } | itens=1 | tempo
sylas;docas;seed 14: sylas | fases=docas | profundidade=0 x1.00 | nv=11 armas=raio_enfraquecedor5,golpe_esmagador1 passivas={ "constituicao": 3, "regeneracao": 1, "cota_de_malha": 1 } | itens=1 | tempo
sylas;docas;seed 15: sylas | fases=docas | profundidade=0 x1.00 | nv=11 armas=raio_enfraquecedor1,raio_de_luz1,lamina_trovejante2,estocada_mistica2 passivas={ "foco_arcano": 1, "pele_de_pedra": 2, "sorte_de_sendrinah": 1, "regeneracao": 1 } | itens=1 | tempo
sylas;docas;seed 16: sylas | fases=docas | profundidade=0 x1.00 | nv=12 armas=raio_enfraquecedor1,lamina_trovejante1,vela_sagrada1 passivas={ "constituicao": 2, "cota_de_malha": 1, "foco_arcano": 4, "sabedoria": 2 } | itens=2 | tempo
sylas;docas;seed 17: sylas | fases=docas | profundidade=0 x1.00 | nv=11 armas=raio_enfraquecedor4,dominar_pessoa1,descarga_estelar1 passivas={ "regeneracao": 2, "pele_de_pedra": 1, "constituicao": 1, "sabedoria": 1 } | itens=1 | tempo
sylas;docas;seed 18: sylas | fases=docas | profundidade=0 x1.00 | nv=7 armas=raio_enfraquecedor1,martelo_da_gloria1,estocada_mistica2 passivas={ "foco_arcano": 1, "forca": 2, "regeneracao": 1 } | itens=2 | tempo
sylas;docas;seed 19: sylas | fases=docas | profundidade=0 x1.00 | nv=15 armas=raio_enfraquecedor2,cera_fervente2 passivas={ "pele_de_pedra": 2, "foco_arcano": 3, "forca": 2, "cota_de_malha": 2, "regeneracao": 2 } | itens=2 | tempo
sylas;docas;seed 20: sylas | fases=docas,shedaklah | profundidade=1 x1.25 | nv=14 armas=raio_enfraquecedor2,descarga_estelar1,adaga_rapida2 passivas={ "constituicao": 3, "forca": 3, "regeneracao": 2, "pele_de_pedra": 1 } | itens=3 | tempo
sylas;docas;seed 21: sylas | fases=docas | profundidade=0 x1.00 | nv=8 armas=raio_enfraquecedor1,espada_sombria3,marca_da_retidao1 passivas={ "constituicao": 2, "forca": 1 } | itens=1 | tempo
sylas;docas;seed 22: sylas | fases=docas,shedaklah | profundidade=1 x1.25 | nv=24 armas=raio_enfraquecedor4,estocada_mistica3,golpe_esmagador3,descarga_estelar3 passivas={ "forca": 3, "regeneracao": 3, "cota_de_malha": 1, "pele_de_pedra": 3, "alcance": 1 } | itens=4 | tempo
sylas;docas;seed 23: sylas | fases=docas | profundidade=0 x1.00 | nv=17 armas=raio_enfraquecedor4,lamina_trovejante4,vela_sagrada1,raio_de_luz1 passivas={ "regeneracao": 1, "constituicao": 2, "pele_de_pedra": 2, "ganancia": 1, "foco_arcano": 1 } | itens=1 | tempo
sylas;docas;seed 24: sylas | fases=docas | profundidade=0 x1.00 | nv=6 armas=raio_enfraquecedor2,cera_fervente1 passivas={ "cota_de_malha": 3 } | itens=1 | tempo
sylas;docas;seed 25: sylas | fases=docas | profundidade=0 x1.00 | nv=8 armas=raio_enfraquecedor3,lamina_trovejante1 passivas={ "cota_de_malha": 4 } | itens=2 | tempo
sylas;docas;seed 26: sylas | fases=docas | profundidade=0 x1.00 | nv=4 armas=raio_enfraquecedor4 passivas={  } | itens=1 | tempo
sylas;docas;seed 27: sylas | fases=docas | profundidade=0 x1.00 | nv=14 armas=raio_enfraquecedor4,golpe_atordoante1,cera_fervente2 passivas={ "regeneracao": 1, "cota_de_malha": 3, "constituicao": 1, "sorte_de_sendrinah": 1, "robe_arcano": 1 } | itens=1 | tempo
sylas;docas;seed 28: sylas | fases=docas | profundidade=0 x1.00 | nv=10 armas=raio_enfraquecedor2,estocada_mistica2,golpe_esmagador1 passivas={ "cota_de_malha": 1, "forca": 2, "regeneracao": 2 } | itens=2 | tempo
sylas;docas;seed 29: sylas | fases=docas | profundidade=0 x1.00 | nv=17 armas=raio_enfraquecedor4,estocada_mistica4,lamina_trovejante3,vela_sagrada1 passivas={ "carisma": 1, "cota_de_malha": 1, "alcance": 1, "pele_de_pedra": 1, "regeneracao": 1 } | itens=3 | tempo
sylas;docas;seed 30: sylas | fases=docas | profundidade=0 x1.00 | nv=13 armas=raio_enfraquecedor1,vela_sagrada1,espada_sombria3,golpe_esmagador1 passivas={ "foco_arcano": 1, "cota_de_malha": 3, "pele_de_pedra": 1, "sorte_de_sendrinah": 1, "ganancia": 1 } | itens=2 | tempo
kayron;docas;seed 1: kayron | fases=docas | profundidade=0 x1.00 | nv=10 armas=descarga_estelar1,chicote_avarento3,raio_enfraquecedor1,ampulheta1 passivas={ "sabedoria": 1, "alcance": 1, "constituicao": 1, "foco_arcano": 1, "robe_arcano": 2 } | itens=2 | tempo
kayron;docas;seed 2: kayron | fases=docas | profundidade=0 x1.00 | nv=2 armas=descarga_estelar2 passivas={  } | itens=1 | tempo
kayron;docas;seed 3: kayron | fases=docas | profundidade=0 x1.00 | nv=2 armas=descarga_estelar1 passivas={ "cota_de_malha": 1 } | itens=1 | tempo
kayron;docas;seed 4: kayron | fases=docas | profundidade=0 x1.00 | nv=4 armas=descarga_estelar2 passivas={ "regeneracao": 2 } | itens=2 | tempo
kayron;docas;seed 5: kayron | fases=docas | profundidade=0 x1.00 | nv=3 armas=descarga_estelar1,sentenca_de_lliira1,dominar_pessoa1 passivas={  } | itens=1 | tempo
kayron;docas;seed 6: kayron | fases=docas | profundidade=0 x1.00 | nv=1 armas=descarga_estelar1 passivas={  } | itens=1 | tempo
kayron;docas;seed 7: kayron | fases=docas,shedaklah | profundidade=1 x1.25 | nv=6 armas=descarga_estelar1,vela_sagrada2,golpe_atordoante1 passivas={ "pele_de_pedra": 2 } | itens=3 | tempo
kayron;docas;seed 8: kayron | fases=docas | profundidade=0 x1.00 | nv=2 armas=descarga_estelar1 passivas={ "constituicao": 1 } | itens=1 | tempo
kayron;docas;seed 9: kayron | fases=docas | profundidade=0 x1.00 | nv=4 armas=descarga_estelar4 passivas={  } | itens=2 | tempo
kayron;docas;seed 10: kayron | fases=docas | profundidade=0 x1.00 | nv=3 armas=descarga_estelar2 passivas={ "cota_de_malha": 1 } | itens=1 | tempo
kayron;docas;seed 11: kayron | fases=docas | profundidade=0 x1.00 | nv=1 armas=descarga_estelar1 passivas={  } | itens=1 | tempo
kayron;docas;seed 12: kayron | fases=docas | profundidade=0 x1.00 | nv=8 armas=descarga_estelar2,vela_sagrada1,espada_sombria1,adaga_rapida1 passivas={ "ganancia": 1, "cota_de_malha": 1, "robe_arcano": 1 } | itens=3 | tempo
kayron;docas;seed 13: kayron | fases=docas | profundidade=0 x1.00 | nv=6 armas=descarga_estelar2,cera_fervente1,golpe_esmagador1 passivas={ "pele_de_pedra": 1, "foco_arcano": 1 } | itens=1 | tempo
kayron;docas;seed 14: kayron | fases=docas | profundidade=0 x1.00 | nv=11 armas=descarga_estelar2,vela_sagrada3,sentenca_de_lliira2 passivas={ "forca": 1, "foco_arcano": 1, "constituicao": 1, "regeneracao": 1 } | itens=2 | tempo
kayron;docas;seed 15: kayron | fases=docas | profundidade=0 x1.00 | nv=2 armas=descarga_estelar1 passivas={ "forca": 1 } | itens=1 | tempo
kayron;docas;seed 16: kayron | fases=docas | profundidade=0 x1.00 | nv=2 armas=descarga_estelar1,estocada_mistica1 passivas={  } | itens=1 | tempo
kayron;docas;seed 17: kayron | fases=docas | profundidade=0 x1.00 | nv=7 armas=descarga_estelar3,golpe_atordoante1,lamina_trovejante1 passivas={ "regeneracao": 1, "constituicao": 1 } | itens=1 | tempo
kayron;docas;seed 18: kayron | fases=docas | profundidade=0 x1.00 | nv=1 armas=descarga_estelar1 passivas={  } | itens=1 | tempo
kayron;docas;seed 19: kayron | fases=docas | profundidade=0 x1.00 | nv=4 armas=descarga_estelar2,golpe_esmagador1 passivas={ "regeneracao": 1 } | itens=1 | tempo
kayron;docas;seed 20: kayron | fases=docas | profundidade=0 x1.00 | nv=3 armas=descarga_estelar3 passivas={  } | itens=1 | tempo
kayron;docas;seed 21: kayron | fases=docas | profundidade=0 x1.00 | nv=1 armas=descarga_estelar1 passivas={  } | itens=1 | tempo
kayron;docas;seed 22: kayron | fases=docas | profundidade=0 x1.00 | nv=1 armas=descarga_estelar1 passivas={  } | itens=0 | tempo
kayron;docas;seed 23: kayron | fases=docas | profundidade=0 x1.00 | nv=3 armas=descarga_estelar1,estocada_mistica1 passivas={ "cota_de_malha": 1 } | itens=1 | tempo
kayron;docas;seed 24: kayron | fases=docas | profundidade=0 x1.00 | nv=7 armas=descarga_estelar2,golpe_esmagador2,espada_sombria1 passivas={ "forca": 1, "constituicao": 1 } | itens=1 | tempo
kayron;docas;seed 25: kayron | fases=docas | profundidade=0 x1.00 | nv=3 armas=descarga_estelar2,raio_de_luz1 passivas={  } | itens=1 | tempo
kayron;docas;seed 26: kayron | fases=docas | profundidade=0 x1.00 | nv=5 armas=descarga_estelar1,cera_fervente2 passivas={ "constituicao": 1, "regeneracao": 1 } | itens=1 | tempo
kayron;docas;seed 27: kayron | fases=docas | profundidade=0 x1.00 | nv=3 armas=descarga_estelar1 passivas={ "cota_de_malha": 2 } | itens=1 | tempo
kayron;docas;seed 28: kayron | fases=docas | profundidade=0 x1.00 | nv=10 armas=descarga_estelar5,marca_da_retidao1,golpe_esmagador1 passivas={ "pele_de_pedra": 2, "robe_arcano": 1 } | itens=2 | tempo
kayron;docas;seed 29: kayron | fases=docas | profundidade=0 x1.00 | nv=2 armas=descarga_estelar1 passivas={ "pele_de_pedra": 1 } | itens=1 | tempo
kayron;docas;seed 30: kayron | fases=docas | profundidade=0 x1.00 | nv=1 armas=descarga_estelar1 passivas={  } | itens=1 | tempo
korrak;docas;seed 1: korrak | fases=docas,shedaklah | profundidade=1 x1.25 | nv=18 armas=machado_de_xargath3,espada_sombria3,cera_fervente5,descarga_estelar4 passivas={ "pele_de_pedra": 1, "botas_leves": 1, "carisma": 1 } | itens=3 | tempo
korrak;docas;seed 2: korrak | fases=docas | profundidade=0 x1.00 | nv=16 armas=machado_de_xargath3,estocada_mistica1,cera_fervente1,golpe_esmagador1 passivas={ "pele_de_pedra": 4, "constituicao": 1, "forca": 1, "inteligencia": 2, "sorte_de_sendrinah": 2 } | itens=1 | tempo
korrak;docas;seed 3: korrak | fases=docas,shedaklah | profundidade=1 x1.25 | nv=15 armas=machado_de_xargath5 passivas={ "forca": 3, "foco_arcano": 4, "pele_de_pedra": 2, "constituicao": 1 } | itens=2 | tempo
korrak;docas;seed 4: korrak | fases=docas,shedaklah | profundidade=1 x1.25 | nv=15 armas=machado_de_xargath2,sentenca_de_lliira1,descarga_estelar2,golpe_atordoante4 passivas={ "regeneracao": 3, "foco_arcano": 2, "pele_de_pedra": 1 } | itens=2 | tempo
korrak;docas;seed 5: korrak | fases=docas | profundidade=0 x1.00 | nv=12 armas=machado_de_xargath4,dominar_pessoa1,descarga_estelar1 passivas={ "foco_arcano": 1, "constituicao": 1, "pele_de_pedra": 3, "regeneracao": 1 } | itens=1 | tempo
korrak;docas;seed 6: korrak | fases=docas | profundidade=0 x1.00 | nv=15 armas=machado_de_xargath1,golpe_atordoante3,vela_sagrada4,dominar_pessoa1 passivas={ "cota_de_malha": 2, "pele_de_pedra": 1, "botas_leves": 1, "regeneracao": 1, "foco_arcano": 1 } | itens=1 | tempo
korrak;docas;seed 7: korrak | fases=docas,shedaklah | profundidade=1 x1.25 | nv=23 armas=machado_de_xargath5,vela_sagrada4,marca_da_retidao2,tempestade1 passivas={ "constituicao": 1, "cota_de_malha": 1, "botas_leves": 1, "robe_arcano": 1, "regeneracao": 2 } | itens=4 | tempo
korrak;docas;seed 8: korrak | fases=docas | profundidade=0 x1.00 | nv=12 armas=machado_de_xargath1,golpe_esmagador1,raio_enfraquecedor2 passivas={ "pele_de_pedra": 3, "regeneracao": 2, "carisma": 1, "cota_de_malha": 1, "constituicao": 1 } | itens=1 | tempo
korrak;docas;seed 9: korrak | fases=docas | profundidade=0 x1.00 | nv=16 armas=machado_de_xargath5,cera_fervente3,raio_de_luz1,estocada_mistica1 passivas={ "foco_arcano": 1, "carisma": 1, "forca": 1, "ganancia": 1, "cota_de_malha": 2 } | itens=2 | tempo
korrak;docas;seed 10: korrak | fases=docas,shedaklah | profundidade=1 x1.25 | nv=15 armas=machado_de_xargath3,cera_fervente1,descarga_estelar5 passivas={ "forca": 1, "cota_de_malha": 2, "foco_arcano": 1, "regeneracao": 1, "alcance": 1 } | itens=2 | tempo
korrak;docas;seed 11: korrak | fases=docas,shedaklah | profundidade=1 x1.25 | nv=16 armas=machado_de_xargath5,espada_sombria2,raio_enfraquecedor1 passivas={ "regeneracao": 3, "constituicao": 1, "forca": 2, "cota_de_malha": 2 } | itens=4 | tempo
korrak;docas;seed 12: korrak | fases=docas,shedaklah | profundidade=1 x1.25 | nv=18 armas=machado_de_xargath5,adaga_rapida5,golpe_esmagador2 passivas={ "pele_de_pedra": 1, "forca": 3, "regeneracao": 2 } | itens=3 | tempo
korrak;docas;seed 13: korrak | fases=docas | profundidade=0 x1.00 | nv=14 armas=machado_de_xargath1,cera_fervente2,golpe_atordoante1,vela_sagrada3 passivas={ "forca": 3, "foco_arcano": 1, "cota_de_malha": 1, "pele_de_pedra": 1, "sorte_de_sendrinah": 1 } | itens=1 | tempo
korrak;docas;seed 14: korrak | fases=docas | profundidade=0 x1.00 | nv=16 armas=machado_de_xargath4,raio_de_luz3 passivas={ "regeneracao": 3, "foco_arcano": 1, "constituicao": 1, "cota_de_malha": 4 } | itens=2 | tempo
korrak;docas;seed 15: korrak | fases=docas | profundidade=0 x1.00 | nv=17 armas=machado_de_xargath2,cera_fervente5,dominar_pessoa1,lamina_trovejante1 passivas={ "foco_arcano": 2, "regeneracao": 2, "pele_de_pedra": 1, "cota_de_malha": 2, "robe_arcano": 1 } | itens=2 | tempo
korrak;docas;seed 16: korrak | fases=docas | profundidade=0 x1.00 | nv=10 armas=machado_de_xargath2,espada_sombria2 passivas={ "forca": 3, "cota_de_malha": 2, "pele_de_pedra": 1 } | itens=1 | tempo
korrak;docas;seed 17: korrak | fases=docas | profundidade=0 x1.00 | nv=10 armas=machado_de_xargath5 passivas={ "constituicao": 1, "regeneracao": 2, "cota_de_malha": 1, "forca": 1 } | itens=2 | tempo
korrak;docas;seed 18: korrak | fases=docas | profundidade=0 x1.00 | nv=17 armas=machado_de_xargath3,espada_sombria3,colar_dos_tentaculos1,cera_fervente2,lamina_trovejante2 passivas={ "constituicao": 1, "pele_de_pedra": 2, "robe_arcano": 1, "cota_de_malha": 1, "forca": 2 } | itens=3 | tempo
korrak;docas;seed 19: korrak | fases=docas | profundidade=0 x1.00 | nv=15 armas=machado_de_xargath2,vela_sagrada1,espada_sombria1 passivas={ "pele_de_pedra": 2, "cota_de_malha": 1, "forca": 2, "constituicao": 4, "regeneracao": 2 } | itens=1 | tempo
korrak;docas;seed 20: korrak | fases=docas | profundidade=0 x1.00 | nv=14 armas=machado_de_xargath1,cera_fervente1,adaga_rapida1 passivas={ "forca": 2, "regeneracao": 3, "pele_de_pedra": 3, "cota_de_malha": 2, "foco_arcano": 1 } | itens=2 | tempo
korrak;docas;seed 21: korrak | fases=docas | profundidade=0 x1.00 | nv=14 armas=machado_de_xargath2,adaga_rapida1,espada_sombria2 passivas={ "forca": 2, "inteligencia": 2, "regeneracao": 3, "foco_arcano": 1, "cota_de_malha": 1 } | itens=1 | tempo
korrak;docas;seed 22: korrak | fases=docas | profundidade=0 x1.00 | nv=15 armas=machado_de_xargath2,adaga_rapida5,espada_sombria1 passivas={ "regeneracao": 4, "forca": 1, "constituicao": 2 } | itens=3 | tempo
korrak;docas;seed 23: korrak | fases=docas,shedaklah | profundidade=1 x1.25 | nv=13 armas=machado_de_xargath1,espada_sombria2,dominar_pessoa2,marca_da_retidao1 passivas={ "regeneracao": 1, "constituicao": 2, "forca": 2, "pele_de_pedra": 1, "foco_arcano": 1 } | itens=3 | tempo
korrak;docas;seed 24: korrak | fases=docas | profundidade=0 x1.00 | nv=14 armas=machado_de_xargath3,sentenca_de_lliira1,marca_da_retidao2 passivas={ "pele_de_pedra": 2, "botas_leves": 2, "inteligencia": 1, "forca": 2, "robe_arcano": 1 } | itens=2 | tempo
korrak;docas;seed 25: korrak | fases=docas,shedaklah | profundidade=1 x1.25 | nv=12 armas=machado_de_xargath4,descarga_estelar1 passivas={ "regeneracao": 3, "constituicao": 3, "forca": 1 } | itens=2 | tempo
korrak;docas;seed 26: korrak | fases=docas | profundidade=0 x1.00 | nv=15 armas=machado_de_xargath2,cera_fervente2,golpe_esmagador1 passivas={ "pele_de_pedra": 4, "foco_arcano": 2, "cota_de_malha": 2, "regeneracao": 1, "robe_arcano": 1 } | itens=2 | tempo
korrak;docas;seed 27: korrak | fases=docas | profundidade=0 x1.00 | nv=10 armas=machado_de_xargath2,golpe_esmagador2 passivas={ "constituicao": 1, "foco_arcano": 2, "cota_de_malha": 1, "regeneracao": 1, "forca": 1 } | itens=2 | tempo
korrak;docas;seed 28: korrak | fases=docas | profundidade=0 x1.00 | nv=14 armas=machado_de_xargath2,vela_sagrada2 passivas={ "pele_de_pedra": 2, "constituicao": 5, "forca": 1, "cota_de_malha": 2 } | itens=2 | tempo
korrak;docas;seed 29: korrak | fases=docas | profundidade=0 x1.00 | nv=12 armas=machado_de_xargath1,espada_sombria4,cera_fervente2 passivas={ "constituicao": 2, "cota_de_malha": 1, "carisma": 1, "pele_de_pedra": 1 } | itens=1 | tempo
korrak;docas;seed 30: korrak | fases=docas,shedaklah | profundidade=1 x1.25 | nv=17 armas=machado_de_xargath4,vela_sagrada2,estocada_mistica3,cera_fervente1 passivas={ "regeneracao": 2, "botas_leves": 2, "constituicao": 1, "inteligencia": 1, "pele_de_pedra": 1 } | itens=3 | tempo
leoric;docas;seed 1: leoric | fases=docas | profundidade=0 x1.00 | nv=10 armas=sopro_de_estrela3 passivas={ "foco_arcano": 2, "cota_de_malha": 1, "pele_de_pedra": 2, "constituicao": 1, "forca": 1 } | itens=3 | tempo
leoric;docas;seed 2: leoric | fases=docas | profundidade=0 x1.00 | nv=8 armas=sopro_de_estrela1,cera_fervente1,marca_da_retidao1 passivas={ "regeneracao": 1, "botas_leves": 1, "carisma": 1, "cota_de_malha": 1, "pele_de_pedra": 1 } | itens=1 | tempo
leoric;docas;seed 3: leoric | fases=docas | profundidade=0 x1.00 | nv=10 armas=sopro_de_estrela3,raio_de_luz3,sentenca_de_lliira1 passivas={ "pele_de_pedra": 2, "forca": 1 } | itens=1 | tempo
leoric;docas;seed 4: leoric | fases=docas | profundidade=0 x1.00 | nv=2 armas=sopro_de_estrela1 passivas={ "pele_de_pedra": 1 } | itens=1 | tempo
leoric;docas;seed 5: leoric | fases=docas | profundidade=0 x1.00 | nv=9 armas=sopro_de_estrela3,vela_sagrada1,dominar_pessoa2 passivas={ "foco_arcano": 1, "constituicao": 1, "cota_de_malha": 1 } | itens=1 | tempo
leoric;docas;seed 6: leoric | fases=docas | profundidade=0 x1.00 | nv=4 armas=sopro_de_estrela2,espada_sombria1 passivas={ "pele_de_pedra": 1 } | itens=1 | tempo
leoric;docas;seed 7: leoric | fases=docas | profundidade=0 x1.00 | nv=5 armas=sopro_de_estrela2,estocada_mistica1,vela_sagrada1 passivas={ "constituicao": 1 } | itens=1 | tempo
leoric;docas;seed 8: leoric | fases=docas,shedaklah | profundidade=1 x1.25 | nv=14 armas=sopro_de_estrela5,raio_de_luz1,martelo_da_gloria1 passivas={ "constituicao": 3, "pele_de_pedra": 1, "regeneracao": 2, "foco_arcano": 2 } | itens=4 | tempo
leoric;docas;seed 9: leoric | fases=docas | profundidade=0 x1.00 | nv=15 armas=sopro_de_estrela2,sentenca_de_lliira5,estocada_mistica2 passivas={ "regeneracao": 1, "pele_de_pedra": 2, "forca": 1, "botas_leves": 1, "foco_arcano": 1 } | itens=3 | tempo
leoric;docas;seed 10: leoric | fases=docas | profundidade=0 x1.00 | nv=5 armas=sopro_de_estrela1,sentenca_de_lliira1,descarga_estelar1 passivas={ "cota_de_malha": 1, "pele_de_pedra": 1 } | itens=1 | tempo
leoric;docas;seed 11: leoric | fases=docas | profundidade=0 x1.00 | nv=3 armas=sopro_de_estrela1,dominar_pessoa1 passivas={ "regeneracao": 1 } | itens=1 | tempo
leoric;docas;seed 12: leoric | fases=docas | profundidade=0 x1.00 | nv=4 armas=sopro_de_estrela1,adaga_rapida2,dominar_pessoa1 passivas={  } | itens=1 | tempo
leoric;docas;seed 13: leoric | fases=docas | profundidade=0 x1.00 | nv=7 armas=sopro_de_estrela1,estocada_mistica2,adaga_rapida1 passivas={ "foco_arcano": 2, "constituicao": 1 } | itens=1 | tempo
leoric;docas;seed 14: leoric | fases=docas | profundidade=0 x1.00 | nv=2 armas=sopro_de_estrela1 passivas={ "foco_arcano": 1 } | itens=1 | tempo
leoric;docas;seed 15: leoric | fases=docas | profundidade=0 x1.00 | nv=2 armas=sopro_de_estrela1 passivas={ "constituicao": 1 } | itens=1 | tempo
leoric;docas;seed 16: leoric | fases=docas | profundidade=0 x1.00 | nv=2 armas=sopro_de_estrela1 passivas={ "regeneracao": 1 } | itens=1 | tempo
leoric;docas;seed 17: leoric | fases=docas | profundidade=0 x1.00 | nv=1 armas=sopro_de_estrela1 passivas={  } | itens=1 | tempo
leoric;docas;seed 18: leoric | fases=docas,shedaklah | profundidade=1 x1.25 | nv=11 armas=sopro_de_estrela1,adaga_rapida2,golpe_atordoante1 passivas={ "cota_de_malha": 2, "regeneracao": 1, "foco_arcano": 3, "pele_de_pedra": 1 } | itens=4 | tempo
leoric;docas;seed 19: leoric | fases=docas,shedaklah | profundidade=1 x1.25 | nv=13 armas=sopro_de_estrela1,descarga_estelar3,marca_da_retidao3,adaga_rapida3 passivas={ "regeneracao": 1, "robe_arcano": 1, "forca": 1 } | itens=3 | tempo
leoric;docas;seed 20: leoric | fases=docas | profundidade=0 x1.00 | nv=2 armas=sopro_de_estrela1 passivas={ "regeneracao": 1 } | itens=1 | tempo
leoric;docas;seed 21: leoric | fases=docas | profundidade=0 x1.00 | nv=3 armas=sopro_de_estrela1 passivas={ "pele_de_pedra": 1, "constituicao": 1 } | itens=1 | tempo
leoric;docas;seed 22: leoric | fases=docas | profundidade=0 x1.00 | nv=5 armas=sopro_de_estrela4 passivas={ "constituicao": 1 } | itens=1 | tempo
leoric;docas;seed 23: leoric | fases=docas | profundidade=0 x1.00 | nv=5 armas=sopro_de_estrela3,descarga_estelar1,sentenca_de_lliira1 passivas={  } | itens=1 | tempo
leoric;docas;seed 24: leoric | fases=docas | profundidade=0 x1.00 | nv=10 armas=sopro_de_estrela2,raio_de_luz2,vela_sagrada1 passivas={ "constituicao": 2, "cota_de_malha": 2, "pele_de_pedra": 1 } | itens=1 | tempo
leoric;docas;seed 25: leoric | fases=docas | profundidade=0 x1.00 | nv=3 armas=sopro_de_estrela1 passivas={ "foco_arcano": 1, "cota_de_malha": 1 } | itens=1 | tempo
leoric;docas;seed 26: leoric | fases=docas | profundidade=0 x1.00 | nv=3 armas=sopro_de_estrela2 passivas={ "pele_de_pedra": 1 } | itens=1 | tempo
leoric;docas;seed 27: leoric | fases=docas | profundidade=0 x1.00 | nv=1 armas=sopro_de_estrela1 passivas={  } | itens=1 | tempo
leoric;docas;seed 28: leoric | fases=docas | profundidade=0 x1.00 | nv=3 armas=sopro_de_estrela3 passivas={  } | itens=1 | tempo
leoric;docas;seed 29: leoric | fases=docas,shedaklah | profundidade=1 x1.25 | nv=13 armas=sopro_de_estrela1,sentenca_de_lliira1,estocada_mistica3,raio_enfraquecedor1 passivas={ "cota_de_malha": 3, "pele_de_pedra": 1, "constituicao": 1, "forca": 1, "alcance": 1 } | itens=3 | tempo
leoric;docas;seed 30: leoric | fases=docas | profundidade=0 x1.00 | nv=4 armas=sopro_de_estrela1 passivas={ "constituicao": 3 } | itens=1 | tempo
nyrelia;docas;seed 1: nyrelia | fases=docas | profundidade=0 x1.00 | nv=2 armas=dominar_pessoa1,descarga_estelar1 passivas={  } | itens=1 | tempo
nyrelia;docas;seed 2: nyrelia | fases=docas | profundidade=0 x1.00 | nv=3 armas=dominar_pessoa1,estocada_mistica1 passivas={ "forca": 1 } | itens=1 | tempo
nyrelia;docas;seed 3: nyrelia | fases=docas | profundidade=0 x1.00 | nv=1 armas=dominar_pessoa1 passivas={  } | itens=1 | tempo
nyrelia;docas;seed 4: nyrelia | fases=docas | profundidade=0 x1.00 | nv=8 armas=dominar_pessoa4,cera_fervente3 passivas={ "constituicao": 1 } | itens=1 | tempo
nyrelia;docas;seed 5: nyrelia | fases=docas | profundidade=0 x1.00 | nv=1 armas=dominar_pessoa1 passivas={  } | itens=1 | tempo
nyrelia;docas;seed 6: nyrelia | fases=docas | profundidade=0 x1.00 | nv=1 armas=dominar_pessoa1 passivas={  } | itens=1 | tempo
nyrelia;docas;seed 7: nyrelia | fases=docas | profundidade=0 x1.00 | nv=3 armas=dominar_pessoa1,adaga_rapida1 passivas={ "constituicao": 1 } | itens=1 | tempo
nyrelia;docas;seed 8: nyrelia | fases=docas,shedaklah | profundidade=1 x1.25 | nv=7 armas=dominar_pessoa1,golpe_atordoante1,raio_de_luz1 passivas={ "cota_de_malha": 3, "regeneracao": 1 } | itens=3 | tempo
nyrelia;docas;seed 9: nyrelia | fases=docas | profundidade=0 x1.00 | nv=1 armas=dominar_pessoa1 passivas={  } | itens=1 | tempo
nyrelia;docas;seed 10: nyrelia | fases=docas | profundidade=0 x1.00 | nv=1 armas=dominar_pessoa1 passivas={  } | itens=0 | tempo
nyrelia;docas;seed 11: nyrelia | fases=docas | profundidade=0 x1.00 | nv=6 armas=dominar_pessoa1,descarga_estelar2 passivas={ "foco_arcano": 1, "cota_de_malha": 1, "regeneracao": 1 } | itens=1 | tempo
nyrelia;docas;seed 12: nyrelia | fases=docas | profundidade=0 x1.00 | nv=3 armas=dominar_pessoa3 passivas={  } | itens=1 | tempo
nyrelia;docas;seed 13: nyrelia | fases=docas | profundidade=0 x1.00 | nv=3 armas=dominar_pessoa2 passivas={ "cota_de_malha": 1 } | itens=1 | tempo
nyrelia;docas;seed 14: nyrelia | fases=docas | profundidade=0 x1.00 | nv=3 armas=dominar_pessoa1,vela_sagrada1 passivas={ "cota_de_malha": 1 } | itens=1 | tempo
nyrelia;docas;seed 15: nyrelia | fases=docas | profundidade=0 x1.00 | nv=1 armas=dominar_pessoa1 passivas={  } | itens=1 | tempo
nyrelia;docas;seed 16: nyrelia | fases=docas | profundidade=0 x1.00 | nv=5 armas=dominar_pessoa2 passivas={ "foco_arcano": 3 } | itens=2 | tempo
nyrelia;docas;seed 17: nyrelia | fases=docas | profundidade=0 x1.00 | nv=2 armas=dominar_pessoa2 passivas={  } | itens=1 | tempo
nyrelia;docas;seed 18: nyrelia | fases=docas | profundidade=0 x1.00 | nv=1 armas=dominar_pessoa1 passivas={  } | itens=1 | tempo
nyrelia;docas;seed 19: nyrelia | fases=docas | profundidade=0 x1.00 | nv=1 armas=dominar_pessoa1 passivas={  } | itens=1 | tempo
nyrelia;docas;seed 20: nyrelia | fases=docas | profundidade=0 x1.00 | nv=3 armas=dominar_pessoa1 passivas={ "regeneracao": 2 } | itens=1 | tempo
nyrelia;docas;seed 21: nyrelia | fases=docas | profundidade=0 x1.00 | nv=2 armas=dominar_pessoa1 passivas={ "pele_de_pedra": 1 } | itens=1 | tempo
nyrelia;docas;seed 22: nyrelia | fases=docas | profundidade=0 x1.00 | nv=1 armas=dominar_pessoa1 passivas={  } | itens=1 | tempo
nyrelia;docas;seed 23: nyrelia | fases=docas | profundidade=0 x1.00 | nv=1 armas=dominar_pessoa1 passivas={  } | itens=1 | tempo
nyrelia;docas;seed 24: nyrelia | fases=docas | profundidade=0 x1.00 | nv=1 armas=dominar_pessoa1 passivas={  } | itens=1 | tempo
nyrelia;docas;seed 25: nyrelia | fases=docas | profundidade=0 x1.00 | nv=1 armas=dominar_pessoa1 passivas={  } | itens=1 | tempo
nyrelia;docas;seed 26: nyrelia | fases=docas | profundidade=0 x1.00 | nv=1 armas=dominar_pessoa1 passivas={  } | itens=1 | tempo
nyrelia;docas;seed 27: nyrelia | fases=docas | profundidade=0 x1.00 | nv=4 armas=dominar_pessoa1 passivas={ "foco_arcano": 1, "pele_de_pedra": 2 } | itens=1 | tempo
nyrelia;docas;seed 28: nyrelia | fases=docas | profundidade=0 x1.00 | nv=3 armas=dominar_pessoa1,sentenca_de_lliira1 passivas={ "regeneracao": 1 } | itens=3 | tempo
nyrelia;docas;seed 29: nyrelia | fases=docas | profundidade=0 x1.00 | nv=2 armas=dominar_pessoa1,lamina_da_digestao1 passivas={ "forca": 1 } | itens=1 | tempo
nyrelia;docas;seed 30: nyrelia | fases=docas | profundidade=0 x1.00 | nv=2 armas=dominar_pessoa1 passivas={ "regeneracao": 1 } | itens=2 | tempo
zynara;docas;seed 1: zynara | fases=docas | profundidade=0 x1.00 | nv=5 armas=ampulheta2,chicote_avarento1,raio_enfraquecedor1 passivas={ "regeneracao": 1, "cota_de_malha": 1 } | itens=1 | tempo
zynara;docas;seed 2: zynara | fases=docas | profundidade=0 x1.00 | nv=4 armas=ampulheta1 passivas={ "forca": 1, "pele_de_pedra": 2 } | itens=1 | tempo
zynara;docas;seed 3: zynara | fases=docas | profundidade=0 x1.00 | nv=1 armas=ampulheta1 passivas={  } | itens=1 | tempo
zynara;docas;seed 4: zynara | fases=docas | profundidade=0 x1.00 | nv=3 armas=ampulheta2,golpe_atordoante1 passivas={  } | itens=1 | tempo
zynara;docas;seed 5: zynara | fases=docas | profundidade=0 x1.00 | nv=2 armas=ampulheta1 passivas={ "foco_arcano": 1 } | itens=1 | tempo
zynara;docas;seed 6: zynara | fases=docas | profundidade=0 x1.00 | nv=6 armas=ampulheta2 passivas={ "cota_de_malha": 2, "regeneracao": 1, "pele_de_pedra": 1 } | itens=1 | tempo
zynara;docas;seed 7: zynara | fases=docas | profundidade=0 x1.00 | nv=3 armas=ampulheta2 passivas={ "regeneracao": 1 } | itens=1 | tempo
zynara;docas;seed 8: zynara | fases=docas | profundidade=0 x1.00 | nv=1 armas=ampulheta1 passivas={  } | itens=0 | tempo
zynara;docas;seed 9: zynara | fases=docas | profundidade=0 x1.00 | nv=1 armas=ampulheta1 passivas={  } | itens=1 | tempo
zynara;docas;seed 10: zynara | fases=docas | profundidade=0 x1.00 | nv=2 armas=ampulheta2 passivas={  } | itens=1 | tempo
zynara;docas;seed 11: zynara | fases=docas | profundidade=0 x1.00 | nv=9 armas=ampulheta1,dominar_pessoa1 passivas={ "pele_de_pedra": 2, "regeneracao": 2, "forca": 1, "constituicao": 2 } | itens=3 | tempo
zynara;docas;seed 12: zynara | fases=docas | profundidade=0 x1.00 | nv=3 armas=ampulheta2 passivas={ "constituicao": 1 } | itens=1 | tempo
zynara;docas;seed 13: zynara | fases=docas | profundidade=0 x1.00 | nv=3 armas=ampulheta2 passivas={ "regeneracao": 1 } | itens=1 | tempo
zynara;docas;seed 14: zynara | fases=docas | profundidade=0 x1.00 | nv=4 armas=ampulheta1,golpe_esmagador1,cera_fervente1 passivas={ "forca": 1 } | itens=1 | tempo
zynara;docas;seed 15: zynara | fases=docas | profundidade=0 x1.00 | nv=4 armas=ampulheta3,raio_enfraquecedor1 passivas={  } | itens=2 | tempo
zynara;docas;seed 16: zynara | fases=docas | profundidade=0 x1.00 | nv=6 armas=ampulheta5,lamina_trovejante1 passivas={  } | itens=2 | tempo
zynara;docas;seed 17: zynara | fases=docas,shedaklah | profundidade=1 x1.25 | nv=8 armas=ampulheta3,golpe_esmagador2,vela_sagrada1,chicote_avarento1 passivas={ "cota_de_malha": 1, "pele_de_pedra": 1 } | itens=3 | tempo
zynara;docas;seed 18: zynara | fases=docas | profundidade=0 x1.00 | nv=3 armas=ampulheta2,chicote_avarento1 passivas={ "regeneracao": 1 } | itens=2 | tempo
zynara;docas;seed 19: zynara | fases=docas | profundidade=0 x1.00 | nv=2 armas=ampulheta1 passivas={ "regeneracao": 1 } | itens=1 | tempo
zynara;docas;seed 20: zynara | fases=docas | profundidade=0 x1.00 | nv=13 armas=ampulheta5,cera_fervente3,lamina_trovejante4 passivas={ "constituicao": 1 } | itens=1 | tempo
zynara;docas;seed 21: zynara | fases=docas | profundidade=0 x1.00 | nv=2 armas=ampulheta2 passivas={  } | itens=2 | tempo
zynara;docas;seed 22: zynara | fases=docas | profundidade=0 x1.00 | nv=1 armas=ampulheta1 passivas={  } | itens=0 | tempo
zynara;docas;seed 23: zynara | fases=docas | profundidade=0 x1.00 | nv=1 armas=ampulheta1 passivas={  } | itens=1 | tempo
zynara;docas;seed 24: zynara | fases=docas | profundidade=0 x1.00 | nv=6 armas=ampulheta2,dominar_pessoa1 passivas={ "pele_de_pedra": 1, "cota_de_malha": 1, "regeneracao": 1 } | itens=2 | tempo
zynara;docas;seed 25: zynara | fases=docas | profundidade=0 x1.00 | nv=3 armas=ampulheta1,dominar_pessoa1 passivas={ "forca": 1 } | itens=1 | tempo
zynara;docas;seed 26: zynara | fases=docas | profundidade=0 x1.00 | nv=3 armas=ampulheta1 passivas={ "forca": 1, "foco_arcano": 1 } | itens=1 | tempo
zynara;docas;seed 27: zynara | fases=docas | profundidade=0 x1.00 | nv=2 armas=ampulheta1 passivas={ "cota_de_malha": 1 } | itens=1 | tempo
zynara;docas;seed 28: zynara | fases=docas | profundidade=0 x1.00 | nv=7 armas=ampulheta1,cera_fervente1,raio_de_luz1 passivas={ "constituicao": 1, "pele_de_pedra": 1, "sorte_de_sendrinah": 2 } | itens=1 | tempo
zynara;docas;seed 29: zynara | fases=docas | profundidade=0 x1.00 | nv=1 armas=ampulheta1 passivas={  } | itens=1 | tempo
zynara;docas;seed 30: zynara | fases=docas | profundidade=0 x1.00 | nv=3 armas=ampulheta1,golpe_esmagador1 passivas={ "cota_de_malha": 1 } | itens=1 | tempo
bromnor;docas;seed 1: bromnor | fases=docas | profundidade=0 x1.00 | nv=11 armas=martelo_da_gloria3,chicote_avarento2,vela_sagrada2 passivas={ "forca": 3, "carisma": 1, "constituicao": 1 } | itens=1 | tempo
bromnor;docas;seed 2: bromnor | fases=docas,shedaklah | profundidade=1 x1.25 | nv=12 armas=martelo_da_gloria2,vela_sagrada3,lamina_trovejante1 passivas={ "cota_de_malha": 1, "constituicao": 2, "foco_arcano": 1, "robe_arcano": 1, "sabedoria": 1 } | itens=3 | tempo
bromnor;docas;seed 3: bromnor | fases=docas | profundidade=0 x1.00 | nv=10 armas=martelo_da_gloria1,espada_sombria3,adaga_rapida1 passivas={ "forca": 3, "alcance": 1, "pele_de_pedra": 1 } | itens=2 | tempo
bromnor;docas;seed 4: bromnor | fases=docas,shedaklah | profundidade=1 x1.25 | nv=8 armas=martelo_da_gloria1,golpe_atordoante3,sentenca_de_lliira1 passivas={ "foco_arcano": 2, "cota_de_malha": 1 } | itens=3 | tempo
bromnor;docas;seed 5: bromnor | fases=docas | profundidade=0 x1.00 | nv=6 armas=martelo_da_gloria2,raio_enfraquecedor1 passivas={ "cota_de_malha": 1, "pele_de_pedra": 1, "constituicao": 1 } | itens=1 | tempo
bromnor;docas;seed 6: bromnor | fases=docas | profundidade=0 x1.00 | nv=1 armas=martelo_da_gloria1 passivas={  } | itens=1 | tempo
bromnor;docas;seed 7: bromnor | fases=docas | profundidade=0 x1.00 | nv=11 armas=martelo_da_gloria3,raio_de_luz3,marca_da_retidao4,adaga_rapida1 passivas={  } | itens=2 | tempo
bromnor;docas;seed 8: bromnor | fases=docas | profundidade=0 x1.00 | nv=6 armas=martelo_da_gloria1,golpe_esmagador1 passivas={ "pele_de_pedra": 1, "regeneracao": 1, "forca": 2 } | itens=3 | tempo
bromnor;docas;seed 9: bromnor | fases=docas | profundidade=0 x1.00 | nv=9 armas=martelo_da_gloria5,descarga_estelar1,lamina_trovejante1 passivas={ "sabedoria": 1, "ganancia": 1 } | itens=2 | tempo
bromnor;docas;seed 10: bromnor | fases=docas | profundidade=0 x1.00 | nv=7 armas=martelo_da_gloria4,vela_sagrada1 passivas={ "forca": 1, "constituicao": 1 } | itens=2 | tempo
bromnor;docas;seed 11: bromnor | fases=docas | profundidade=0 x1.00 | nv=9 armas=martelo_da_gloria2,vela_sagrada3 passivas={ "forca": 3, "foco_arcano": 1 } | itens=1 | tempo
bromnor;docas;seed 12: bromnor | fases=docas | profundidade=0 x1.00 | nv=10 armas=martelo_da_gloria1,sentenca_de_lliira1 passivas={ "cota_de_malha": 2, "foco_arcano": 3, "regeneracao": 1, "forca": 2 } | itens=3 | tempo
bromnor;docas;seed 13: bromnor | fases=docas | profundidade=0 x1.00 | nv=7 armas=martelo_da_gloria2,descarga_estelar1 passivas={ "forca": 2, "cota_de_malha": 2 } | itens=3 | tempo
bromnor;docas;seed 14: bromnor | fases=docas,shedaklah | profundidade=1 x1.25 | nv=8 armas=martelo_da_gloria2,dominar_pessoa1,adaga_rapida1 passivas={ "regeneracao": 1, "pele_de_pedra": 2, "sabedoria": 1 } | itens=3 | tempo
bromnor;docas;seed 15: bromnor | fases=docas | profundidade=0 x1.00 | nv=7 armas=martelo_da_gloria3,espada_sombria1,marca_da_retidao1 passivas={ "forca": 1, "alcance": 1 } | itens=2 | tempo
bromnor;docas;seed 16: bromnor | fases=docas | profundidade=0 x1.00 | nv=9 armas=martelo_da_gloria2,lamina_trovejante1,marca_da_retidao1 passivas={ "pele_de_pedra": 2, "constituicao": 2, "cota_de_malha": 1 } | itens=2 | tempo
bromnor;docas;seed 17: bromnor | fases=docas | profundidade=0 x1.00 | nv=11 armas=martelo_da_gloria2,sentenca_de_lliira2,golpe_esmagador2,dominar_pessoa3 passivas={ "pele_de_pedra": 1, "regeneracao": 1 } | itens=3 | tempo
bromnor;docas;seed 18: bromnor | fases=docas | profundidade=0 x1.00 | nv=3 armas=martelo_da_gloria2,estocada_mistica1 passivas={  } | itens=1 | tempo
bromnor;docas;seed 19: bromnor | fases=docas | profundidade=0 x1.00 | nv=9 armas=martelo_da_gloria1,golpe_esmagador1,vela_sagrada1 passivas={ "constituicao": 2, "forca": 2, "pele_de_pedra": 2 } | itens=1 | tempo
bromnor;docas;seed 20: bromnor | fases=docas | profundidade=0 x1.00 | nv=9 armas=martelo_da_gloria3,colar_dos_tentaculos2,espada_sombria1 passivas={ "constituicao": 1, "pele_de_pedra": 1, "robe_arcano": 1, "botas_leves": 1 } | itens=3 | tempo
bromnor;docas;seed 21: bromnor | fases=docas | profundidade=0 x1.00 | nv=10 armas=martelo_da_gloria1,descarga_estelar1,raio_enfraquecedor1 passivas={ "constituicao": 2, "pele_de_pedra": 1, "foco_arcano": 2, "regeneracao": 1, "sorte_de_sendrinah": 1 } | itens=1 | tempo
bromnor;docas;seed 22: bromnor | fases=docas | profundidade=0 x1.00 | nv=7 armas=martelo_da_gloria1,cera_fervente2,ampulheta1 passivas={ "forca": 1, "constituicao": 1, "pele_de_pedra": 1, "foco_arcano": 1 } | itens=2 | tempo
bromnor;docas;seed 23: bromnor | fases=docas,shedaklah | profundidade=1 x1.25 | nv=8 armas=martelo_da_gloria2,adaga_rapida1 passivas={ "constituicao": 3, "regeneracao": 1, "pele_de_pedra": 1 } | itens=3 | tempo
bromnor;docas;seed 24: bromnor | fases=docas | profundidade=0 x1.00 | nv=6 armas=martelo_da_gloria3 passivas={ "forca": 3 } | itens=2 | tempo
bromnor;docas;seed 25: bromnor | fases=docas | profundidade=0 x1.00 | nv=16 armas=martelo_da_gloria3,cera_fervente3,golpe_esmagador2,estocada_mistica1 passivas={ "pele_de_pedra": 1, "constituicao": 2, "regeneracao": 2, "botas_leves": 1, "ganancia": 1 } | itens=1 | tempo
bromnor;docas;seed 26: bromnor | fases=docas | profundidade=0 x1.00 | nv=6 armas=martelo_da_gloria1,adaga_rapida2,sentenca_de_lliira1 passivas={ "forca": 1, "robe_arcano": 1 } | itens=1 | tempo
bromnor;docas;seed 27: bromnor | fases=docas,shedaklah | profundidade=1 x1.25 | nv=12 armas=martelo_da_gloria2,adaga_rapida4,espada_sombria1,lamina_da_digestao1 passivas={ "regeneracao": 1, "forca": 1, "sabedoria": 1, "pele_de_pedra": 2 } | itens=3 | tempo
bromnor;docas;seed 28: bromnor | fases=docas,shedaklah | profundidade=1 x1.25 | nv=9 armas=martelo_da_gloria1,dominar_pessoa1 passivas={ "foco_arcano": 4, "regeneracao": 1, "pele_de_pedra": 1, "constituicao": 1 } | itens=2 | tempo
bromnor;docas;seed 29: bromnor | fases=docas | profundidade=0 x1.00 | nv=7 armas=martelo_da_gloria1,vela_sagrada2 passivas={ "regeneracao": 2, "cota_de_malha": 1, "constituicao": 1 } | itens=2 | tempo
bromnor;docas;seed 30: bromnor | fases=docas | profundidade=0 x1.00 | nv=13 armas=martelo_da_gloria2 passivas={ "foco_arcano": 5, "pele_de_pedra": 1, "regeneracao": 2, "cota_de_malha": 2, "constituicao": 1 } | itens=4 | tempo
