CSV;m0;ghaunadaur_fome;bromnor;1;dagruve;1;12;709;1;132;passou
CSV;m0;ghaunadaur_fome;bromnor;1;docas;12;14;443;65;104;passou
CSV;m0;ghaunadaur_fome;bromnor;1;shedaklah;14;15;340;0;85;morreu
KIND;m0;ghaunadaur_fome;bromnor;1;0;0;0
CSV;m0;ghaunadaur_fome;bromnor;2;dagruve;1;14;2084;15;503;passou
CSV;m0;ghaunadaur_fome;bromnor;2;docas;14;16;507;14;112;passou
CSV;m0;ghaunadaur_fome;bromnor;2;shedaklah;16;17;458;0;173;morreu
KIND;m0;ghaunadaur_fome;bromnor;2;0;0;0
CSV;m0;ghaunadaur_fome;bromnor;3;dagruve;1;12;1645;61;185;passou
CSV;m0;ghaunadaur_fome;bromnor;3;docas;12;14;580;73;82;passou
CSV;m0;ghaunadaur_fome;bromnor;3;shedaklah;14;17;1023;0;357;morreu
KIND;m0;ghaunadaur_fome;bromnor;3;0;0;0
CSV;m0;ghaunadaur_fome;bromnor;4;dagruve;1;13;1517;29;192;passou
CSV;m0;ghaunadaur_fome;bromnor;4;docas;13;16;502;28;183;passou
CSV;m0;ghaunadaur_fome;bromnor;4;shedaklah;16;24;1285;0;993;morreu
KIND;m0;ghaunadaur_fome;bromnor;4;0;0;0
CSV;m0;ghaunadaur_fome;bromnor;5;dagruve;1;10;504;38;85;passou
CSV;m0;ghaunadaur_fome;bromnor;5;docas;10;17;398;78;66;passou
CSV;m0;ghaunadaur_fome;bromnor;5;shedaklah;17;22;599;0;238;morreu
KIND;m0;ghaunadaur_fome;bromnor;5;0;0;0
CSV;m0;ghaunadaur_fome;bromnor;6;dagruve;1;13;2245;19;387;passou
CSV;m0;ghaunadaur_fome;bromnor;6;docas;13;15;784;32;195;passou
CSV;m0;ghaunadaur_fome;bromnor;6;shedaklah;15;17;1198;0;234;morreu
KIND;m0;ghaunadaur_fome;bromnor;6;0;0;0
CSV;m1;ghaunadaur_fome;bromnor;1;dagruve;1;12;1449;54;240;passou
CSV;m1;ghaunadaur_fome;bromnor;1;docas;12;16;434;70;87;passou
CSV;m1;ghaunadaur_fome;bromnor;1;shedaklah;16;25;1531;12;1526;passou
CSV;m1;ghaunadaur_fome;bromnor;1;molor;25;28;1612;5;723;morreu
KIND;m1;ghaunadaur_fome;bromnor;1;0;0;0
CSV;m1;ghaunadaur_fome;bromnor;2;dagruve;1;12;868;74;129;passou
CSV;m1;ghaunadaur_fome;bromnor;2;docas;12;16;578;38;204;passou
CSV;m1;ghaunadaur_fome;bromnor;2;shedaklah;16;19;713;0;398;morreu
KIND;m1;ghaunadaur_fome;bromnor;2;0;0;0
CSV;m1;ghaunadaur_fome;bromnor;3;dagruve;1;12;736;59;100;passou
CSV;m1;ghaunadaur_fome;bromnor;3;docas;12;16;623;68;104;passou
CSV;m1;ghaunadaur_fome;bromnor;3;shedaklah;16;19;905;0;328;morreu
KIND;m1;ghaunadaur_fome;bromnor;3;0;0;0
CSV;m1;ghaunadaur_fome;bromnor;4;dagruve;1;10;571;64;81;passou
CSV;m1;ghaunadaur_fome;bromnor;4;docas;10;14;554;70;121;passou
CSV;m1;ghaunadaur_fome;bromnor;4;shedaklah;14;15;448;0;110;morreu
KIND;m1;ghaunadaur_fome;bromnor;4;0;0;0
CSV;m1;ghaunadaur_fome;bromnor;5;dagruve;1;12;1607;70;243;passou
CSV;m1;ghaunadaur_fome;bromnor;5;docas;12;15;447;73;96;passou
CSV;m1;ghaunadaur_fome;bromnor;5;shedaklah;15;19;3162;0;954;morreu
KIND;m1;ghaunadaur_fome;bromnor;5;0;0;0
CSV;m1;ghaunadaur_fome;bromnor;6;dagruve;1;9;706;59;98;passou
CSV;m1;ghaunadaur_fome;bromnor;6;docas;9;14;471;33;118;passou
CSV;m1;ghaunadaur_fome;bromnor;6;shedaklah;14;19;565;0;258;morreu
KIND;m1;ghaunadaur_fome;bromnor;6;0;0;0
CSV;m0;ghaunadaur_fome;brook;1;dagruve;1;2;45;0;36;morreu
KIND;m0;ghaunadaur_fome;brook;1;0;0;0
CSV;m0;ghaunadaur_fome;brook;2;dagruve;1;10;629;37;102;passou
CSV;m0;ghaunadaur_fome;brook;2;docas;10;15;527;13;117;passou
CSV;m0;ghaunadaur_fome;brook;2;shedaklah;15;17;498;0;246;morreu
KIND;m0;ghaunadaur_fome;brook;2;0;0;0
CSV;m0;ghaunadaur_fome;brook;3;dagruve;1;11;1351;5;256;passou
CSV;m0;ghaunadaur_fome;brook;3;docas;11;14;890;0;228;morreu
KIND;m0;ghaunadaur_fome;brook;3;0;0;0
CSV;m0;ghaunadaur_fome;brook;4;dagruve;1;1;46;0;28;morreu
KIND;m0;ghaunadaur_fome;brook;4;0;0;0
CSV;m0;ghaunadaur_fome;brook;5;dagruve;1;2;53;0;37;morreu
KIND;m0;ghaunadaur_fome;brook;5;0;0;0
CSV;m0;ghaunadaur_fome;brook;6;dagruve;1;10;1736;13;407;passou
CSV;m0;ghaunadaur_fome;brook;6;docas;10;10;157;0;58;morreu
KIND;m0;ghaunadaur_fome;brook;6;0;0;0
CSV;m1;ghaunadaur_fome;brook;1;dagruve;1;11;579;60;58;passou
CSV;m1;ghaunadaur_fome;brook;1;docas;11;14;655;35;181;passou
CSV;m1;ghaunadaur_fome;brook;1;shedaklah;14;15;246;0;97;morreu
KIND;m1;ghaunadaur_fome;brook;1;0;0;0
CSV;m1;ghaunadaur_fome;brook;2;dagruve;1;12;883;60;170;passou
CSV;m1;ghaunadaur_fome;brook;2;docas;12;16;518;8;266;passou
CSV;m1;ghaunadaur_fome;brook;2;shedaklah;16;16;92;0;59;morreu
KIND;m1;ghaunadaur_fome;brook;2;0;0;0
CSV;m1;ghaunadaur_fome;brook;3;dagruve;1;11;1547;48;195;passou
CSV;m1;ghaunadaur_fome;brook;3;docas;11;13;349;0;96;morreu
KIND;m1;ghaunadaur_fome;brook;3;0;0;0
CSV;m1;ghaunadaur_fome;brook;4;dagruve;1;12;2179;5;447;passou
CSV;m1;ghaunadaur_fome;brook;4;docas;12;15;373;56;104;passou
CSV;m1;ghaunadaur_fome;brook;4;shedaklah;15;20;605;0;324;morreu
KIND;m1;ghaunadaur_fome;brook;4;0;0;0
CSV;m1;ghaunadaur_fome;brook;5;dagruve;1;2;229;0;44;morreu
KIND;m1;ghaunadaur_fome;brook;5;0;0;0
CSV;m1;ghaunadaur_fome;brook;6;dagruve;1;12;1647;33;415;passou
CSV;m1;ghaunadaur_fome;brook;6;docas;12;13;407;0;87;morreu
KIND;m1;ghaunadaur_fome;brook;6;0;0;0
CSV;m0;ghaunadaur_fome;durvall;1;dagruve;1;3;73;0;29;morreu
KIND;m0;ghaunadaur_fome;durvall;1;0;0;0
CSV;m0;ghaunadaur_fome;durvall;2;dagruve;1;9;805;0;169;morreu
KIND;m0;ghaunadaur_fome;durvall;2;0;0;0
CSV;m0;ghaunadaur_fome;durvall;3;dagruve;1;2;106;0;33;morreu
KIND;m0;ghaunadaur_fome;durvall;3;0;0;0
CSV;m0;ghaunadaur_fome;durvall;4;dagruve;1;7;589;0;188;morreu
KIND;m0;ghaunadaur_fome;durvall;4;0;0;0
CSV;m0;ghaunadaur_fome;durvall;5;dagruve;1;2;97;0;39;morreu
KIND;m0;ghaunadaur_fome;durvall;5;0;0;0
CSV;m0;ghaunadaur_fome;durvall;6;dagruve;1;3;93;0;38;morreu
KIND;m0;ghaunadaur_fome;durvall;6;0;0;0
CSV;m1;ghaunadaur_fome;durvall;1;dagruve;1;4;62;0;53;morreu
KIND;m1;ghaunadaur_fome;durvall;1;0;0;0
CSV;m1;ghaunadaur_fome;durvall;2;dagruve;1;8;762;0;193;morreu
KIND;m1;ghaunadaur_fome;durvall;2;0;0;0
CSV;m1;ghaunadaur_fome;durvall;3;dagruve;1;13;2326;21;522;passou
CSV;m1;ghaunadaur_fome;durvall;3;docas;13;15;706;28;173;passou
CSV;m1;ghaunadaur_fome;durvall;3;shedaklah;15;16;929;0;343;morreu
KIND;m1;ghaunadaur_fome;durvall;3;0;0;0
CSV;m1;ghaunadaur_fome;durvall;4;dagruve;1;4;325;0;94;morreu
KIND;m1;ghaunadaur_fome;durvall;4;0;0;0
CSV;m1;ghaunadaur_fome;durvall;5;dagruve;1;8;561;26;200;passou
CSV;m1;ghaunadaur_fome;durvall;5;docas;8;10;105;0;132;morreu
KIND;m1;ghaunadaur_fome;durvall;5;0;0;0
CSV;m1;ghaunadaur_fome;durvall;6;dagruve;1;5;124;0;61;morreu
KIND;m1;ghaunadaur_fome;durvall;6;0;0;0
CSV;m0;ghaunadaur_fome;kayron;1;dagruve;1;11;407;50;111;passou
CSV;m0;ghaunadaur_fome;kayron;1;docas;11;17;333;66;143;passou
CSV;m0;ghaunadaur_fome;kayron;1;shedaklah;17;25;573;50;248;passou
CSV;m0;ghaunadaur_fome;kayron;1;molor;25;31;705;48;543;passou
KIND;m0;ghaunadaur_fome;kayron;1;0;0;0
CSV;m0;ghaunadaur_fome;kayron;2;dagruve;1;2;51;0;37;morreu
KIND;m0;ghaunadaur_fome;kayron;2;0;0;0
CSV;m0;ghaunadaur_fome;kayron;3;dagruve;1;2;54;0;35;morreu
KIND;m0;ghaunadaur_fome;kayron;3;0;0;0
CSV;m0;ghaunadaur_fome;kayron;4;dagruve;1;11;605;54;131;passou
CSV;m0;ghaunadaur_fome;kayron;4;docas;11;11;57;0;52;morreu
KIND;m0;ghaunadaur_fome;kayron;4;0;0;0
CSV;m0;ghaunadaur_fome;kayron;5;dagruve;1;9;329;69;31;passou
CSV;m0;ghaunadaur_fome;kayron;5;docas;9;16;334;47;101;passou
CSV;m0;ghaunadaur_fome;kayron;5;shedaklah;16;16;38;0;76;morreu
KIND;m0;ghaunadaur_fome;kayron;5;0;0;0
CSV;m0;ghaunadaur_fome;kayron;6;dagruve;1;9;389;43;100;passou
CSV;m0;ghaunadaur_fome;kayron;6;docas;9;16;380;23;272;passou
CSV;m0;ghaunadaur_fome;kayron;6;shedaklah;16;17;214;0;183;morreu
KIND;m0;ghaunadaur_fome;kayron;6;0;0;0
CSV;m1;ghaunadaur_fome;kayron;1;dagruve;1;12;562;21;154;passou
CSV;m1;ghaunadaur_fome;kayron;1;docas;12;13;111;0;79;morreu
KIND;m1;ghaunadaur_fome;kayron;1;0;0;0
CSV;m1;ghaunadaur_fome;kayron;2;dagruve;1;10;530;66;130;passou
CSV;m1;ghaunadaur_fome;kayron;2;docas;10;16;334;1;417;passou
CSV;m1;ghaunadaur_fome;kayron;2;shedaklah;16;23;572;47;484;passou
CSV;m1;ghaunadaur_fome;kayron;2;molor;23;26;444;0;525;morreu
KIND;m1;ghaunadaur_fome;kayron;2;0;0;0
CSV;m1;ghaunadaur_fome;kayron;3;dagruve;1;1;43;0;39;morreu
KIND;m1;ghaunadaur_fome;kayron;3;0;0;0
CSV;m1;ghaunadaur_fome;kayron;4;dagruve;1;13;348;13;157;passou
CSV;m1;ghaunadaur_fome;kayron;4;docas;13;16;235;0;274;morreu
KIND;m1;ghaunadaur_fome;kayron;4;0;0;0
CSV;m1;ghaunadaur_fome;kayron;5;dagruve;1;11;385;42;163;passou
CSV;m1;ghaunadaur_fome;kayron;5;docas;11;17;347;33;99;passou
CSV;m1;ghaunadaur_fome;kayron;5;shedaklah;17;24;568;43;330;passou
CSV;m1;ghaunadaur_fome;kayron;5;molor;24;30;586;53;295;passou
KIND;m1;ghaunadaur_fome;kayron;5;0;0;0
CSV;m1;ghaunadaur_fome;kayron;6;dagruve;1;11;333;66;78;passou
CSV;m1;ghaunadaur_fome;kayron;6;docas;11;17;330;14;205;passou
CSV;m1;ghaunadaur_fome;kayron;6;shedaklah;17;23;837;0;845;morreu
KIND;m1;ghaunadaur_fome;kayron;6;0;0;0
CSV;m0;ghaunadaur_fome;korrak;1;dagruve;1;13;335;43;192;passou
CSV;m0;ghaunadaur_fome;korrak;1;docas;13;14;67;0;78;morreu
KIND;m0;ghaunadaur_fome;korrak;1;0;0;0
CSV;m0;ghaunadaur_fome;korrak;2;dagruve;1;12;886;43;251;passou
CSV;m0;ghaunadaur_fome;korrak;2;docas;12;15;455;20;321;passou
CSV;m0;ghaunadaur_fome;korrak;2;shedaklah;15;15;71;0;65;morreu
KIND;m0;ghaunadaur_fome;korrak;2;0;0;0
CSV;m0;ghaunadaur_fome;korrak;3;dagruve;1;14;1813;58;457;passou
CSV;m0;ghaunadaur_fome;korrak;3;docas;14;16;675;69;74;passou
CSV;m0;ghaunadaur_fome;korrak;3;shedaklah;16;21;2950;0;1892;morreu
KIND;m0;ghaunadaur_fome;korrak;3;0;0;0
CSV;m0;ghaunadaur_fome;korrak;4;dagruve;1;12;659;50;191;passou
CSV;m0;ghaunadaur_fome;korrak;4;docas;12;18;410;38;188;passou
CSV;m0;ghaunadaur_fome;korrak;4;shedaklah;18;19;227;0;298;morreu
KIND;m0;ghaunadaur_fome;korrak;4;0;0;0
CSV;m0;ghaunadaur_fome;korrak;5;dagruve;1;11;582;40;184;passou
CSV;m0;ghaunadaur_fome;korrak;5;docas;11;12;169;0;126;morreu
KIND;m0;ghaunadaur_fome;korrak;5;0;0;0
CSV;m0;ghaunadaur_fome;korrak;6;dagruve;1;14;1118;57;217;passou
CSV;m0;ghaunadaur_fome;korrak;6;docas;14;16;443;4;208;passou
CSV;m0;ghaunadaur_fome;korrak;6;shedaklah;16;18;542;0;180;morreu
KIND;m0;ghaunadaur_fome;korrak;6;0;0;0
CSV;m1;ghaunadaur_fome;korrak;1;dagruve;1;12;354;46;199;passou
CSV;m1;ghaunadaur_fome;korrak;1;docas;12;15;194;0;199;morreu
KIND;m1;ghaunadaur_fome;korrak;1;0;0;0
CSV;m1;ghaunadaur_fome;korrak;2;dagruve;1;11;467;72;116;passou
CSV;m1;ghaunadaur_fome;korrak;2;docas;11;16;379;36;269;passou
CSV;m1;ghaunadaur_fome;korrak;2;shedaklah;16;17;55;0;90;morreu
KIND;m1;ghaunadaur_fome;korrak;2;0;0;0
CSV;m1;ghaunadaur_fome;korrak;3;dagruve;1;11;589;24;191;passou
CSV;m1;ghaunadaur_fome;korrak;3;docas;11;15;492;41;282;passou
CSV;m1;ghaunadaur_fome;korrak;3;shedaklah;15;20;1873;0;1489;morreu
KIND;m1;ghaunadaur_fome;korrak;3;0;0;0
CSV;m1;ghaunadaur_fome;korrak;4;dagruve;1;10;405;65;172;passou
CSV;m1;ghaunadaur_fome;korrak;4;docas;10;15;388;59;236;passou
CSV;m1;ghaunadaur_fome;korrak;4;shedaklah;15;21;909;0;1087;morreu
KIND;m1;ghaunadaur_fome;korrak;4;0;0;0
CSV;m1;ghaunadaur_fome;korrak;5;dagruve;1;9;353;67;48;passou
CSV;m1;ghaunadaur_fome;korrak;5;docas;9;15;418;43;206;passou
CSV;m1;ghaunadaur_fome;korrak;5;shedaklah;15;22;1359;0;1200;morreu
KIND;m1;ghaunadaur_fome;korrak;5;0;0;0
CSV;m1;ghaunadaur_fome;korrak;6;dagruve;1;10;651;62;136;passou
CSV;m1;ghaunadaur_fome;korrak;6;docas;10;13;454;54;213;passou
CSV;m1;ghaunadaur_fome;korrak;6;shedaklah;13;15;703;0;433;morreu
KIND;m1;ghaunadaur_fome;korrak;6;0;0;0
CSV;m0;ghaunadaur_fome;leoric;1;dagruve;1;12;736;20;164;passou
CSV;m0;ghaunadaur_fome;leoric;1;docas;12;14;618;0;109;morreu
KIND;m0;ghaunadaur_fome;leoric;1;0;0;0
CSV;m0;ghaunadaur_fome;leoric;2;dagruve;1;13;1322;36;233;passou
CSV;m0;ghaunadaur_fome;leoric;2;docas;13;15;749;20;275;passou
CSV;m0;ghaunadaur_fome;leoric;2;shedaklah;15;16;570;0;181;morreu
KIND;m0;ghaunadaur_fome;leoric;2;0;0;0
CSV;m0;ghaunadaur_fome;leoric;3;dagruve;1;4;185;0;57;morreu
KIND;m0;ghaunadaur_fome;leoric;3;0;0;0
CSV;m0;ghaunadaur_fome;leoric;4;dagruve;1;2;50;0;22;morreu
KIND;m0;ghaunadaur_fome;leoric;4;0;0;0
CSV;m0;ghaunadaur_fome;leoric;5;dagruve;1;11;561;38;111;passou
CSV;m0;ghaunadaur_fome;leoric;5;docas;11;12;148;0;89;morreu
KIND;m0;ghaunadaur_fome;leoric;5;0;0;0
CSV;m0;ghaunadaur_fome;leoric;6;dagruve;1;14;419;56;126;passou
CSV;m0;ghaunadaur_fome;leoric;6;docas;14;19;412;70;124;passou
CSV;m0;ghaunadaur_fome;leoric;6;shedaklah;19;19;149;0;127;morreu
KIND;m0;ghaunadaur_fome;leoric;6;0;0;0
CSV;m1;ghaunadaur_fome;leoric;1;dagruve;1;10;433;23;109;passou
CSV;m1;ghaunadaur_fome;leoric;1;docas;10;11;52;0;36;morreu
KIND;m1;ghaunadaur_fome;leoric;1;0;0;0
CSV;m1;ghaunadaur_fome;leoric;2;dagruve;1;13;324;13;179;passou
CSV;m1;ghaunadaur_fome;leoric;2;docas;13;19;352;40;123;passou
CSV;m1;ghaunadaur_fome;leoric;2;shedaklah;19;23;351;0;347;morreu
KIND;m1;ghaunadaur_fome;leoric;2;0;0;0
CSV;m1;ghaunadaur_fome;leoric;3;dagruve;1;11;847;0;225;morreu
KIND;m1;ghaunadaur_fome;leoric;3;0;0;0
CSV;m1;ghaunadaur_fome;leoric;4;dagruve;1;11;590;6;105;passou
CSV;m1;ghaunadaur_fome;leoric;4;docas;11;13;278;0;96;morreu
KIND;m1;ghaunadaur_fome;leoric;4;0;0;0
CSV;m1;ghaunadaur_fome;leoric;5;dagruve;1;2;91;0;33;morreu
KIND;m1;ghaunadaur_fome;leoric;5;0;0;0
CSV;m1;ghaunadaur_fome;leoric;6;dagruve;1;16;771;53;191;passou
CSV;m1;ghaunadaur_fome;leoric;6;docas;16;17;645;5;285;passou
CSV;m1;ghaunadaur_fome;leoric;6;shedaklah;17;19;626;0;198;morreu
KIND;m1;ghaunadaur_fome;leoric;6;0;0;0
CSV;m0;ghaunadaur_fome;maelor;1;dagruve;1;2;48;0;41;morreu
KIND;m0;ghaunadaur_fome;maelor;1;0;0;0
CSV;m0;ghaunadaur_fome;maelor;2;dagruve;1;11;329;50;70;passou
CSV;m0;ghaunadaur_fome;maelor;2;docas;11;16;487;16;180;passou
CSV;m0;ghaunadaur_fome;maelor;2;shedaklah;16;20;730;0;201;morreu
KIND;m0;ghaunadaur_fome;maelor;2;0;0;0
CSV;m0;ghaunadaur_fome;maelor;3;dagruve;1;11;512;26;170;passou
CSV;m0;ghaunadaur_fome;maelor;3;docas;11;12;324;0;95;morreu
KIND;m0;ghaunadaur_fome;maelor;3;0;0;0
CSV;m0;ghaunadaur_fome;maelor;4;dagruve;1;7;249;0;129;morreu
KIND;m0;ghaunadaur_fome;maelor;4;0;0;0
CSV;m0;ghaunadaur_fome;maelor;5;dagruve;1;2;47;0;27;morreu
KIND;m0;ghaunadaur_fome;maelor;5;0;0;0
CSV;m0;ghaunadaur_fome;maelor;6;dagruve;1;11;562;45;145;passou
CSV;m0;ghaunadaur_fome;maelor;6;docas;11;12;83;0;81;morreu
KIND;m0;ghaunadaur_fome;maelor;6;0;0;0
CSV;m1;ghaunadaur_fome;maelor;1;dagruve;1;2;47;0;35;morreu
KIND;m1;ghaunadaur_fome;maelor;1;0;0;0
CSV;m1;ghaunadaur_fome;maelor;2;dagruve;1;11;340;77;56;passou
CSV;m1;ghaunadaur_fome;maelor;2;docas;11;15;332;49;167;passou
CSV;m1;ghaunadaur_fome;maelor;2;shedaklah;15;23;603;5;328;passou
CSV;m1;ghaunadaur_fome;maelor;2;molor;23;30;741;11;801;passou
KIND;m1;ghaunadaur_fome;maelor;2;0;0;0
CSV;m1;ghaunadaur_fome;maelor;3;dagruve;1;4;91;0;39;morreu
KIND;m1;ghaunadaur_fome;maelor;3;0;0;0
CSV;m1;ghaunadaur_fome;maelor;4;dagruve;1;6;90;0;98;morreu
KIND;m1;ghaunadaur_fome;maelor;4;0;0;0
CSV;m1;ghaunadaur_fome;maelor;5;dagruve;1;12;688;46;84;passou
CSV;m1;ghaunadaur_fome;maelor;5;docas;12;14;164;0;69;morreu
KIND;m1;ghaunadaur_fome;maelor;5;0;0;0
CSV;m1;ghaunadaur_fome;maelor;6;dagruve;1;3;76;0;50;morreu
KIND;m1;ghaunadaur_fome;maelor;6;0;0;0
CSV;m0;ghaunadaur_fome;nyrelia;1;dagruve;1;1;86;0;20;morreu
KIND;m0;ghaunadaur_fome;nyrelia;1;0;0;0
CSV;m0;ghaunadaur_fome;nyrelia;2;dagruve;1;5;327;0;33;morreu
KIND;m0;ghaunadaur_fome;nyrelia;2;0;0;0
CSV;m0;ghaunadaur_fome;nyrelia;3;dagruve;1;10;417;24;104;passou
CSV;m0;ghaunadaur_fome;nyrelia;3;docas;10;16;455;8;219;passou
CSV;m0;ghaunadaur_fome;nyrelia;3;shedaklah;16;17;77;0;75;morreu
KIND;m0;ghaunadaur_fome;nyrelia;3;0;0;0
CSV;m0;ghaunadaur_fome;nyrelia;4;dagruve;1;2;103;0;21;morreu
KIND;m0;ghaunadaur_fome;nyrelia;4;0;0;0
CSV;m0;ghaunadaur_fome;nyrelia;5;dagruve;1;1;98;0;22;morreu
KIND;m0;ghaunadaur_fome;nyrelia;5;0;0;0
CSV;m0;ghaunadaur_fome;nyrelia;6;dagruve;1;1;51;0;18;morreu
KIND;m0;ghaunadaur_fome;nyrelia;6;0;0;0
CSV;m1;ghaunadaur_fome;nyrelia;1;dagruve;1;12;1395;5;395;passou
CSV;m1;ghaunadaur_fome;nyrelia;1;docas;12;13;192;0;101;morreu
KIND;m1;ghaunadaur_fome;nyrelia;1;0;0;0
CSV;m1;ghaunadaur_fome;nyrelia;2;dagruve;1;6;307;0;78;morreu
KIND;m1;ghaunadaur_fome;nyrelia;2;0;0;0
CSV;m1;ghaunadaur_fome;nyrelia;3;dagruve;1;1;51;0;28;morreu
KIND;m1;ghaunadaur_fome;nyrelia;3;0;0;0
CSV;m1;ghaunadaur_fome;nyrelia;4;dagruve;1;11;594;20;125;passou
CSV;m1;ghaunadaur_fome;nyrelia;4;docas;11;12;188;0;111;morreu
KIND;m1;ghaunadaur_fome;nyrelia;4;0;0;0
CSV;m1;ghaunadaur_fome;nyrelia;5;dagruve;1;1;53;0;28;morreu
KIND;m1;ghaunadaur_fome;nyrelia;5;0;0;0
CSV;m1;ghaunadaur_fome;nyrelia;6;dagruve;1;4;251;0;38;morreu
KIND;m1;ghaunadaur_fome;nyrelia;6;0;0;0
CSV;m0;ghaunadaur_fome;sylas;1;dagruve;1;10;337;22;98;passou
CSV;m0;ghaunadaur_fome;sylas;1;docas;10;16;389;15;195;passou
CSV;m0;ghaunadaur_fome;sylas;1;shedaklah;16;20;962;0;502;morreu
KIND;m0;ghaunadaur_fome;sylas;1;0;0;0
CSV;m0;ghaunadaur_fome;sylas;2;dagruve;1;11;442;46;104;passou
CSV;m0;ghaunadaur_fome;sylas;2;docas;11;14;387;0;106;morreu
KIND;m0;ghaunadaur_fome;sylas;2;0;0;0
CSV;m0;ghaunadaur_fome;sylas;3;dagruve;1;11;325;63;45;passou
CSV;m0;ghaunadaur_fome;sylas;3;docas;11;16;403;20;69;passou
CSV;m0;ghaunadaur_fome;sylas;3;shedaklah;16;19;373;0;173;morreu
KIND;m0;ghaunadaur_fome;sylas;3;0;0;0
CSV;m0;ghaunadaur_fome;sylas;4;dagruve;1;14;318;63;68;passou
CSV;m0;ghaunadaur_fome;sylas;4;docas;14;18;332;33;159;passou
CSV;m0;ghaunadaur_fome;sylas;4;shedaklah;18;25;614;12;429;passou
CSV;m0;ghaunadaur_fome;sylas;4;molor;25;32;1251;12;1586;passou
KIND;m0;ghaunadaur_fome;sylas;4;0;0;0
CSV;m0;ghaunadaur_fome;sylas;5;dagruve;1;11;335;40;68;passou
CSV;m0;ghaunadaur_fome;sylas;5;docas;11;12;94;0;60;morreu
KIND;m0;ghaunadaur_fome;sylas;5;0;0;0
CSV;m0;ghaunadaur_fome;sylas;6;dagruve;1;14;609;56;101;passou
CSV;m0;ghaunadaur_fome;sylas;6;docas;14;18;391;7;199;passou
CSV;m0;ghaunadaur_fome;sylas;6;shedaklah;18;23;811;45;347;passou
CSV;m0;ghaunadaur_fome;sylas;6;molor;23;25;672;0;337;morreu
KIND;m0;ghaunadaur_fome;sylas;6;0;0;0
CSV;m1;ghaunadaur_fome;sylas;1;dagruve;1;11;327;6;97;passou
CSV;m1;ghaunadaur_fome;sylas;1;docas;11;16;391;50;121;passou
CSV;m1;ghaunadaur_fome;sylas;1;shedaklah;16;16;66;0;79;morreu
KIND;m1;ghaunadaur_fome;sylas;1;0;0;0
CSV;m1;ghaunadaur_fome;sylas;2;dagruve;1;12;340;70;68;passou
CSV;m1;ghaunadaur_fome;sylas;2;docas;12;17;350;10;302;passou
CSV;m1;ghaunadaur_fome;sylas;2;shedaklah;17;25;1528;0;1425;morreu
KIND;m1;ghaunadaur_fome;sylas;2;0;0;0
CSV;m1;ghaunadaur_fome;sylas;3;dagruve;1;12;344;66;56;passou
CSV;m1;ghaunadaur_fome;sylas;3;docas;12;13;112;0;108;morreu
KIND;m1;ghaunadaur_fome;sylas;3;0;0;0
CSV;m1;ghaunadaur_fome;sylas;4;dagruve;1;12;328;70;62;passou
CSV;m1;ghaunadaur_fome;sylas;4;docas;12;18;346;0;244;morreu
KIND;m1;ghaunadaur_fome;sylas;4;0;0;0
CSV;m1;ghaunadaur_fome;sylas;5;dagruve;1;12;334;44;107;passou
CSV;m1;ghaunadaur_fome;sylas;5;docas;12;17;352;38;225;passou
CSV;m1;ghaunadaur_fome;sylas;5;shedaklah;17;25;928;33;299;passou
CSV;m1;ghaunadaur_fome;sylas;5;molor;25;31;1026;42;707;passou
KIND;m1;ghaunadaur_fome;sylas;5;0;0;0
CSV;m1;ghaunadaur_fome;sylas;6;dagruve;1;4;62;0;44;morreu
KIND;m1;ghaunadaur_fome;sylas;6;0;0;0
CSV;m0;ghaunadaur_fome;zynara;1;dagruve;1;2;57;0;26;morreu
KIND;m0;ghaunadaur_fome;zynara;1;0;0;0
CSV;m0;ghaunadaur_fome;zynara;2;dagruve;1;9;413;54;63;passou
CSV;m0;ghaunadaur_fome;zynara;2;docas;9;13;453;18;95;passou
CSV;m0;ghaunadaur_fome;zynara;2;shedaklah;13;22;1219;0;318;morreu
KIND;m0;ghaunadaur_fome;zynara;2;0;0;0
CSV;m0;ghaunadaur_fome;zynara;3;dagruve;1;10;503;31;75;passou
CSV;m0;ghaunadaur_fome;zynara;3;docas;10;16;342;56;41;passou
CSV;m0;ghaunadaur_fome;zynara;3;shedaklah;16;17;213;0;73;morreu
KIND;m0;ghaunadaur_fome;zynara;3;0;0;0
CSV;m0;ghaunadaur_fome;zynara;4;dagruve;1;3;237;0;54;morreu
KIND;m0;ghaunadaur_fome;zynara;4;0;0;0
CSV;m0;ghaunadaur_fome;zynara;5;dagruve;1;11;1092;0;251;morreu
KIND;m0;ghaunadaur_fome;zynara;5;0;0;0
CSV;m0;ghaunadaur_fome;zynara;6;dagruve;1;11;727;37;107;passou
CSV;m0;ghaunadaur_fome;zynara;6;docas;11;16;527;12;192;passou
CSV;m0;ghaunadaur_fome;zynara;6;shedaklah;16;16;170;0;66;morreu
KIND;m0;ghaunadaur_fome;zynara;6;0;0;0
CSV;m1;ghaunadaur_fome;zynara;1;dagruve;1;11;724;61;124;passou
CSV;m1;ghaunadaur_fome;zynara;1;docas;11;15;451;47;93;passou
CSV;m1;ghaunadaur_fome;zynara;1;shedaklah;15;19;1186;0;308;morreu
KIND;m1;ghaunadaur_fome;zynara;1;0;0;0
CSV;m1;ghaunadaur_fome;zynara;2;dagruve;1;11;594;12;156;passou
CSV;m1;ghaunadaur_fome;zynara;2;docas;11;17;386;54;97;passou
CSV;m1;ghaunadaur_fome;zynara;2;shedaklah;17;21;403;0;255;morreu
KIND;m1;ghaunadaur_fome;zynara;2;0;0;0
CSV;m1;ghaunadaur_fome;zynara;3;dagruve;1;8;363;30;75;passou
CSV;m1;ghaunadaur_fome;zynara;3;docas;8;10;107;0;62;morreu
KIND;m1;ghaunadaur_fome;zynara;3;0;0;0
CSV;m1;ghaunadaur_fome;zynara;4;dagruve;1;9;417;44;70;passou
CSV;m1;ghaunadaur_fome;zynara;4;docas;9;15;582;9;253;passou
CSV;m1;ghaunadaur_fome;zynara;4;shedaklah;15;16;212;0;151;morreu
KIND;m1;ghaunadaur_fome;zynara;4;0;0;0
CSV;m1;ghaunadaur_fome;zynara;5;dagruve;1;4;148;0;48;morreu
KIND;m1;ghaunadaur_fome;zynara;5;0;0;0
CSV;m1;ghaunadaur_fome;zynara;6;dagruve;1;13;1086;36;374;passou
CSV;m1;ghaunadaur_fome;zynara;6;docas;13;17;500;23;198;passou
CSV;m1;ghaunadaur_fome;zynara;6;shedaklah;17;21;663;0;289;morreu
KIND;m1;ghaunadaur_fome;zynara;6;0;0;0
CSV;m0;ghaunadaur_massa;bromnor;1;dagruve;1;15;2003;51;413;passou
CSV;m0;ghaunadaur_massa;bromnor;1;docas;15;18;451;65;163;passou
CSV;m0;ghaunadaur_massa;bromnor;1;shedaklah;18;20;867;0;439;morreu
KIND;m0;ghaunadaur_massa;bromnor;1;0;0;0
CSV;m0;ghaunadaur_massa;bromnor;2;dagruve;1;12;831;62;94;passou
CSV;m0;ghaunadaur_massa;bromnor;2;docas;12;15;445;0;106;morreu
KIND;m0;ghaunadaur_massa;bromnor;2;0;0;0
CSV;m0;ghaunadaur_massa;bromnor;3;dagruve;1;11;483;4;72;passou
CSV;m0;ghaunadaur_massa;bromnor;3;docas;11;11;62;0;19;morreu
KIND;m0;ghaunadaur_massa;bromnor;3;0;0;0
CSV;m0;ghaunadaur_massa;bromnor;4;dagruve;1;7;267;0;48;morreu
KIND;m0;ghaunadaur_massa;bromnor;4;0;0;0
CSV;m0;ghaunadaur_massa;bromnor;5;dagruve;1;13;779;75;67;passou
CSV;m0;ghaunadaur_massa;bromnor;5;docas;13;15;463;50;232;passou
CSV;m0;ghaunadaur_massa;bromnor;5;shedaklah;15;16;598;0;289;morreu
KIND;m0;ghaunadaur_massa;bromnor;5;0;0;0
CSV;m0;ghaunadaur_massa;bromnor;6;dagruve;1;11;394;80;52;passou
CSV;m0;ghaunadaur_massa;bromnor;6;docas;11;16;457;38;226;passou
CSV;m0;ghaunadaur_massa;bromnor;6;shedaklah;16;20;679;0;253;morreu
KIND;m0;ghaunadaur_massa;bromnor;6;0;0;0
CSV;m1;ghaunadaur_massa;bromnor;1;dagruve;1;13;340;23;59;passou
CSV;m1;ghaunadaur_massa;bromnor;1;docas;13;14;130;0;84;morreu
KIND;m1;ghaunadaur_massa;bromnor;1;0;0;0
CSV;m1;ghaunadaur_massa;bromnor;2;dagruve;1;13;328;85;58;passou
CSV;m1;ghaunadaur_massa;bromnor;2;docas;13;18;337;37;132;passou
CSV;m1;ghaunadaur_massa;bromnor;2;shedaklah;18;25;598;22;401;passou
CSV;m1;ghaunadaur_massa;bromnor;2;molor;25;30;812;0;662;morreu
KIND;m1;ghaunadaur_massa;bromnor;2;0;0;0
CSV;m1;ghaunadaur_massa;bromnor;3;dagruve;1;11;568;48;44;passou
CSV;m1;ghaunadaur_massa;bromnor;3;docas;11;15;537;47;169;passou
CSV;m1;ghaunadaur_massa;bromnor;3;shedaklah;15;21;1322;0;357;morreu
KIND;m1;ghaunadaur_massa;bromnor;3;0;0;0
CSV;m1;ghaunadaur_massa;bromnor;4;dagruve;1;9;615;68;52;passou
CSV;m1;ghaunadaur_massa;bromnor;4;docas;9;13;435;63;104;passou
CSV;m1;ghaunadaur_massa;bromnor;4;shedaklah;13;14;282;0;105;morreu
KIND;m1;ghaunadaur_massa;bromnor;4;0;0;0
CSV;m1;ghaunadaur_massa;bromnor;5;dagruve;1;12;1199;60;143;passou
CSV;m1;ghaunadaur_massa;bromnor;5;docas;12;18;333;70;92;passou
CSV;m1;ghaunadaur_massa;bromnor;5;shedaklah;18;19;163;0;194;morreu
KIND;m1;ghaunadaur_massa;bromnor;5;0;0;0
CSV;m1;ghaunadaur_massa;bromnor;6;dagruve;1;12;446;35;97;passou
CSV;m1;ghaunadaur_massa;bromnor;6;docas;12;16;455;42;162;passou
CSV;m1;ghaunadaur_massa;bromnor;6;shedaklah;16;16;349;0;186;morreu
KIND;m1;ghaunadaur_massa;bromnor;6;0;0;0
CSV;m0;ghaunadaur_massa;brook;1;dagruve;1;4;101;0;40;morreu
KIND;m0;ghaunadaur_massa;brook;1;0;0;0
CSV;m0;ghaunadaur_massa;brook;2;dagruve;1;13;1234;6;153;passou
CSV;m0;ghaunadaur_massa;brook;2;docas;13;15;705;31;164;passou
CSV;m0;ghaunadaur_massa;brook;2;shedaklah;15;15;66;0;46;morreu
KIND;m0;ghaunadaur_massa;brook;2;0;0;0
CSV;m0;ghaunadaur_massa;brook;3;dagruve;1;2;47;0;40;morreu
KIND;m0;ghaunadaur_massa;brook;3;0;0;0
CSV;m0;ghaunadaur_massa;brook;4;dagruve;1;14;1892;27;466;passou
CSV;m0;ghaunadaur_massa;brook;4;docas;14;16;500;26;203;passou
CSV;m0;ghaunadaur_massa;brook;4;shedaklah;16;16;61;0;46;morreu
KIND;m0;ghaunadaur_massa;brook;4;0;0;0
CSV;m0;ghaunadaur_massa;brook;5;dagruve;1;7;359;67;61;passou
CSV;m0;ghaunadaur_massa;brook;5;docas;7;14;478;9;202;passou
CSV;m0;ghaunadaur_massa;brook;5;shedaklah;14;14;82;0;94;morreu
KIND;m0;ghaunadaur_massa;brook;5;0;0;0
CSV;m0;ghaunadaur_massa;brook;6;dagruve;1;4;328;0;40;morreu
KIND;m0;ghaunadaur_massa;brook;6;0;0;0
CSV;m1;ghaunadaur_massa;brook;1;dagruve;1;6;93;0;54;morreu
KIND;m1;ghaunadaur_massa;brook;1;0;0;0
CSV;m1;ghaunadaur_massa;brook;2;dagruve;1;4;368;0;52;morreu
KIND;m1;ghaunadaur_massa;brook;2;0;0;0
CSV;m1;ghaunadaur_massa;brook;3;dagruve;1;11;378;50;52;passou
CSV;m1;ghaunadaur_massa;brook;3;docas;11;15;640;53;139;passou
CSV;m1;ghaunadaur_massa;brook;3;shedaklah;15;15;61;0;75;morreu
KIND;m1;ghaunadaur_massa;brook;3;0;0;0
CSV;m1;ghaunadaur_massa;brook;4;dagruve;1;12;1088;2;247;passou
CSV;m1;ghaunadaur_massa;brook;4;docas;12;15;401;79;101;passou
CSV;m1;ghaunadaur_massa;brook;4;shedaklah;15;20;1008;0;498;morreu
KIND;m1;ghaunadaur_massa;brook;4;0;0;0
CSV;m1;ghaunadaur_massa;brook;5;dagruve;1;14;1464;26;376;passou
CSV;m1;ghaunadaur_massa;brook;5;docas;14;16;422;58;128;passou
CSV;m1;ghaunadaur_massa;brook;5;shedaklah;16;16;45;0;87;morreu
KIND;m1;ghaunadaur_massa;brook;5;0;0;0
CSV;m1;ghaunadaur_massa;brook;6;dagruve;1;12;1038;41;143;passou
CSV;m1;ghaunadaur_massa;brook;6;docas;12;15;540;57;130;passou
CSV;m1;ghaunadaur_massa;brook;6;shedaklah;15;18;1104;0;546;morreu
KIND;m1;ghaunadaur_massa;brook;6;0;0;0
CSV;m0;ghaunadaur_massa;durvall;1;dagruve;1;4;105;0;38;morreu
KIND;m0;ghaunadaur_massa;durvall;1;0;0;0
CSV;m0;ghaunadaur_massa;durvall;2;dagruve;1;4;46;0;42;morreu
KIND;m0;ghaunadaur_massa;durvall;2;0;0;0
CSV;m0;ghaunadaur_massa;durvall;3;dagruve;1;6;299;0;38;morreu
KIND;m0;ghaunadaur_massa;durvall;3;0;0;0
CSV;m0;ghaunadaur_massa;durvall;4;dagruve;1;4;237;0;44;morreu
KIND;m0;ghaunadaur_massa;durvall;4;0;0;0
CSV;m0;ghaunadaur_massa;durvall;5;dagruve;1;12;1273;23;367;passou
CSV;m0;ghaunadaur_massa;durvall;5;docas;12;13;77;0;66;morreu
KIND;m0;ghaunadaur_massa;durvall;5;0;0;0
CSV;m0;ghaunadaur_massa;durvall;6;dagruve;1;5;181;0;38;morreu
KIND;m0;ghaunadaur_massa;durvall;6;0;0;0
CSV;m1;ghaunadaur_massa;durvall;1;dagruve;1;11;891;46;358;passou
CSV;m1;ghaunadaur_massa;durvall;1;docas;11;12;63;0;56;morreu
KIND;m1;ghaunadaur_massa;durvall;1;0;0;0
CSV;m1;ghaunadaur_massa;durvall;2;dagruve;1;8;485;0;67;morreu
KIND;m1;ghaunadaur_massa;durvall;2;0;0;0
CSV;m1;ghaunadaur_massa;durvall;3;dagruve;1;7;319;0;98;morreu
KIND;m1;ghaunadaur_massa;durvall;3;0;0;0
CSV;m1;ghaunadaur_massa;durvall;4;dagruve;1;3;43;0;46;morreu
KIND;m1;ghaunadaur_massa;durvall;4;0;0;0
CSV;m1;ghaunadaur_massa;durvall;5;dagruve;1;3;53;0;46;morreu
KIND;m1;ghaunadaur_massa;durvall;5;0;0;0
CSV;m1;ghaunadaur_massa;durvall;6;dagruve;1;10;570;0;173;morreu
KIND;m1;ghaunadaur_massa;durvall;6;0;0;0
CSV;m0;ghaunadaur_massa;kayron;1;dagruve;1;5;101;0;53;morreu
KIND;m0;ghaunadaur_massa;kayron;1;0;0;0
CSV;m0;ghaunadaur_massa;kayron;2;dagruve;1;11;593;76;115;passou
CSV;m0;ghaunadaur_massa;kayron;2;docas;11;16;371;13;212;passou
CSV;m0;ghaunadaur_massa;kayron;2;shedaklah;16;17;51;0;88;morreu
KIND;m0;ghaunadaur_massa;kayron;2;0;0;0
CSV;m0;ghaunadaur_massa;kayron;3;dagruve;1;5;53;0;40;morreu
KIND;m0;ghaunadaur_massa;kayron;3;0;0;0
CSV;m0;ghaunadaur_massa;kayron;4;dagruve;1;3;63;0;38;morreu
KIND;m0;ghaunadaur_massa;kayron;4;0;0;0
CSV;m0;ghaunadaur_massa;kayron;5;dagruve;1;3;44;0;38;morreu
KIND;m0;ghaunadaur_massa;kayron;5;0;0;0
CSV;m0;ghaunadaur_massa;kayron;6;dagruve;1;4;51;0;41;morreu
KIND;m0;ghaunadaur_massa;kayron;6;0;0;0
CSV;m1;ghaunadaur_massa;kayron;1;dagruve;1;8;145;0;76;morreu
KIND;m1;ghaunadaur_massa;kayron;1;0;0;0
CSV;m1;ghaunadaur_massa;kayron;2;dagruve;1;3;54;0;50;morreu
KIND;m1;ghaunadaur_massa;kayron;2;0;0;0
CSV;m1;ghaunadaur_massa;kayron;3;dagruve;1;6;142;0;48;morreu
KIND;m1;ghaunadaur_massa;kayron;3;0;0;0
CSV;m1;ghaunadaur_massa;kayron;4;dagruve;1;8;163;0;48;morreu
KIND;m1;ghaunadaur_massa;kayron;4;0;0;0
CSV;m1;ghaunadaur_massa;kayron;5;dagruve;1;10;163;0;48;morreu
KIND;m1;ghaunadaur_massa;kayron;5;0;0;0
CSV;m1;ghaunadaur_massa;kayron;6;dagruve;1;9;236;0;63;morreu
KIND;m1;ghaunadaur_massa;kayron;6;0;0;0
CSV;m0;ghaunadaur_massa;korrak;1;dagruve;1;11;663;65;138;passou
CSV;m0;ghaunadaur_massa;korrak;1;docas;11;15;439;50;331;passou
CSV;m0;ghaunadaur_massa;korrak;1;shedaklah;15;17;499;0;445;morreu
KIND;m0;ghaunadaur_massa;korrak;1;0;0;0
CSV;m0;ghaunadaur_massa;korrak;2;dagruve;1;11;328;63;83;passou
CSV;m0;ghaunadaur_massa;korrak;2;docas;11;17;321;70;180;passou
CSV;m0;ghaunadaur_massa;korrak;2;shedaklah;17;22;595;41;383;passou
CSV;m0;ghaunadaur_massa;korrak;2;molor;22;29;598;35;573;passou
KIND;m0;ghaunadaur_massa;korrak;2;0;0;0
CSV;m0;ghaunadaur_massa;korrak;3;dagruve;1;10;525;68;85;passou
CSV;m0;ghaunadaur_massa;korrak;3;docas;10;17;324;57;193;passou
CSV;m0;ghaunadaur_massa;korrak;3;shedaklah;17;23;1515;29;1140;passou
CSV;m0;ghaunadaur_massa;korrak;3;molor;23;25;712;0;631;morreu
KIND;m0;ghaunadaur_massa;korrak;3;0;0;0
CSV;m0;ghaunadaur_massa;korrak;4;dagruve;1;12;726;65;202;passou
CSV;m0;ghaunadaur_massa;korrak;4;docas;12;15;414;51;136;passou
CSV;m0;ghaunadaur_massa;korrak;4;shedaklah;15;19;1180;0;558;morreu
KIND;m0;ghaunadaur_massa;korrak;4;0;0;0
CSV;m0;ghaunadaur_massa;korrak;5;dagruve;1;11;546;47;230;passou
CSV;m0;ghaunadaur_massa;korrak;5;docas;11;15;522;4;547;passou
CSV;m0;ghaunadaur_massa;korrak;5;shedaklah;15;21;1380;0;1036;morreu
KIND;m0;ghaunadaur_massa;korrak;5;0;0;0
CSV;m0;ghaunadaur_massa;korrak;6;dagruve;1;12;331;72;171;passou
CSV;m0;ghaunadaur_massa;korrak;6;docas;12;16;502;9;294;passou
CSV;m0;ghaunadaur_massa;korrak;6;shedaklah;16;20;1143;0;670;morreu
KIND;m0;ghaunadaur_massa;korrak;6;0;0;0
CSV;m1;ghaunadaur_massa;korrak;1;dagruve;1;11;641;78;119;passou
CSV;m1;ghaunadaur_massa;korrak;1;docas;11;15;490;75;149;passou
CSV;m1;ghaunadaur_massa;korrak;1;shedaklah;15;19;1745;0;729;morreu
KIND;m1;ghaunadaur_massa;korrak;1;0;0;0
CSV;m1;ghaunadaur_massa;korrak;2;dagruve;1;13;352;67;79;passou
CSV;m1;ghaunadaur_massa;korrak;2;docas;13;18;328;40;210;passou
CSV;m1;ghaunadaur_massa;korrak;2;shedaklah;18;22;614;0;640;morreu
KIND;m1;ghaunadaur_massa;korrak;2;0;0;0
CSV;m1;ghaunadaur_massa;korrak;3;dagruve;1;12;322;80;152;passou
CSV;m1;ghaunadaur_massa;korrak;3;docas;12;17;339;58;255;?
KIND;m1;ghaunadaur_massa;korrak;3;0;0;0
CSV;m1;ghaunadaur_massa;korrak;4;dagruve;1;12;649;90;66;passou
CSV;m1;ghaunadaur_massa;korrak;4;docas;12;16;379;73;180;passou
CSV;m1;ghaunadaur_massa;korrak;4;shedaklah;16;27;3377;38;2739;passou
CSV;m1;ghaunadaur_massa;korrak;4;molor;27;32;1467;40;807;passou
KIND;m1;ghaunadaur_massa;korrak;4;0;0;0
CSV;m1;ghaunadaur_massa;korrak;5;dagruve;1;11;325;85;63;passou
CSV;m1;ghaunadaur_massa;korrak;5;docas;11;16;361;49;333;passou
CSV;m1;ghaunadaur_massa;korrak;5;shedaklah;16;24;1107;25;1780;passou
CSV;m1;ghaunadaur_massa;korrak;5;molor;24;25;204;0;320;morreu
KIND;m1;ghaunadaur_massa;korrak;5;0;0;0
CSV;m1;ghaunadaur_massa;korrak;6;dagruve;1;12;541;86;91;passou
CSV;m1;ghaunadaur_massa;korrak;6;docas;12;17;397;53;200;passou
CSV;m1;ghaunadaur_massa;korrak;6;shedaklah;17;19;487;0;272;morreu
KIND;m1;ghaunadaur_massa;korrak;6;0;0;0
CSV;m0;ghaunadaur_massa;leoric;1;dagruve;1;2;47;0;32;morreu
KIND;m0;ghaunadaur_massa;leoric;1;0;0;0
CSV;m0;ghaunadaur_massa;leoric;2;dagruve;1;5;105;0;40;morreu
KIND;m0;ghaunadaur_massa;leoric;2;0;0;0
CSV;m0;ghaunadaur_massa;leoric;3;dagruve;1;7;217;0;38;morreu
KIND;m0;ghaunadaur_massa;leoric;3;0;0;0
CSV;m0;ghaunadaur_massa;leoric;4;dagruve;1;8;180;0;83;morreu
KIND;m0;ghaunadaur_massa;leoric;4;0;0;0
CSV;m0;ghaunadaur_massa;leoric;5;dagruve;1;10;258;0;91;morreu
KIND;m0;ghaunadaur_massa;leoric;5;0;0;0
CSV;m0;ghaunadaur_massa;leoric;6;dagruve;1;15;333;24;101;passou
CSV;m0;ghaunadaur_massa;leoric;6;docas;15;18;481;0;252;morreu
KIND;m0;ghaunadaur_massa;leoric;6;0;0;0
CSV;m1;ghaunadaur_massa;leoric;1;dagruve;1;5;98;0;42;morreu
KIND;m1;ghaunadaur_massa;leoric;1;0;0;0
CSV;m1;ghaunadaur_massa;leoric;2;dagruve;1;13;326;73;74;passou
CSV;m1;ghaunadaur_massa;leoric;2;docas;13;18;338;47;122;passou
CSV;m1;ghaunadaur_massa;leoric;2;shedaklah;18;23;659;0;519;morreu
KIND;m1;ghaunadaur_massa;leoric;2;0;0;0
CSV;m1;ghaunadaur_massa;leoric;3;dagruve;1;5;101;0;42;morreu
KIND;m1;ghaunadaur_massa;leoric;3;0;0;0
CSV;m1;ghaunadaur_massa;leoric;4;dagruve;1;12;339;80;52;passou
CSV;m1;ghaunadaur_massa;leoric;4;docas;12;19;394;19;251;passou
CSV;m1;ghaunadaur_massa;leoric;4;shedaklah;19;20;46;0;76;morreu
KIND;m1;ghaunadaur_massa;leoric;4;0;0;0
CSV;m1;ghaunadaur_massa;leoric;5;dagruve;1;14;318;23;84;passou
CSV;m1;ghaunadaur_massa;leoric;5;docas;14;19;342;55;94;passou
CSV;m1;ghaunadaur_massa;leoric;5;shedaklah;19;20;100;0;111;morreu
KIND;m1;ghaunadaur_massa;leoric;5;0;0;0
CSV;m1;ghaunadaur_massa;leoric;6;dagruve;1;15;345;42;36;passou
CSV;m1;ghaunadaur_massa;leoric;6;docas;15;16;88;0;35;morreu
KIND;m1;ghaunadaur_massa;leoric;6;0;0;0
CSV;m0;ghaunadaur_massa;maelor;1;dagruve;1;10;390;67;85;passou
CSV;m0;ghaunadaur_massa;maelor;1;docas;10;13;157;0;130;morreu
KIND;m0;ghaunadaur_massa;maelor;1;0;0;0
CSV;m0;ghaunadaur_massa;maelor;2;dagruve;1;9;342;23;113;passou
CSV;m0;ghaunadaur_massa;maelor;2;docas;9;16;379;36;234;passou
CSV;m0;ghaunadaur_massa;maelor;2;shedaklah;16;17;82;0;137;morreu
KIND;m0;ghaunadaur_massa;maelor;2;0;0;0
CSV;m0;ghaunadaur_massa;maelor;3;dagruve;1;10;390;59;112;passou
CSV;m0;ghaunadaur_massa;maelor;3;docas;10;12;137;0;95;morreu
KIND;m0;ghaunadaur_massa;maelor;3;0;0;0
CSV;m0;ghaunadaur_massa;maelor;4;dagruve;1;10;341;61;93;passou
CSV;m0;ghaunadaur_massa;maelor;4;docas;10;11;88;0;85;morreu
KIND;m0;ghaunadaur_massa;maelor;4;0;0;0
CSV;m0;ghaunadaur_massa;maelor;5;dagruve;1;10;386;21;103;passou
CSV;m0;ghaunadaur_massa;maelor;5;docas;10;12;95;0;71;morreu
KIND;m0;ghaunadaur_massa;maelor;5;0;0;0
CSV;m0;ghaunadaur_massa;maelor;6;dagruve;1;10;407;67;86;passou
CSV;m0;ghaunadaur_massa;maelor;6;docas;10;14;464;36;223;passou
CSV;m0;ghaunadaur_massa;maelor;6;shedaklah;14;15;66;0;56;morreu
KIND;m0;ghaunadaur_massa;maelor;6;0;0;0
CSV;m1;ghaunadaur_massa;maelor;1;dagruve;1;3;48;0;48;morreu
KIND;m1;ghaunadaur_massa;maelor;1;0;0;0
CSV;m1;ghaunadaur_massa;maelor;2;dagruve;1;5;94;0;56;morreu
KIND;m1;ghaunadaur_massa;maelor;2;0;0;0
CSV;m1;ghaunadaur_massa;maelor;3;dagruve;1;12;523;46;150;passou
CSV;m1;ghaunadaur_massa;maelor;3;docas;12;13;79;0;105;morreu
KIND;m1;ghaunadaur_massa;maelor;3;0;0;0
CSV;m1;ghaunadaur_massa;maelor;4;dagruve;1;11;359;34;104;passou
CSV;m1;ghaunadaur_massa;maelor;4;docas;11;11;68;0;112;morreu
KIND;m1;ghaunadaur_massa;maelor;4;0;0;0
CSV;m1;ghaunadaur_massa;maelor;5;dagruve;1;11;460;82;60;passou
CSV;m1;ghaunadaur_massa;maelor;5;docas;11;15;562;21;237;passou
CSV;m1;ghaunadaur_massa;maelor;5;shedaklah;15;18;1029;0;311;morreu
KIND;m1;ghaunadaur_massa;maelor;5;0;0;0
CSV;m1;ghaunadaur_massa;maelor;6;dagruve;1;13;780;13;151;passou
CSV;m1;ghaunadaur_massa;maelor;6;docas;13;17;506;20;234;passou
CSV;m1;ghaunadaur_massa;maelor;6;shedaklah;17;18;638;0;142;morreu
KIND;m1;ghaunadaur_massa;maelor;6;0;0;0
CSV;m0;ghaunadaur_massa;nyrelia;1;dagruve;1;4;261;0;42;morreu
KIND;m0;ghaunadaur_massa;nyrelia;1;0;0;0
CSV;m0;ghaunadaur_massa;nyrelia;2;dagruve;1;3;180;0;32;morreu
KIND;m0;ghaunadaur_massa;nyrelia;2;0;0;0
CSV;m0;ghaunadaur_massa;nyrelia;3;dagruve;1;3;82;0;32;morreu
KIND;m0;ghaunadaur_massa;nyrelia;3;0;0;0
CSV;m0;ghaunadaur_massa;nyrelia;4;dagruve;1;4;279;0;48;morreu
KIND;m0;ghaunadaur_massa;nyrelia;4;0;0;0
CSV;m0;ghaunadaur_massa;nyrelia;5;dagruve;1;3;137;0;32;morreu
KIND;m0;ghaunadaur_massa;nyrelia;5;0;0;0
CSV;m0;ghaunadaur_massa;nyrelia;6;dagruve;1;3;51;0;32;morreu
KIND;m0;ghaunadaur_massa;nyrelia;6;0;0;0
CSV;m1;ghaunadaur_massa;nyrelia;1;dagruve;1;4;52;0;40;morreu
KIND;m1;ghaunadaur_massa;nyrelia;1;0;0;0
CSV;m1;ghaunadaur_massa;nyrelia;2;dagruve;1;1;46;0;40;morreu
KIND;m1;ghaunadaur_massa;nyrelia;2;0;0;0
CSV;m1;ghaunadaur_massa;nyrelia;3;dagruve;1;3;100;0;40;morreu
KIND;m1;ghaunadaur_massa;nyrelia;3;0;0;0
CSV;m1;ghaunadaur_massa;nyrelia;4;dagruve;1;4;170;0;40;morreu
KIND;m1;ghaunadaur_massa;nyrelia;4;0;0;0
CSV;m1;ghaunadaur_massa;nyrelia;5;dagruve;1;11;674;35;179;passou
CSV;m1;ghaunadaur_massa;nyrelia;5;docas;11;17;469;0;357;morreu
KIND;m1;ghaunadaur_massa;nyrelia;5;0;0;0
CSV;m1;ghaunadaur_massa;nyrelia;6;dagruve;1;4;236;0;46;morreu
KIND;m1;ghaunadaur_massa;nyrelia;6;0;0;0
CSV;m0;ghaunadaur_massa;sylas;1;dagruve;1;11;175;0;38;morreu
KIND;m0;ghaunadaur_massa;sylas;1;0;0;0
CSV;m0;ghaunadaur_massa;sylas;2;dagruve;1;14;452;69;70;passou
CSV;m0;ghaunadaur_massa;sylas;2;docas;14;14;47;0;51;morreu
KIND;m0;ghaunadaur_massa;sylas;2;0;0;0
CSV;m0;ghaunadaur_massa;sylas;3;dagruve;1;15;318;65;54;passou
CSV;m0;ghaunadaur_massa;sylas;3;docas;15;19;340;11;172;passou
CSV;m0;ghaunadaur_massa;sylas;3;shedaklah;19;25;459;0;294;morreu
KIND;m0;ghaunadaur_massa;sylas;3;0;0;0
CSV;m0;ghaunadaur_massa;sylas;4;dagruve;1;12;206;0;71;morreu
KIND;m0;ghaunadaur_massa;sylas;4;0;0;0
CSV;m0;ghaunadaur_massa;sylas;5;dagruve;1;11;201;0;38;morreu
KIND;m0;ghaunadaur_massa;sylas;5;0;0;0
CSV;m0;ghaunadaur_massa;sylas;6;dagruve;1;7;103;0;38;morreu
KIND;m0;ghaunadaur_massa;sylas;6;0;0;0
CSV;m1;ghaunadaur_massa;sylas;1;dagruve;1;6;115;0;44;morreu
KIND;m1;ghaunadaur_massa;sylas;1;0;0;0
CSV;m1;ghaunadaur_massa;sylas;2;dagruve;1;5;108;0;44;morreu
KIND;m1;ghaunadaur_massa;sylas;2;0;0;0
CSV;m1;ghaunadaur_massa;sylas;3;dagruve;1;12;315;30;101;passou
CSV;m1;ghaunadaur_massa;sylas;3;docas;12;17;352;5;241;passou
CSV;m1;ghaunadaur_massa;sylas;3;shedaklah;17;21;412;0;205;morreu
KIND;m1;ghaunadaur_massa;sylas;3;0;0;0
CSV;m1;ghaunadaur_massa;sylas;4;dagruve;1;8;109;0;44;morreu
KIND;m1;ghaunadaur_massa;sylas;4;0;0;0
CSV;m1;ghaunadaur_massa;sylas;5;dagruve;1;5;107;0;46;morreu
KIND;m1;ghaunadaur_massa;sylas;5;0;0;0
CSV;m1;ghaunadaur_massa;sylas;6;dagruve;1;9;116;0;48;morreu
KIND;m1;ghaunadaur_massa;sylas;6;0;0;0
CSV;m0;ghaunadaur_massa;zynara;1;dagruve;1;3;69;0;34;morreu
KIND;m0;ghaunadaur_massa;zynara;1;0;0;0
CSV;m0;ghaunadaur_massa;zynara;2;dagruve;1;6;94;0;40;morreu
KIND;m0;ghaunadaur_massa;zynara;2;0;0;0
CSV;m0;ghaunadaur_massa;zynara;3;dagruve;1;8;222;0;40;morreu
KIND;m0;ghaunadaur_massa;zynara;3;0;0;0
CSV;m0;ghaunadaur_massa;zynara;4;dagruve;1;7;166;0;47;morreu
KIND;m0;ghaunadaur_massa;zynara;4;0;0;0
CSV;m0;ghaunadaur_massa;zynara;5;dagruve;1;12;523;26;111;passou
CSV;m0;ghaunadaur_massa;zynara;5;docas;12;15;614;22;278;passou
CSV;m0;ghaunadaur_massa;zynara;5;shedaklah;15;15;65;0;96;morreu
KIND;m0;ghaunadaur_massa;zynara;5;0;0;0
CSV;m0;ghaunadaur_massa;zynara;6;dagruve;1;6;126;0;59;morreu
KIND;m0;ghaunadaur_massa;zynara;6;0;0;0
CSV;m1;ghaunadaur_massa;zynara;1;dagruve;1;13;541;50;151;passou
CSV;m1;ghaunadaur_massa;zynara;1;docas;13;14;119;0;126;morreu
KIND;m1;ghaunadaur_massa;zynara;1;0;0;0
CSV;m1;ghaunadaur_massa;zynara;2;dagruve;1;11;455;68;64;passou
CSV;m1;ghaunadaur_massa;zynara;2;docas;11;13;255;0;150;morreu
KIND;m1;ghaunadaur_massa;zynara;2;0;0;0
CSV;m1;ghaunadaur_massa;zynara;3;dagruve;1;7;130;0;42;morreu
KIND;m1;ghaunadaur_massa;zynara;3;0;0;0
CSV;m1;ghaunadaur_massa;zynara;4;dagruve;1;9;123;0;42;morreu
KIND;m1;ghaunadaur_massa;zynara;4;0;0;0
CSV;m1;ghaunadaur_massa;zynara;5;dagruve;1;6;106;0;44;morreu
KIND;m1;ghaunadaur_massa;zynara;5;0;0;0
CSV;m1;ghaunadaur_massa;zynara;6;dagruve;1;12;475;38;89;passou
CSV;m1;ghaunadaur_massa;zynara;6;docas;12;14;193;0;78;morreu
KIND;m1;ghaunadaur_massa;zynara;6;0;0;0
CSV;m0;ghaunadaur_olho;bromnor;1;dagruve;1;12;1006;20;151;passou
CSV;m0;ghaunadaur_olho;bromnor;1;docas;12;14;469;22;120;passou
CSV;m0;ghaunadaur_olho;bromnor;1;shedaklah;14;17;1867;0;618;morreu
KIND;m0;ghaunadaur_olho;bromnor;1;0;0;0
CSV;m0;ghaunadaur_olho;bromnor;2;dagruve;1;13;1378;49;153;passou
CSV;m0;ghaunadaur_olho;bromnor;2;docas;13;16;700;67;112;passou
CSV;m0;ghaunadaur_olho;bromnor;2;shedaklah;16;19;1323;0;412;morreu
KIND;m0;ghaunadaur_olho;bromnor;2;0;0;0
CSV;m0;ghaunadaur_olho;bromnor;3;dagruve;1;6;246;0;48;morreu
KIND;m0;ghaunadaur_olho;bromnor;3;0;0;0
CSV;m0;ghaunadaur_olho;bromnor;4;dagruve;1;10;418;55;37;passou
CSV;m0;ghaunadaur_olho;bromnor;4;docas;10;14;479;0;136;passou
CSV;m0;ghaunadaur_olho;bromnor;4;shedaklah;14;14;115;0;24;morreu
KIND;m0;ghaunadaur_olho;bromnor;4;0;0;0
CSV;m0;ghaunadaur_olho;bromnor;5;dagruve;1;13;1037;71;139;passou
CSV;m0;ghaunadaur_olho;bromnor;5;docas;13;16;492;50;201;passou
CSV;m0;ghaunadaur_olho;bromnor;5;shedaklah;16;16;45;0;85;morreu
KIND;m0;ghaunadaur_olho;bromnor;5;0;0;0
CSV;m0;ghaunadaur_olho;bromnor;6;dagruve;1;11;806;55;92;passou
CSV;m0;ghaunadaur_olho;bromnor;6;docas;11;15;479;41;117;passou
CSV;m0;ghaunadaur_olho;bromnor;6;shedaklah;15;22;688;8;413;passou
CSV;m0;ghaunadaur_olho;bromnor;6;molor;22;24;425;0;332;morreu
KIND;m0;ghaunadaur_olho;bromnor;6;0;0;0
CSV;m1;ghaunadaur_olho;bromnor;1;dagruve;1;11;701;73;67;passou
CSV;m1;ghaunadaur_olho;bromnor;1;docas;11;17;446;56;208;passou
CSV;m1;ghaunadaur_olho;bromnor;1;shedaklah;17;24;661;25;266;passou
CSV;m1;ghaunadaur_olho;bromnor;1;molor;24;30;963;20;752;passou
KIND;m1;ghaunadaur_olho;bromnor;1;0;0;0
CSV;m1;ghaunadaur_olho;bromnor;2;dagruve;1;11;762;76;77;passou
CSV;m1;ghaunadaur_olho;bromnor;2;docas;11;14;596;41;155;passou
CSV;m1;ghaunadaur_olho;bromnor;2;shedaklah;14;15;381;0;161;morreu
KIND;m1;ghaunadaur_olho;bromnor;2;0;0;0
CSV;m1;ghaunadaur_olho;bromnor;3;dagruve;1;6;161;0;56;morreu
KIND;m1;ghaunadaur_olho;bromnor;3;0;0;0
CSV;m1;ghaunadaur_olho;bromnor;4;dagruve;1;12;1034;77;136;passou
CSV;m1;ghaunadaur_olho;bromnor;4;docas;12;14;386;13;136;passou
CSV;m1;ghaunadaur_olho;bromnor;4;shedaklah;14;14;55;0;71;morreu
KIND;m1;ghaunadaur_olho;bromnor;4;0;0;0
CSV;m1;ghaunadaur_olho;bromnor;5;dagruve;1;11;712;35;67;passou
CSV;m1;ghaunadaur_olho;bromnor;5;docas;11;16;479;66;101;passou
CSV;m1;ghaunadaur_olho;bromnor;5;shedaklah;16;18;1150;0;456;morreu
KIND;m1;ghaunadaur_olho;bromnor;5;0;0;0
CSV;m1;ghaunadaur_olho;bromnor;6;dagruve;1;11;726;61;83;passou
CSV;m1;ghaunadaur_olho;bromnor;6;docas;11;15;401;88;28;passou
CSV;m1;ghaunadaur_olho;bromnor;6;shedaklah;15;16;811;0;102;morreu
KIND;m1;ghaunadaur_olho;bromnor;6;0;0;0
CSV;m0;ghaunadaur_olho;brook;1;dagruve;1;3;69;0;44;morreu
KIND;m0;ghaunadaur_olho;brook;1;0;0;0
CSV;m0;ghaunadaur_olho;brook;2;dagruve;1;11;536;13;132;passou
CSV;m0;ghaunadaur_olho;brook;2;docas;11;15;664;55;187;passou
CSV;m0;ghaunadaur_olho;brook;2;shedaklah;15;18;551;0;261;morreu
KIND;m0;ghaunadaur_olho;brook;2;0;0;0
CSV;m0;ghaunadaur_olho;brook;3;dagruve;1;2;44;0;40;morreu
KIND;m0;ghaunadaur_olho;brook;3;0;0;0
CSV;m0;ghaunadaur_olho;brook;4;dagruve;1;9;626;36;79;passou
CSV;m0;ghaunadaur_olho;brook;4;docas;9;11;126;0;90;morreu
KIND;m0;ghaunadaur_olho;brook;4;0;0;0
CSV;m0;ghaunadaur_olho;brook;5;dagruve;1;9;540;13;146;passou
CSV;m0;ghaunadaur_olho;brook;5;docas;9;10;75;0;70;morreu
KIND;m0;ghaunadaur_olho;brook;5;0;0;0
CSV;m0;ghaunadaur_olho;brook;6;dagruve;1;9;454;0;145;morreu
KIND;m0;ghaunadaur_olho;brook;6;0;0;0
CSV;m1;ghaunadaur_olho;brook;1;dagruve;1;4;176;0;52;morreu
KIND;m1;ghaunadaur_olho;brook;1;0;0;0
CSV;m1;ghaunadaur_olho;brook;2;dagruve;1;4;91;0;58;morreu
KIND;m1;ghaunadaur_olho;brook;2;0;0;0
CSV;m1;ghaunadaur_olho;brook;3;dagruve;1;9;605;0;135;morreu
KIND;m1;ghaunadaur_olho;brook;3;0;0;0
CSV;m1;ghaunadaur_olho;brook;4;dagruve;1;11;1361;31;395;passou
CSV;m1;ghaunadaur_olho;brook;4;docas;11;14;612;0;195;morreu
KIND;m1;ghaunadaur_olho;brook;4;0;0;0
CSV;m1;ghaunadaur_olho;brook;5;dagruve;1;6;439;0;50;morreu
KIND;m1;ghaunadaur_olho;brook;5;0;0;0
CSV;m1;ghaunadaur_olho;brook;6;dagruve;1;11;331;56;133;passou
CSV;m1;ghaunadaur_olho;brook;6;docas;11;17;358;0;217;morreu
KIND;m1;ghaunadaur_olho;brook;6;0;0;0
CSV;m0;ghaunadaur_olho;durvall;1;dagruve;1;6;213;0;94;morreu
KIND;m0;ghaunadaur_olho;durvall;1;0;0;0
CSV;m0;ghaunadaur_olho;durvall;2;dagruve;1;8;558;0;136;morreu
KIND;m0;ghaunadaur_olho;durvall;2;0;0;0
CSV;m0;ghaunadaur_olho;durvall;3;dagruve;1;5;165;0;38;morreu
KIND;m0;ghaunadaur_olho;durvall;3;0;0;0
CSV;m0;ghaunadaur_olho;durvall;4;dagruve;1;3;57;0;38;morreu
KIND;m0;ghaunadaur_olho;durvall;4;0;0;0
CSV;m0;ghaunadaur_olho;durvall;5;dagruve;1;5;248;0;71;morreu
KIND;m0;ghaunadaur_olho;durvall;5;0;0;0
CSV;m0;ghaunadaur_olho;durvall;6;dagruve;1;5;54;0;55;morreu
KIND;m0;ghaunadaur_olho;durvall;6;0;0;0
CSV;m1;ghaunadaur_olho;durvall;1;dagruve;1;5;217;0;46;morreu
KIND;m1;ghaunadaur_olho;durvall;1;0;0;0
CSV;m1;ghaunadaur_olho;durvall;2;dagruve;1;3;102;0;48;morreu
KIND;m1;ghaunadaur_olho;durvall;2;0;0;0
CSV;m1;ghaunadaur_olho;durvall;3;dagruve;1;4;60;0;52;morreu
KIND;m1;ghaunadaur_olho;durvall;3;0;0;0
CSV;m1;ghaunadaur_olho;durvall;4;dagruve;1;4;75;0;48;morreu
KIND;m1;ghaunadaur_olho;durvall;4;0;0;0
CSV;m1;ghaunadaur_olho;durvall;5;dagruve;1;5;181;0;46;morreu
KIND;m1;ghaunadaur_olho;durvall;5;0;0;0
CSV;m1;ghaunadaur_olho;durvall;6;dagruve;1;7;429;0;132;morreu
KIND;m1;ghaunadaur_olho;durvall;6;0;0;0
CSV;m0;ghaunadaur_olho;kayron;1;dagruve;1;3;49;0;38;morreu
KIND;m0;ghaunadaur_olho;kayron;1;0;0;0
CSV;m0;ghaunadaur_olho;kayron;2;dagruve;1;6;71;0;42;morreu
KIND;m0;ghaunadaur_olho;kayron;2;0;0;0
CSV;m0;ghaunadaur_olho;kayron;3;dagruve;1;3;51;0;38;morreu
KIND;m0;ghaunadaur_olho;kayron;3;0;0;0
CSV;m0;ghaunadaur_olho;kayron;4;dagruve;1;3;55;0;38;morreu
KIND;m0;ghaunadaur_olho;kayron;4;0;0;0
CSV;m0;ghaunadaur_olho;kayron;5;dagruve;1;8;183;0;48;morreu
KIND;m0;ghaunadaur_olho;kayron;5;0;0;0
CSV;m0;ghaunadaur_olho;kayron;6;dagruve;1;3;69;0;48;morreu
KIND;m0;ghaunadaur_olho;kayron;6;0;0;0
CSV;m1;ghaunadaur_olho;kayron;1;dagruve;1;8;119;0;46;morreu
KIND;m1;ghaunadaur_olho;kayron;1;0;0;0
CSV;m1;ghaunadaur_olho;kayron;2;dagruve;1;11;426;57;114;passou
CSV;m1;ghaunadaur_olho;kayron;2;docas;11;16;457;10;340;passou
CSV;m1;ghaunadaur_olho;kayron;2;shedaklah;16;21;1041;0;328;morreu
KIND;m1;ghaunadaur_olho;kayron;2;0;0;0
CSV;m1;ghaunadaur_olho;kayron;3;dagruve;1;4;154;0;46;morreu
KIND;m1;ghaunadaur_olho;kayron;3;0;0;0
CSV;m1;ghaunadaur_olho;kayron;4;dagruve;1;6;66;0;46;morreu
KIND;m1;ghaunadaur_olho;kayron;4;0;0;0
CSV;m1;ghaunadaur_olho;kayron;5;dagruve;1;6;92;0;66;morreu
KIND;m1;ghaunadaur_olho;kayron;5;0;0;0
CSV;m1;ghaunadaur_olho;kayron;6;dagruve;1;12;501;8;243;passou
CSV;m1;ghaunadaur_olho;kayron;6;docas;12;17;345;82;103;passou
CSV;m1;ghaunadaur_olho;kayron;6;shedaklah;17;18;74;0;220;morreu
KIND;m1;ghaunadaur_olho;kayron;6;0;0;0
CSV;m0;ghaunadaur_olho;korrak;1;dagruve;1;12;617;63;120;passou
CSV;m0;ghaunadaur_olho;korrak;1;docas;12;17;454;60;189;passou
CSV;m0;ghaunadaur_olho;korrak;1;shedaklah;17;24;1444;0;1370;morreu
KIND;m0;ghaunadaur_olho;korrak;1;0;0;0
CSV;m0;ghaunadaur_olho;korrak;2;dagruve;1;12;328;75;79;passou
CSV;m0;ghaunadaur_olho;korrak;2;docas;12;17;362;59;129;passou
CSV;m0;ghaunadaur_olho;korrak;2;shedaklah;17;18;73;0;177;morreu
KIND;m0;ghaunadaur_olho;korrak;2;0;0;0
CSV;m0;ghaunadaur_olho;korrak;3;dagruve;1;10;449;31;115;passou
CSV;m0;ghaunadaur_olho;korrak;3;docas;10;14;387;47;208;passou
CSV;m0;ghaunadaur_olho;korrak;3;shedaklah;14;20;1600;45;696;passou
CSV;m0;ghaunadaur_olho;korrak;3;molor;20;20;73;0;203;morreu
KIND;m0;ghaunadaur_olho;korrak;3;0;0;0
CSV;m0;ghaunadaur_olho;korrak;4;dagruve;1;12;605;67;125;passou
CSV;m0;ghaunadaur_olho;korrak;4;docas;12;16;401;21;333;passou
CSV;m0;ghaunadaur_olho;korrak;4;shedaklah;16;24;1904;9;1878;passou
CSV;m0;ghaunadaur_olho;korrak;4;molor;24;25;434;0;369;morreu
KIND;m0;ghaunadaur_olho;korrak;4;0;0;0
CSV;m0;ghaunadaur_olho;korrak;5;dagruve;1;13;731;63;304;passou
CSV;m0;ghaunadaur_olho;korrak;5;docas;13;16;351;25;346;passou
CSV;m0;ghaunadaur_olho;korrak;5;shedaklah;16;24;676;0;904;morreu
KIND;m0;ghaunadaur_olho;korrak;5;0;0;0
CSV;m0;ghaunadaur_olho;korrak;6;dagruve;1;10;380;75;77;passou
CSV;m0;ghaunadaur_olho;korrak;6;docas;10;11;68;0;89;morreu
KIND;m0;ghaunadaur_olho;korrak;6;0;0;0
CSV;m1;ghaunadaur_olho;korrak;1;dagruve;1;11;683;85;153;passou
CSV;m1;ghaunadaur_olho;korrak;1;docas;11;16;506;42;231;passou
CSV;m1;ghaunadaur_olho;korrak;1;shedaklah;16;17;58;0;120;morreu
KIND;m1;ghaunadaur_olho;korrak;1;0;0;0
CSV;m1;ghaunadaur_olho;korrak;2;dagruve;1;12;454;57;204;passou
CSV;m1;ghaunadaur_olho;korrak;2;docas;12;18;328;66;174;passou
CSV;m1;ghaunadaur_olho;korrak;2;shedaklah;18;23;1104;43;492;passou
CSV;m1;ghaunadaur_olho;korrak;2;molor;23;29;1230;0;1428;morreu
KIND;m1;ghaunadaur_olho;korrak;2;0;0;0
CSV;m1;ghaunadaur_olho;korrak;3;dagruve;1;14;320;59;271;passou
CSV;m1;ghaunadaur_olho;korrak;3;docas;14;18;326;46;222;passou
CSV;m1;ghaunadaur_olho;korrak;3;shedaklah;18;23;576;0;466;morreu
KIND;m1;ghaunadaur_olho;korrak;3;0;0;0
CSV;m1;ghaunadaur_olho;korrak;4;dagruve;1;11;519;79;216;passou
CSV;m1;ghaunadaur_olho;korrak;4;docas;11;14;428;73;137;passou
CSV;m1;ghaunadaur_olho;korrak;4;shedaklah;14;21;2265;0;1784;morreu
KIND;m1;ghaunadaur_olho;korrak;4;0;0;0
CSV;m1;ghaunadaur_olho;korrak;5;dagruve;1;9;449;66;120;passou
CSV;m1;ghaunadaur_olho;korrak;5;docas;9;15;353;32;323;passou
CSV;m1;ghaunadaur_olho;korrak;5;shedaklah;15;22;1102;0;1088;morreu
KIND;m1;ghaunadaur_olho;korrak;5;0;0;0
CSV;m1;ghaunadaur_olho;korrak;6;dagruve;1;14;314;72;196;passou
CSV;m1;ghaunadaur_olho;korrak;6;docas;14;18;331;52;268;passou
CSV;m1;ghaunadaur_olho;korrak;6;shedaklah;18;24;636;48;646;passou
CSV;m1;ghaunadaur_olho;korrak;6;molor;24;30;727;0;824;morreu
KIND;m1;ghaunadaur_olho;korrak;6;0;0;0
CSV;m0;ghaunadaur_olho;leoric;1;dagruve;1;12;557;50;91;passou
CSV;m0;ghaunadaur_olho;leoric;1;docas;12;13;122;0;90;morreu
KIND;m0;ghaunadaur_olho;leoric;1;0;0;0
CSV;m0;ghaunadaur_olho;leoric;2;dagruve;1;4;84;0;53;morreu
KIND;m0;ghaunadaur_olho;leoric;2;0;0;0
CSV;m0;ghaunadaur_olho;leoric;3;dagruve;1;5;151;0;42;morreu
KIND;m0;ghaunadaur_olho;leoric;3;0;0;0
CSV;m0;ghaunadaur_olho;leoric;4;dagruve;1;4;82;0;32;morreu
KIND;m0;ghaunadaur_olho;leoric;4;0;0;0
CSV;m0;ghaunadaur_olho;leoric;5;dagruve;1;3;100;0;32;morreu
KIND;m0;ghaunadaur_olho;leoric;5;0;0;0
CSV;m0;ghaunadaur_olho;leoric;6;dagruve;1;10;139;0;56;morreu
KIND;m0;ghaunadaur_olho;leoric;6;0;0;0
CSV;m1;ghaunadaur_olho;leoric;1;dagruve;1;6;157;0;40;morreu
KIND;m1;ghaunadaur_olho;leoric;1;0;0;0
CSV;m1;ghaunadaur_olho;leoric;2;dagruve;1;5;152;0;46;morreu
KIND;m1;ghaunadaur_olho;leoric;2;0;0;0
CSV;m1;ghaunadaur_olho;leoric;3;dagruve;1;4;87;0;46;morreu
KIND;m1;ghaunadaur_olho;leoric;3;0;0;0
CSV;m1;ghaunadaur_olho;leoric;4;dagruve;1;11;186;0;93;morreu
KIND;m1;ghaunadaur_olho;leoric;4;0;0;0
CSV;m1;ghaunadaur_olho;leoric;5;dagruve;1;4;47;0;40;morreu
KIND;m1;ghaunadaur_olho;leoric;5;0;0;0
CSV;m1;ghaunadaur_olho;leoric;6;dagruve;1;15;315;62;59;passou
CSV;m1;ghaunadaur_olho;leoric;6;docas;15;20;334;57;129;passou
CSV;m1;ghaunadaur_olho;leoric;6;shedaklah;20;26;994;1;908;passou
CSV;m1;ghaunadaur_olho;leoric;6;molor;26;31;433;0;813;morreu
KIND;m1;ghaunadaur_olho;leoric;6;0;0;0
CSV;m0;ghaunadaur_olho;maelor;1;dagruve;1;11;459;8;139;passou
CSV;m0;ghaunadaur_olho;maelor;1;docas;11;13;320;0;97;morreu
KIND;m0;ghaunadaur_olho;maelor;1;0;0;0
CSV;m0;ghaunadaur_olho;maelor;2;dagruve;1;11;402;10;184;passou
CSV;m0;ghaunadaur_olho;maelor;2;docas;11;11;62;0;73;morreu
KIND;m0;ghaunadaur_olho;maelor;2;0;0;0
CSV;m0;ghaunadaur_olho;maelor;3;dagruve;1;7;79;0;63;morreu
KIND;m0;ghaunadaur_olho;maelor;3;0;0;0
CSV;m0;ghaunadaur_olho;maelor;4;dagruve;1;11;368;21;136;passou
CSV;m0;ghaunadaur_olho;maelor;4;docas;11;12;76;0;82;morreu
KIND;m0;ghaunadaur_olho;maelor;4;0;0;0
CSV;m0;ghaunadaur_olho;maelor;5;dagruve;1;5;90;0;77;morreu
KIND;m0;ghaunadaur_olho;maelor;5;0;0;0
CSV;m0;ghaunadaur_olho;maelor;6;dagruve;1;5;130;0;89;morreu
KIND;m0;ghaunadaur_olho;maelor;6;0;0;0
CSV;m1;ghaunadaur_olho;maelor;1;dagruve;1;3;48;0;48;morreu
KIND;m1;ghaunadaur_olho;maelor;1;0;0;0
CSV;m1;ghaunadaur_olho;maelor;2;dagruve;1;11;508;33;177;passou
CSV;m1;ghaunadaur_olho;maelor;2;docas;11;15;572;15;237;passou
CSV;m1;ghaunadaur_olho;maelor;2;shedaklah;15;18;830;0;535;morreu
KIND;m1;ghaunadaur_olho;maelor;2;0;0;0
CSV;m1;ghaunadaur_olho;maelor;3;dagruve;1;13;527;42;136;passou
CSV;m1;ghaunadaur_olho;maelor;3;docas;13;15;532;10;227;passou
CSV;m1;ghaunadaur_olho;maelor;3;shedaklah;15;16;191;0;189;morreu
KIND;m1;ghaunadaur_olho;maelor;3;0;0;0
CSV;m1;ghaunadaur_olho;maelor;4;dagruve;1;13;322;23;164;passou
CSV;m1;ghaunadaur_olho;maelor;4;docas;13;14;123;0;182;morreu
KIND;m1;ghaunadaur_olho;maelor;4;0;0;0
CSV;m1;ghaunadaur_olho;maelor;5;dagruve;1;12;322;43;120;passou
CSV;m1;ghaunadaur_olho;maelor;5;docas;12;17;350;45;173;passou
CSV;m1;ghaunadaur_olho;maelor;5;shedaklah;17;21;607;0;340;morreu
KIND;m1;ghaunadaur_olho;maelor;5;0;0;0
CSV;m1;ghaunadaur_olho;maelor;6;dagruve;1;12;528;45;165;passou
CSV;m1;ghaunadaur_olho;maelor;6;docas;12;15;422;29;212;passou
CSV;m1;ghaunadaur_olho;maelor;6;shedaklah;15;15;85;0;117;morreu
KIND;m1;ghaunadaur_olho;maelor;6;0;0;0
CSV;m0;ghaunadaur_olho;nyrelia;1;dagruve;1;2;134;0;32;morreu
KIND;m0;ghaunadaur_olho;nyrelia;1;0;0;0
CSV;m0;ghaunadaur_olho;nyrelia;2;dagruve;1;5;310;0;43;morreu
KIND;m0;ghaunadaur_olho;nyrelia;2;0;0;0
CSV;m0;ghaunadaur_olho;nyrelia;3;dagruve;1;7;150;0;34;morreu
KIND;m0;ghaunadaur_olho;nyrelia;3;0;0;0
CSV;m0;ghaunadaur_olho;nyrelia;4;dagruve;1;4;141;0;32;morreu
KIND;m0;ghaunadaur_olho;nyrelia;4;0;0;0
CSV;m0;ghaunadaur_olho;nyrelia;5;dagruve;1;5;194;0;36;morreu
KIND;m0;ghaunadaur_olho;nyrelia;5;0;0;0
CSV;m0;ghaunadaur_olho;nyrelia;6;dagruve;1;3;53;0;32;morreu
KIND;m0;ghaunadaur_olho;nyrelia;6;0;0;0
CSV;m1;ghaunadaur_olho;nyrelia;1;dagruve;1;12;1047;25;420;passou
CSV;m1;ghaunadaur_olho;nyrelia;1;docas;12;14;413;56;135;passou
CSV;m1;ghaunadaur_olho;nyrelia;1;shedaklah;14;15;167;0;88;morreu
KIND;m1;ghaunadaur_olho;nyrelia;1;0;0;0
CSV;m1;ghaunadaur_olho;nyrelia;2;dagruve;1;4;82;0;40;morreu
KIND;m1;ghaunadaur_olho;nyrelia;2;0;0;0
CSV;m1;ghaunadaur_olho;nyrelia;3;dagruve;1;6;136;0;40;morreu
KIND;m1;ghaunadaur_olho;nyrelia;3;0;0;0
CSV;m1;ghaunadaur_olho;nyrelia;4;dagruve;1;3;90;0;40;morreu
KIND;m1;ghaunadaur_olho;nyrelia;4;0;0;0
CSV;m1;ghaunadaur_olho;nyrelia;5;dagruve;1;4;166;0;48;morreu
KIND;m1;ghaunadaur_olho;nyrelia;5;0;0;0
CSV;m1;ghaunadaur_olho;nyrelia;6;dagruve;1;4;138;0;40;morreu
KIND;m1;ghaunadaur_olho;nyrelia;6;0;0;0
CSV;m0;ghaunadaur_olho;sylas;1;dagruve;1;7;131;0;61;morreu
KIND;m0;ghaunadaur_olho;sylas;1;0;0;0
CSV;m0;ghaunadaur_olho;sylas;2;dagruve;1;8;131;0;36;morreu
KIND;m0;ghaunadaur_olho;sylas;2;0;0;0
CSV;m0;ghaunadaur_olho;sylas;3;dagruve;1;11;344;41;83;passou
CSV;m0;ghaunadaur_olho;sylas;3;docas;11;15;449;32;190;passou
CSV;m0;ghaunadaur_olho;sylas;3;shedaklah;15;16;150;0;161;morreu
KIND;m0;ghaunadaur_olho;sylas;3;0;0;0
CSV;m0;ghaunadaur_olho;sylas;4;dagruve;1;6;82;0;76;morreu
KIND;m0;ghaunadaur_olho;sylas;4;0;0;0
CSV;m0;ghaunadaur_olho;sylas;5;dagruve;1;7;140;0;58;morreu
KIND;m0;ghaunadaur_olho;sylas;5;0;0;0
CSV;m0;ghaunadaur_olho;sylas;6;dagruve;1;5;64;0;42;morreu
KIND;m0;ghaunadaur_olho;sylas;6;0;0;0
CSV;m1;ghaunadaur_olho;sylas;1;dagruve;1;10;192;0;55;morreu
KIND;m1;ghaunadaur_olho;sylas;1;0;0;0
CSV;m1;ghaunadaur_olho;sylas;2;dagruve;1;8;217;0;57;morreu
KIND;m1;ghaunadaur_olho;sylas;2;0;0;0
CSV;m1;ghaunadaur_olho;sylas;3;dagruve;1;12;365;32;36;passou
CSV;m1;ghaunadaur_olho;sylas;3;docas;12;12;75;0;31;morreu
KIND;m1;ghaunadaur_olho;sylas;3;0;0;0
CSV;m1;ghaunadaur_olho;sylas;4;dagruve;1;6;62;0;46;morreu
KIND;m1;ghaunadaur_olho;sylas;4;0;0;0
CSV;m1;ghaunadaur_olho;sylas;5;dagruve;1;9;179;0;46;morreu
KIND;m1;ghaunadaur_olho;sylas;5;0;0;0
CSV;m1;ghaunadaur_olho;sylas;6;dagruve;1;6;88;0;48;morreu
KIND;m1;ghaunadaur_olho;sylas;6;0;0;0
CSV;m0;ghaunadaur_olho;zynara;1;dagruve;1;3;67;0;34;morreu
KIND;m0;ghaunadaur_olho;zynara;1;0;0;0
CSV;m0;ghaunadaur_olho;zynara;2;dagruve;1;10;553;45;103;passou
CSV;m0;ghaunadaur_olho;zynara;2;docas;10;13;169;0;95;morreu
KIND;m0;ghaunadaur_olho;zynara;2;0;0;0
CSV;m0;ghaunadaur_olho;zynara;3;dagruve;1;8;397;59;86;passou
CSV;m0;ghaunadaur_olho;zynara;3;docas;8;11;256;0;194;morreu
KIND;m0;ghaunadaur_olho;zynara;3;0;0;0
CSV;m0;ghaunadaur_olho;zynara;4;dagruve;1;8;410;0;100;morreu
KIND;m0;ghaunadaur_olho;zynara;4;0;0;0
CSV;m0;ghaunadaur_olho;zynara;5;dagruve;1;5;207;0;34;morreu
KIND;m0;ghaunadaur_olho;zynara;5;0;0;0
CSV;m0;ghaunadaur_olho;zynara;6;dagruve;1;12;806;0;266;passou
CSV;m0;ghaunadaur_olho;zynara;6;docas;12;15;582;18;171;passou
CSV;m0;ghaunadaur_olho;zynara;6;shedaklah;15;15;42;0;53;morreu
KIND;m0;ghaunadaur_olho;zynara;6;0;0;0
CSV;m1;ghaunadaur_olho;zynara;1;dagruve;1;4;56;0;50;morreu
KIND;m1;ghaunadaur_olho;zynara;1;0;0;0
CSV;m1;ghaunadaur_olho;zynara;2;dagruve;1;4;115;0;48;morreu
KIND;m1;ghaunadaur_olho;zynara;2;0;0;0
CSV;m1;ghaunadaur_olho;zynara;3;dagruve;1;10;367;59;65;passou
CSV;m1;ghaunadaur_olho;zynara;3;docas;10;15;449;43;158;passou
CSV;m1;ghaunadaur_olho;zynara;3;shedaklah;15;17;278;0;184;morreu
KIND;m1;ghaunadaur_olho;zynara;3;0;0;0
CSV;m1;ghaunadaur_olho;zynara;4;dagruve;1;3;66;0;42;morreu
KIND;m1;ghaunadaur_olho;zynara;4;0;0;0
CSV;m1;ghaunadaur_olho;zynara;5;dagruve;1;3;96;0;45;morreu
KIND;m1;ghaunadaur_olho;zynara;5;0;0;0
CSV;m1;ghaunadaur_olho;zynara;6;dagruve;1;9;342;51;81;passou
CSV;m1;ghaunadaur_olho;zynara;6;docas;9;11;120;0;48;morreu
KIND;m1;ghaunadaur_olho;zynara;6;0;0;0
CSV;m0;helion_tarn;bromnor;1;dagruve;1;6;350;0;50;morreu
KIND;m0;helion_tarn;bromnor;1;0;0;0
CSV;m0;helion_tarn;bromnor;2;dagruve;1;8;564;0;60;morreu
KIND;m0;helion_tarn;bromnor;2;0;0;0
CSV;m0;helion_tarn;bromnor;3;dagruve;1;11;695;50;33;passou
CSV;m0;helion_tarn;bromnor;3;docas;11;14;439;77;29;passou
CSV;m0;helion_tarn;bromnor;3;shedaklah;14;16;759;0;128;morreu
KIND;m0;helion_tarn;bromnor;3;0;0;0
CSV;m0;helion_tarn;bromnor;4;dagruve;1;13;3312;18;132;passou
CSV;m0;helion_tarn;bromnor;4;docas;13;14;621;39;61;passou
CSV;m0;helion_tarn;bromnor;4;shedaklah;14;16;777;0;140;morreu
KIND;m0;helion_tarn;bromnor;4;0;0;0
CSV;m0;helion_tarn;bromnor;5;dagruve;1;12;1089;84;48;passou
CSV;m0;helion_tarn;bromnor;5;docas;12;15;626;49;123;passou
CSV;m0;helion_tarn;bromnor;5;shedaklah;15;20;1955;0;429;morreu
KIND;m0;helion_tarn;bromnor;5;0;0;0
CSV;m0;helion_tarn;bromnor;6;dagruve;1;12;1964;74;34;passou
CSV;m0;helion_tarn;bromnor;6;docas;12;14;660;0;178;morreu
KIND;m0;helion_tarn;bromnor;6;0;0;0
CSV;m1;helion_tarn;bromnor;1;dagruve;1;12;1982;83;39;passou
CSV;m1;helion_tarn;bromnor;1;docas;12;14;644;97;2;passou
CSV;m1;helion_tarn;bromnor;1;shedaklah;14;15;339;0;142;morreu
KIND;m1;helion_tarn;bromnor;1;0;0;0
CSV;m1;helion_tarn;bromnor;2;dagruve;1;11;1257;100;0;passou
CSV;m1;helion_tarn;bromnor;2;docas;11;14;537;17;61;passou
CSV;m1;helion_tarn;bromnor;2;shedaklah;14;19;535;0;94;morreu
KIND;m1;helion_tarn;bromnor;2;0;0;0
CSV;m1;helion_tarn;bromnor;3;dagruve;1;12;1077;69;18;passou
CSV;m1;helion_tarn;bromnor;3;docas;12;15;465;69;56;passou
CSV;m1;helion_tarn;bromnor;3;shedaklah;15;16;272;0;91;morreu
KIND;m1;helion_tarn;bromnor;3;0;0;0
CSV;m1;helion_tarn;bromnor;4;dagruve;1;10;710;80;11;passou
CSV;m1;helion_tarn;bromnor;4;docas;10;14;773;80;32;passou
CSV;m1;helion_tarn;bromnor;4;shedaklah;14;14;55;0;63;morreu
KIND;m1;helion_tarn;bromnor;4;0;0;0
CSV;m1;helion_tarn;bromnor;5;dagruve;1;11;516;75;18;passou
CSV;m1;helion_tarn;bromnor;5;docas;11;13;257;0;67;morreu
KIND;m1;helion_tarn;bromnor;5;0;0;0
CSV;m1;helion_tarn;bromnor;6;dagruve;1;11;515;77;19;passou
CSV;m1;helion_tarn;bromnor;6;docas;11;14;512;50;50;passou
CSV;m1;helion_tarn;bromnor;6;shedaklah;14;18;1106;0;294;morreu
KIND;m1;helion_tarn;bromnor;6;0;0;0
CSV;m0;helion_tarn;brook;1;dagruve;1;2;102;0;42;morreu
KIND;m0;helion_tarn;brook;1;0;0;0
CSV;m0;helion_tarn;brook;2;dagruve;1;10;1167;15;135;passou
CSV;m0;helion_tarn;brook;2;docas;10;12;465;17;102;passou
CSV;m0;helion_tarn;brook;2;shedaklah;12;13;268;0;117;morreu
KIND;m0;helion_tarn;brook;2;0;0;0
CSV;m0;helion_tarn;brook;3;dagruve;1;14;1422;80;34;passou
CSV;m0;helion_tarn;brook;3;docas;14;16;445;2;110;passou
CSV;m0;helion_tarn;brook;3;shedaklah;16;20;1699;0;265;morreu
KIND;m0;helion_tarn;brook;3;0;0;0
CSV;m0;helion_tarn;brook;4;dagruve;1;11;1400;42;80;?
KIND;m0;helion_tarn;brook;4;0;0;0
CSV;m0;helion_tarn;brook;5;dagruve;1;8;389;0;66;morreu
KIND;m0;helion_tarn;brook;5;0;0;0
CSV;m0;helion_tarn;brook;6;dagruve;1;12;1849;40;422;passou
CSV;m0;helion_tarn;brook;6;docas;12;15;474;47;217;passou
CSV;m0;helion_tarn;brook;6;shedaklah;15;15;36;0;50;morreu
KIND;m0;helion_tarn;brook;6;0;0;0
CSV;m1;helion_tarn;brook;1;dagruve;1;7;362;0;63;morreu
KIND;m1;helion_tarn;brook;1;0;0;0
CSV;m1;helion_tarn;brook;2;dagruve;1;14;1513;50;115;passou
CSV;m1;helion_tarn;brook;2;docas;14;17;396;93;6;passou
CSV;m1;helion_tarn;brook;2;shedaklah;17;21;609;0;207;morreu
KIND;m1;helion_tarn;brook;2;0;0;0
CSV;m1;helion_tarn;brook;3;dagruve;1;11;526;28;56;passou
CSV;m1;helion_tarn;brook;3;docas;11;14;370;0;76;morreu
KIND;m1;helion_tarn;brook;3;0;0;0
CSV;m1;helion_tarn;brook;4;dagruve;1;4;218;0;48;morreu
KIND;m1;helion_tarn;brook;4;0;0;0
CSV;m1;helion_tarn;brook;5;dagruve;1;6;424;0;48;morreu
KIND;m1;helion_tarn;brook;5;0;0;0
CSV;m1;helion_tarn;brook;6;dagruve;1;8;989;0;82;morreu
KIND;m1;helion_tarn;brook;6;0;0;0
CSV;m0;helion_tarn;durvall;1;dagruve;1;4;225;0;38;morreu
KIND;m0;helion_tarn;durvall;1;0;0;0
CSV;m0;helion_tarn;durvall;2;dagruve;1;5;360;0;42;morreu
KIND;m0;helion_tarn;durvall;2;0;0;0
CSV;m0;helion_tarn;durvall;3;dagruve;1;12;1763;0;324;morreu
KIND;m0;helion_tarn;durvall;3;0;0;0
CSV;m0;helion_tarn;durvall;4;dagruve;1;2;53;0;47;morreu
KIND;m0;helion_tarn;durvall;4;0;0;0
CSV;m0;helion_tarn;durvall;5;dagruve;1;5;187;0;42;morreu
KIND;m0;helion_tarn;durvall;5;0;0;0
CSV;m0;helion_tarn;durvall;6;dagruve;1;9;968;0;158;morreu
KIND;m0;helion_tarn;durvall;6;0;0;0
CSV;m1;helion_tarn;durvall;1;dagruve;1;4;298;0;46;morreu
KIND;m1;helion_tarn;durvall;1;0;0;0
CSV;m1;helion_tarn;durvall;2;dagruve;1;10;677;57;70;passou
CSV;m1;helion_tarn;durvall;2;docas;10;14;456;22;134;passou
CSV;m1;helion_tarn;durvall;2;shedaklah;14;14;47;0;48;morreu
KIND;m1;helion_tarn;durvall;2;0;0;0
CSV;m1;helion_tarn;durvall;3;dagruve;1;5;179;0;46;morreu
KIND;m1;helion_tarn;durvall;3;0;0;0
CSV;m1;helion_tarn;durvall;4;dagruve;1;12;1678;39;122;passou
CSV;m1;helion_tarn;durvall;4;docas;12;14;702;59;131;passou
CSV;m1;helion_tarn;durvall;4;shedaklah;14;15;622;0;167;morreu
KIND;m1;helion_tarn;durvall;4;0;0;0
CSV;m1;helion_tarn;durvall;5;dagruve;1;6;427;0;69;morreu
KIND;m1;helion_tarn;durvall;5;0;0;0
CSV;m1;helion_tarn;durvall;6;dagruve;1;5;59;0;63;morreu
KIND;m1;helion_tarn;durvall;6;0;0;0
CSV;m0;helion_tarn;kayron;1;dagruve;1;12;350;67;32;passou
CSV;m0;helion_tarn;kayron;1;docas;12;16;450;73;49;passou
CSV;m0;helion_tarn;kayron;1;shedaklah;16;20;687;0;138;morreu
KIND;m0;helion_tarn;kayron;1;0;0;0
CSV;m0;helion_tarn;kayron;2;dagruve;1;4;98;0;42;morreu
KIND;m0;helion_tarn;kayron;2;0;0;0
CSV;m0;helion_tarn;kayron;3;dagruve;1;6;104;0;38;morreu
KIND;m0;helion_tarn;kayron;3;0;0;0
CSV;m0;helion_tarn;kayron;4;dagruve;1;5;189;0;38;morreu
KIND;m0;helion_tarn;kayron;4;0;0;0
CSV;m0;helion_tarn;kayron;5;dagruve;1;10;547;44;43;passou
CSV;m0;helion_tarn;kayron;5;docas;10;16;497;37;113;passou
CSV;m0;helion_tarn;kayron;5;shedaklah;16;20;561;0;362;morreu
KIND;m0;helion_tarn;kayron;5;0;0;0
CSV;m0;helion_tarn;kayron;6;dagruve;1;11;484;39;38;passou
CSV;m0;helion_tarn;kayron;6;docas;11;13;211;0;106;morreu
KIND;m0;helion_tarn;kayron;6;0;0;0
CSV;m1;helion_tarn;kayron;1;dagruve;1;11;327;80;17;passou
CSV;m1;helion_tarn;kayron;1;docas;11;17;322;77;20;passou
CSV;m1;helion_tarn;kayron;1;shedaklah;17;18;39;0;62;morreu
KIND;m1;helion_tarn;kayron;1;0;0;0
CSV;m1;helion_tarn;kayron;2;dagruve;1;4;164;0;52;morreu
KIND;m1;helion_tarn;kayron;2;0;0;0
CSV;m1;helion_tarn;kayron;3;dagruve;1;15;316;67;35;passou
CSV;m1;helion_tarn;kayron;3;docas;15;20;319;36;46;passou
CSV;m1;helion_tarn;kayron;3;shedaklah;20;26;564;51;89;passou
CSV;m1;helion_tarn;kayron;3;molor;26;32;614;79;114;passou
KIND;m1;helion_tarn;kayron;3;0;0;0
CSV;m1;helion_tarn;kayron;4;dagruve;1;6;75;0;46;morreu
KIND;m1;helion_tarn;kayron;4;0;0;0
CSV;m1;helion_tarn;kayron;5;dagruve;1;12;534;7;64;passou
CSV;m1;helion_tarn;kayron;5;docas;12;13;67;0;46;morreu
KIND;m1;helion_tarn;kayron;5;0;0;0
CSV;m1;helion_tarn;kayron;6;dagruve;1;14;318;76;18;passou
CSV;m1;helion_tarn;kayron;6;docas;14;19;324;83;13;passou
CSV;m1;helion_tarn;kayron;6;shedaklah;19;24;672;26;91;passou
CSV;m1;helion_tarn;kayron;6;molor;24;29;802;42;257;passou
KIND;m1;helion_tarn;kayron;6;0;0;0
CSV;m0;helion_tarn;korrak;1;dagruve;1;12;692;70;81;passou
CSV;m0;helion_tarn;korrak;1;docas;12;15;474;54;148;passou
CSV;m0;helion_tarn;korrak;1;shedaklah;15;18;1295;0;341;morreu
KIND;m0;helion_tarn;korrak;1;0;0;0
CSV;m0;helion_tarn;korrak;2;dagruve;1;13;322;60;125;passou
CSV;m0;helion_tarn;korrak;2;docas;13;18;353;64;145;passou
CSV;m0;helion_tarn;korrak;2;shedaklah;18;23;641;7;604;passou
CSV;m0;helion_tarn;korrak;2;molor;23;29;598;32;281;passou
KIND;m0;helion_tarn;korrak;2;0;0;0
CSV;m0;helion_tarn;korrak;3;dagruve;1;14;1267;66;227;passou
CSV;m0;helion_tarn;korrak;3;docas;14;17;410;64;108;passou
CSV;m0;helion_tarn;korrak;3;shedaklah;17;25;1476;4;947;passou
CSV;m0;helion_tarn;korrak;3;molor;25;26;649;0;247;morreu
KIND;m0;helion_tarn;korrak;3;0;0;0
CSV;m0;helion_tarn;korrak;4;dagruve;1;13;340;43;72;passou
CSV;m0;helion_tarn;korrak;4;docas;13;18;350;57;100;passou
CSV;m0;helion_tarn;korrak;4;shedaklah;18;28;1473;33;694;passou
CSV;m0;helion_tarn;korrak;4;molor;28;31;695;0;446;morreu
KIND;m0;helion_tarn;korrak;4;0;0;0
CSV;m0;helion_tarn;korrak;5;dagruve;1;11;676;85;66;passou
CSV;m0;helion_tarn;korrak;5;docas;11;16;395;69;119;passou
CSV;m0;helion_tarn;korrak;5;shedaklah;16;23;2231;5;826;passou
CSV;m0;helion_tarn;korrak;5;molor;23;24;115;0;303;morreu
KIND;m0;helion_tarn;korrak;5;0;0;0
CSV;m0;helion_tarn;korrak;6;dagruve;1;15;1952;24;308;passou
CSV;m0;helion_tarn;korrak;6;docas;15;17;396;9;217;passou
CSV;m0;helion_tarn;korrak;6;shedaklah;17;22;1662;0;1139;morreu
KIND;m0;helion_tarn;korrak;6;0;0;0
CSV;m1;helion_tarn;korrak;1;dagruve;1;11;349;76;53;passou
CSV;m1;helion_tarn;korrak;1;docas;11;18;392;71;101;passou
CSV;m1;helion_tarn;korrak;1;shedaklah;18;19;160;0;264;morreu
KIND;m1;helion_tarn;korrak;1;0;0;0
CSV;m1;helion_tarn;korrak;2;dagruve;1;11;624;75;135;passou
CSV;m1;helion_tarn;korrak;2;docas;11;16;412;61;101;passou
CSV;m1;helion_tarn;korrak;2;shedaklah;16;25;2194;6;1440;passou
CSV;m1;helion_tarn;korrak;2;molor;25;26;292;0;259;morreu
KIND;m1;helion_tarn;korrak;2;0;0;0
CSV;m1;helion_tarn;korrak;3;dagruve;1;11;356;55;88;passou
CSV;m1;helion_tarn;korrak;3;docas;11;16;527;36;167;passou
CSV;m1;helion_tarn;korrak;3;shedaklah;16;19;544;0;464;morreu
KIND;m1;helion_tarn;korrak;3;0;0;0
CSV;m1;helion_tarn;korrak;4;dagruve;1;12;726;72;136;passou
CSV;m1;helion_tarn;korrak;4;docas;12;15;538;66;161;passou
CSV;m1;helion_tarn;korrak;4;shedaklah;15;22;2866;38;1389;passou
CSV;m1;helion_tarn;korrak;4;molor;22;25;1494;0;1051;morreu
KIND;m1;helion_tarn;korrak;4;0;0;0
CSV;m1;helion_tarn;korrak;5;dagruve;1;12;977;65;210;passou
CSV;m1;helion_tarn;korrak;5;docas;12;15;403;75;42;passou
CSV;m1;helion_tarn;korrak;5;shedaklah;15;18;1200;0;325;morreu
KIND;m1;helion_tarn;korrak;5;0;0;0
CSV;m1;helion_tarn;korrak;6;dagruve;1;14;458;79;163;passou
CSV;m1;helion_tarn;korrak;6;docas;14;16;397;68;217;passou
CSV;m1;helion_tarn;korrak;6;shedaklah;16;21;1538;0;772;morreu
KIND;m1;helion_tarn;korrak;6;0;0;0
CSV;m0;helion_tarn;leoric;1;dagruve;1;5;191;0;32;morreu
KIND;m0;helion_tarn;leoric;1;0;0;0
CSV;m0;helion_tarn;leoric;2;dagruve;1;5;175;0;53;morreu
KIND;m0;helion_tarn;leoric;2;0;0;0
CSV;m0;helion_tarn;leoric;3;dagruve;1;7;222;0;32;morreu
KIND;m0;helion_tarn;leoric;3;0;0;0
CSV;m0;helion_tarn;leoric;4;dagruve;1;14;1352;42;83;passou
CSV;m0;helion_tarn;leoric;4;docas;14;16;314;0;147;morreu
KIND;m0;helion_tarn;leoric;4;0;0;0
CSV;m0;helion_tarn;leoric;5;dagruve;1;11;897;0;118;morreu
KIND;m0;helion_tarn;leoric;5;0;0;0
CSV;m0;helion_tarn;leoric;6;dagruve;1;16;1182;40;47;passou
CSV;m0;helion_tarn;leoric;6;docas;16;17;137;0;62;morreu
KIND;m0;helion_tarn;leoric;6;0;0;0
CSV;m1;helion_tarn;leoric;1;dagruve;1;12;435;52;77;passou
CSV;m1;helion_tarn;leoric;1;docas;12;16;453;68;31;passou
CSV;m1;helion_tarn;leoric;1;shedaklah;16;16;38;0;53;morreu
KIND;m1;helion_tarn;leoric;1;0;0;0
CSV;m1;helion_tarn;leoric;2;dagruve;1;13;336;60;51;passou
CSV;m1;helion_tarn;leoric;2;docas;13;15;146;0;57;morreu
KIND;m1;helion_tarn;leoric;2;0;0;0
CSV;m1;helion_tarn;leoric;3;dagruve;1;4;85;0;40;morreu
KIND;m1;helion_tarn;leoric;3;0;0;0
CSV;m1;helion_tarn;leoric;4;dagruve;1;12;683;29;125;passou
CSV;m1;helion_tarn;leoric;4;docas;12;15;522;29;268;passou
CSV;m1;helion_tarn;leoric;4;shedaklah;15;22;884;0;430;morreu
KIND;m1;helion_tarn;leoric;4;0;0;0
CSV;m1;helion_tarn;leoric;5;dagruve;1;3;110;0;40;morreu
KIND;m1;helion_tarn;leoric;5;0;0;0
CSV;m1;helion_tarn;leoric;6;dagruve;1;11;136;0;48;morreu
KIND;m1;helion_tarn;leoric;6;0;0;0
CSV;m0;helion_tarn;maelor;1;dagruve;1;13;875;71;20;passou
CSV;m0;helion_tarn;maelor;1;docas;13;15;611;40;74;passou
CSV;m0;helion_tarn;maelor;1;shedaklah;15;17;615;0;113;morreu
KIND;m0;helion_tarn;maelor;1;0;0;0
CSV;m0;helion_tarn;maelor;2;dagruve;1;11;568;52;30;passou
CSV;m0;helion_tarn;maelor;2;docas;11;11;141;0;74;morreu
KIND;m0;helion_tarn;maelor;2;0;0;0
CSV;m0;helion_tarn;maelor;3;dagruve;1;4;144;0;66;morreu
KIND;m0;helion_tarn;maelor;3;0;0;0
CSV;m0;helion_tarn;maelor;4;dagruve;1;11;322;27;103;passou
CSV;m0;helion_tarn;maelor;4;docas;11;13;113;0;109;morreu
KIND;m0;helion_tarn;maelor;4;0;0;0
CSV;m0;helion_tarn;maelor;5;dagruve;1;10;322;31;104;passou
CSV;m0;helion_tarn;maelor;5;docas;10;17;335;91;17;passou
CSV;m0;helion_tarn;maelor;5;shedaklah;17;20;263;0;119;morreu
KIND;m0;helion_tarn;maelor;5;0;0;0
CSV;m0;helion_tarn;maelor;6;dagruve;1;10;378;79;30;passou
CSV;m0;helion_tarn;maelor;6;docas;10;11;67;0;59;morreu
KIND;m0;helion_tarn;maelor;6;0;0;0
CSV;m1;helion_tarn;maelor;1;dagruve;1;12;964;88;6;passou
CSV;m1;helion_tarn;maelor;1;docas;12;14;466;88;8;passou
CSV;m1;helion_tarn;maelor;1;shedaklah;14;14;44;0;66;morreu
KIND;m1;helion_tarn;maelor;1;0;0;0
CSV;m1;helion_tarn;maelor;2;dagruve;1;12;388;82;40;passou
CSV;m1;helion_tarn;maelor;2;docas;12;14;77;0;69;morreu
KIND;m1;helion_tarn;maelor;2;0;0;0
CSV;m1;helion_tarn;maelor;3;dagruve;1;11;506;65;46;passou
CSV;m1;helion_tarn;maelor;3;docas;11;12;83;0;78;morreu
KIND;m1;helion_tarn;maelor;3;0;0;0
CSV;m1;helion_tarn;maelor;4;dagruve;1;12;395;45;35;passou
CSV;m1;helion_tarn;maelor;4;docas;12;13;204;0;62;morreu
KIND;m1;helion_tarn;maelor;4;0;0;0
CSV;m1;helion_tarn;maelor;5;dagruve;1;10;381;99;0;passou
CSV;m1;helion_tarn;maelor;5;docas;10;15;342;99;0;passou
CSV;m1;helion_tarn;maelor;5;shedaklah;15;15;61;0;84;morreu
KIND;m1;helion_tarn;maelor;5;0;0;0
CSV;m1;helion_tarn;maelor;6;dagruve;1;11;370;50;29;passou
CSV;m1;helion_tarn;maelor;6;docas;11;12;139;0;87;morreu
KIND;m1;helion_tarn;maelor;6;0;0;0
CSV;m0;helion_tarn;nyrelia;1;dagruve;1;13;1313;41;121;passou
CSV;m0;helion_tarn;nyrelia;1;docas;13;17;386;50;103;passou
CSV;m0;helion_tarn;nyrelia;1;shedaklah;17;20;626;0;230;morreu
KIND;m0;helion_tarn;nyrelia;1;0;0;0
CSV;m0;helion_tarn;nyrelia;2;dagruve;1;1;83;0;32;morreu
KIND;m0;helion_tarn;nyrelia;2;0;0;0
CSV;m0;helion_tarn;nyrelia;3;dagruve;1;5;329;0;45;morreu
KIND;m0;helion_tarn;nyrelia;3;0;0;0
CSV;m0;helion_tarn;nyrelia;4;dagruve;1;3;154;0;32;morreu
KIND;m0;helion_tarn;nyrelia;4;0;0;0
CSV;m0;helion_tarn;nyrelia;5;dagruve;1;11;1426;6;347;passou
CSV;m0;helion_tarn;nyrelia;5;docas;11;11;75;0;37;morreu
KIND;m0;helion_tarn;nyrelia;5;0;0;0
CSV;m0;helion_tarn;nyrelia;6;dagruve;1;3;209;0;32;morreu
KIND;m0;helion_tarn;nyrelia;6;0;0;0
CSV;m1;helion_tarn;nyrelia;1;dagruve;1;15;1855;61;34;passou
CSV;m1;helion_tarn;nyrelia;1;docas;15;17;568;0;141;morreu
KIND;m1;helion_tarn;nyrelia;1;0;0;0
CSV;m1;helion_tarn;nyrelia;2;dagruve;1;10;512;50;35;passou
CSV;m1;helion_tarn;nyrelia;2;docas;10;11;672;0;185;morreu
KIND;m1;helion_tarn;nyrelia;2;0;0;0
CSV;m1;helion_tarn;nyrelia;3;dagruve;1;13;1827;13;200;passou
CSV;m1;helion_tarn;nyrelia;3;docas;13;16;558;7;141;passou
CSV;m1;helion_tarn;nyrelia;3;shedaklah;16;21;2511;0;932;morreu
KIND;m1;helion_tarn;nyrelia;3;0;0;0
CSV;m1;helion_tarn;nyrelia;4;dagruve;1;2;53;0;40;morreu
KIND;m1;helion_tarn;nyrelia;4;0;0;0
CSV;m1;helion_tarn;nyrelia;5;dagruve;1;14;1903;78;64;passou
CSV;m1;helion_tarn;nyrelia;5;docas;14;17;594;90;18;passou
CSV;m1;helion_tarn;nyrelia;5;shedaklah;17;17;54;0;49;morreu
KIND;m1;helion_tarn;nyrelia;5;0;0;0
CSV;m1;helion_tarn;nyrelia;6;dagruve;1;13;2187;17;208;passou
CSV;m1;helion_tarn;nyrelia;6;docas;13;13;159;0;73;morreu
KIND;m1;helion_tarn;nyrelia;6;0;0;0
CSV;m0;helion_tarn;sylas;1;dagruve;1;8;157;0;48;morreu
KIND;m0;helion_tarn;sylas;1;0;0;0
CSV;m0;helion_tarn;sylas;2;dagruve;1;8;176;0;45;morreu
KIND;m0;helion_tarn;sylas;2;0;0;0
CSV;m0;helion_tarn;sylas;3;dagruve;1;12;527;78;26;passou
CSV;m0;helion_tarn;sylas;3;docas;12;16;533;49;89;passou
CSV;m0;helion_tarn;sylas;3;shedaklah;16;22;709;19;167;passou
CSV;m0;helion_tarn;sylas;3;molor;22;29;901;29;386;passou
KIND;m0;helion_tarn;sylas;3;0;0;0
CSV;m0;helion_tarn;sylas;4;dagruve;1;7;186;0;40;morreu
KIND;m0;helion_tarn;sylas;4;0;0;0
CSV;m0;helion_tarn;sylas;5;dagruve;1;4;73;0;36;morreu
KIND;m0;helion_tarn;sylas;5;0;0;0
CSV;m0;helion_tarn;sylas;6;dagruve;1;8;99;0;36;morreu
KIND;m0;helion_tarn;sylas;6;0;0;0
CSV;m1;helion_tarn;sylas;1;dagruve;1;12;476;94;10;passou
CSV;m1;helion_tarn;sylas;1;docas;12;17;346;37;48;passou
CSV;m1;helion_tarn;sylas;1;shedaklah;17;21;593;0;102;morreu
KIND;m1;helion_tarn;sylas;1;0;0;0
CSV;m1;helion_tarn;sylas;2;dagruve;1;12;250;0;59;morreu
KIND;m1;helion_tarn;sylas;2;0;0;0
CSV;m1;helion_tarn;sylas;3;dagruve;1;11;433;58;22;passou
CSV;m1;helion_tarn;sylas;3;docas;11;17;349;74;26;passou
CSV;m1;helion_tarn;sylas;3;shedaklah;17;21;840;0;239;morreu
KIND;m1;helion_tarn;sylas;3;0;0;0
CSV;m1;helion_tarn;sylas;4;dagruve;1;11;326;97;1;passou
CSV;m1;helion_tarn;sylas;4;docas;11;18;346;90;13;passou
CSV;m1;helion_tarn;sylas;4;shedaklah;18;22;877;0;202;morreu
KIND;m1;helion_tarn;sylas;4;0;0;0
CSV;m1;helion_tarn;sylas;5;dagruve;1;10;283;0;46;morreu
KIND;m1;helion_tarn;sylas;5;0;0;0
CSV;m1;helion_tarn;sylas;6;dagruve;1;10;332;81;8;passou
CSV;m1;helion_tarn;sylas;6;docas;10;16;480;65;50;passou
CSV;m1;helion_tarn;sylas;6;shedaklah;16;23;773;0;184;morreu
KIND;m1;helion_tarn;sylas;6;0;0;0
CSV;m0;helion_tarn;zynara;1;dagruve;1;9;222;0;44;morreu
KIND;m0;helion_tarn;zynara;1;0;0;0
CSV;m0;helion_tarn;zynara;2;dagruve;1;8;237;0;38;morreu
KIND;m0;helion_tarn;zynara;2;0;0;0
CSV;m0;helion_tarn;zynara;3;dagruve;1;1;101;0;34;morreu
KIND;m0;helion_tarn;zynara;3;0;0;0
CSV;m0;helion_tarn;zynara;4;dagruve;1;10;771;82;10;passou
CSV;m0;helion_tarn;zynara;4;docas;10;16;481;77;54;passou
CSV;m0;helion_tarn;zynara;4;shedaklah;16;19;472;0;116;morreu
KIND;m0;helion_tarn;zynara;4;0;0;0
CSV;m0;helion_tarn;zynara;5;dagruve;1;4;203;0;34;morreu
KIND;m0;helion_tarn;zynara;5;0;0;0
CSV;m0;helion_tarn;zynara;6;dagruve;1;3;54;0;42;morreu
KIND;m0;helion_tarn;zynara;6;0;0;0
CSV;m1;helion_tarn;zynara;1;dagruve;1;12;1130;54;28;passou
CSV;m1;helion_tarn;zynara;1;docas;12;16;524;86;18;passou
CSV;m1;helion_tarn;zynara;1;shedaklah;16;22;1104;0;177;morreu
KIND;m1;helion_tarn;zynara;1;0;0;0
CSV;m1;helion_tarn;zynara;2;dagruve;1;11;684;60;22;passou
CSV;m1;helion_tarn;zynara;2;docas;11;15;645;59;44;passou
CSV;m1;helion_tarn;zynara;2;shedaklah;15;19;1125;0;189;morreu
KIND;m1;helion_tarn;zynara;2;0;0;0
CSV;m1;helion_tarn;zynara;3;dagruve;1;9;590;42;82;passou
CSV;m1;helion_tarn;zynara;3;docas;9;13;648;52;87;passou
CSV;m1;helion_tarn;zynara;3;shedaklah;13;20;834;0;381;morreu
KIND;m1;helion_tarn;zynara;3;0;0;0
CSV;m1;helion_tarn;zynara;4;dagruve;1;6;126;0;42;morreu
KIND;m1;helion_tarn;zynara;4;0;0;0
CSV;m1;helion_tarn;zynara;5;dagruve;1;12;840;19;51;passou
CSV;m1;helion_tarn;zynara;5;docas;12;15;492;68;39;passou
CSV;m1;helion_tarn;zynara;5;shedaklah;15;20;786;0;275;morreu
KIND;m1;helion_tarn;zynara;5;0;0;0
CSV;m1;helion_tarn;zynara;6;dagruve;1;11;626;54;41;passou
CSV;m1;helion_tarn;zynara;6;docas;11;14;451;35;179;passou
CSV;m1;helion_tarn;zynara;6;shedaklah;14;16;557;0;154;morreu
KIND;m1;helion_tarn;zynara;6;0;0;0
CSV;m0;lliira_passo_leve;bromnor;1;dagruve;1;13;1253;50;92;passou
CSV;m0;lliira_passo_leve;bromnor;1;docas;13;17;382;27;41;passou
CSV;m0;lliira_passo_leve;bromnor;1;shedaklah;17;18;112;0;38;morreu
KIND;m0;lliira_passo_leve;bromnor;1;0;0;0
CSV;m0;lliira_passo_leve;bromnor;2;dagruve;1;12;1084;80;96;passou
CSV;m0;lliira_passo_leve;bromnor;2;docas;12;15;480;39;126;passou
CSV;m0;lliira_passo_leve;bromnor;2;shedaklah;15;16;69;0;91;morreu
KIND;m0;lliira_passo_leve;bromnor;2;0;0;0
CSV;m0;lliira_passo_leve;bromnor;3;dagruve;1;10;763;27;67;passou
CSV;m0;lliira_passo_leve;bromnor;3;docas;10;11;113;0;50;morreu
KIND;m0;lliira_passo_leve;bromnor;3;0;0;0
CSV;m0;lliira_passo_leve;bromnor;4;dagruve;1;6;169;0;40;morreu
KIND;m0;lliira_passo_leve;bromnor;4;0;0;0
CSV;m0;lliira_passo_leve;bromnor;5;dagruve;1;5;78;0;40;morreu
KIND;m0;lliira_passo_leve;bromnor;5;0;0;0
CSV;m0;lliira_passo_leve;bromnor;6;dagruve;1;10;550;74;56;passou
CSV;m0;lliira_passo_leve;bromnor;6;docas;10;13;662;0;212;morreu
KIND;m0;lliira_passo_leve;bromnor;6;0;0;0
CSV;m1;lliira_passo_leve;bromnor;1;dagruve;1;11;545;66;48;passou
CSV;m1;lliira_passo_leve;bromnor;1;docas;11;13;182;0;74;morreu
KIND;m1;lliira_passo_leve;bromnor;1;0;0;0
CSV;m1;lliira_passo_leve;bromnor;2;dagruve;1;10;490;84;19;passou
CSV;m1;lliira_passo_leve;bromnor;2;docas;10;14;476;2;116;passou
CSV;m1;lliira_passo_leve;bromnor;2;shedaklah;14;14;33;0;18;morreu
KIND;m1;lliira_passo_leve;bromnor;2;0;0;0
CSV;m1;lliira_passo_leve;bromnor;3;dagruve;1;13;686;69;50;passou
CSV;m1;lliira_passo_leve;bromnor;3;docas;13;16;491;59;94;passou
CSV;m1;lliira_passo_leve;bromnor;3;shedaklah;16;17;439;0;132;morreu
KIND;m1;lliira_passo_leve;bromnor;3;0;0;0
CSV;m1;lliira_passo_leve;bromnor;4;dagruve;1;10;397;79;23;passou
CSV;m1;lliira_passo_leve;bromnor;4;docas;10;14;532;70;64;passou
CSV;m1;lliira_passo_leve;bromnor;4;shedaklah;14;20;1048;0;204;morreu
KIND;m1;lliira_passo_leve;bromnor;4;0;0;0
CSV;m1;lliira_passo_leve;bromnor;5;dagruve;1;11;483;17;60;passou
CSV;m1;lliira_passo_leve;bromnor;5;docas;11;14;984;23;178;passou
CSV;m1;lliira_passo_leve;bromnor;5;shedaklah;14;15;420;0;161;morreu
KIND;m1;lliira_passo_leve;bromnor;5;0;0;0
CSV;m1;lliira_passo_leve;bromnor;6;dagruve;1;11;825;78;121;passou
CSV;m1;lliira_passo_leve;bromnor;6;docas;11;14;489;54;92;passou
CSV;m1;lliira_passo_leve;bromnor;6;shedaklah;14;16;162;0;81;morreu
KIND;m1;lliira_passo_leve;bromnor;6;0;0;0
CSV;m0;lliira_passo_leve;brook;1;dagruve;1;3;237;0;34;morreu
KIND;m0;lliira_passo_leve;brook;1;0;0;0
CSV;m0;lliira_passo_leve;brook;2;dagruve;1;6;186;0;32;morreu
KIND;m0;lliira_passo_leve;brook;2;0;0;0
CSV;m0;lliira_passo_leve;brook;3;dagruve;1;2;105;0;32;morreu
KIND;m0;lliira_passo_leve;brook;3;0;0;0
CSV;m0;lliira_passo_leve;brook;4;dagruve;1;11;723;6;120;passou
CSV;m0;lliira_passo_leve;brook;4;docas;11;12;69;0;68;morreu
KIND;m0;lliira_passo_leve;brook;4;0;0;0
CSV;m0;lliira_passo_leve;brook;5;dagruve;1;5;186;0;34;morreu
KIND;m0;lliira_passo_leve;brook;5;0;0;0
CSV;m0;lliira_passo_leve;brook;6;dagruve;1;11;937;65;85;passou
CSV;m0;lliira_passo_leve;brook;6;docas;11;12;133;0;83;morreu
KIND;m0;lliira_passo_leve;brook;6;0;0;0
CSV;m1;lliira_passo_leve;brook;1;dagruve;1;4;138;0;40;morreu
KIND;m1;lliira_passo_leve;brook;1;0;0;0
CSV;m1;lliira_passo_leve;brook;2;dagruve;1;11;1065;0;161;morreu
KIND;m1;lliira_passo_leve;brook;2;0;0;0
CSV;m1;lliira_passo_leve;brook;3;dagruve;1;5;406;0;40;morreu
KIND;m1;lliira_passo_leve;brook;3;0;0;0
CSV;m1;lliira_passo_leve;brook;4;dagruve;1;4;55;0;40;morreu
KIND;m1;lliira_passo_leve;brook;4;0;0;0
CSV;m1;lliira_passo_leve;brook;5;dagruve;1;5;239;0;40;morreu
KIND;m1;lliira_passo_leve;brook;5;0;0;0
CSV;m1;lliira_passo_leve;brook;6;dagruve;1;12;1546;2;228;passou
CSV;m1;lliira_passo_leve;brook;6;docas;12;14;569;28;112;passou
CSV;m1;lliira_passo_leve;brook;6;shedaklah;14;14;199;0;70;morreu
KIND;m1;lliira_passo_leve;brook;6;0;0;0
CSV;m0;lliira_passo_leve;durvall;1;dagruve;1;5;310;0;40;morreu
KIND;m0;lliira_passo_leve;durvall;1;0;0;0
CSV;m0;lliira_passo_leve;durvall;2;dagruve;1;4;154;0;30;morreu
KIND;m0;lliira_passo_leve;durvall;2;0;0;0
CSV;m0;lliira_passo_leve;durvall;3;dagruve;1;5;182;0;30;morreu
KIND;m0;lliira_passo_leve;durvall;3;0;0;0
CSV;m0;lliira_passo_leve;durvall;4;dagruve;1;7;615;0;109;morreu
KIND;m0;lliira_passo_leve;durvall;4;0;0;0
CSV;m0;lliira_passo_leve;durvall;5;dagruve;1;3;62;0;30;morreu
KIND;m0;lliira_passo_leve;durvall;5;0;0;0
CSV;m0;lliira_passo_leve;durvall;6;dagruve;1;9;920;0;297;morreu
KIND;m0;lliira_passo_leve;durvall;6;0;0;0
CSV;m1;lliira_passo_leve;durvall;1;dagruve;1;8;400;0;95;morreu
KIND;m1;lliira_passo_leve;durvall;1;0;0;0
CSV;m1;lliira_passo_leve;durvall;2;dagruve;1;5;51;0;38;morreu
KIND;m1;lliira_passo_leve;durvall;2;0;0;0
CSV;m1;lliira_passo_leve;durvall;3;dagruve;1;11;1321;46;314;passou
CSV;m1;lliira_passo_leve;durvall;3;docas;11;13;112;0;107;morreu
KIND;m1;lliira_passo_leve;durvall;3;0;0;0
CSV;m1;lliira_passo_leve;durvall;4;dagruve;1;12;897;14;328;passou
CSV;m1;lliira_passo_leve;durvall;4;docas;12;14;331;0;263;morreu
KIND;m1;lliira_passo_leve;durvall;4;0;0;0
CSV;m1;lliira_passo_leve;durvall;5;dagruve;1;5;200;0;38;morreu
KIND;m1;lliira_passo_leve;durvall;5;0;0;0
CSV;m1;lliira_passo_leve;durvall;6;dagruve;1;3;68;0;42;morreu
KIND;m1;lliira_passo_leve;durvall;6;0;0;0
CSV;m0;lliira_passo_leve;kayron;1;dagruve;1;8;218;0;47;morreu
KIND;m0;lliira_passo_leve;kayron;1;0;0;0
CSV;m0;lliira_passo_leve;kayron;2;dagruve;1;3;54;0;34;morreu
KIND;m0;lliira_passo_leve;kayron;2;0;0;0
CSV;m0;lliira_passo_leve;kayron;3;dagruve;1;1;45;0;30;morreu
KIND;m0;lliira_passo_leve;kayron;3;0;0;0
CSV;m0;lliira_passo_leve;kayron;4;dagruve;1;4;67;0;38;morreu
KIND;m0;lliira_passo_leve;kayron;4;0;0;0
CSV;m0;lliira_passo_leve;kayron;5;dagruve;1;6;124;0;36;morreu
KIND;m0;lliira_passo_leve;kayron;5;0;0;0
CSV;m0;lliira_passo_leve;kayron;6;dagruve;1;5;84;0;67;morreu
KIND;m0;lliira_passo_leve;kayron;6;0;0;0
CSV;m1;lliira_passo_leve;kayron;1;dagruve;1;4;47;0;40;morreu
KIND;m1;lliira_passo_leve;kayron;1;0;0;0
CSV;m1;lliira_passo_leve;kayron;2;dagruve;1;4;59;0;42;morreu
KIND;m1;lliira_passo_leve;kayron;2;0;0;0
CSV;m1;lliira_passo_leve;kayron;3;dagruve;1;7;168;0;54;morreu
KIND;m1;lliira_passo_leve;kayron;3;0;0;0
CSV;m1;lliira_passo_leve;kayron;4;dagruve;1;12;602;2;175;passou
CSV;m1;lliira_passo_leve;kayron;4;docas;12;17;334;76;154;passou
CSV;m1;lliira_passo_leve;kayron;4;shedaklah;17;25;583;44;479;passou
CSV;m1;lliira_passo_leve;kayron;4;molor;25;30;418;0;532;morreu
KIND;m1;lliira_passo_leve;kayron;4;0;0;0
CSV;m1;lliira_passo_leve;kayron;5;dagruve;1;14;306;7;55;passou
CSV;m1;lliira_passo_leve;kayron;5;docas;14;19;318;11;92;passou
CSV;m1;lliira_passo_leve;kayron;5;shedaklah;19;25;554;49;56;passou
CSV;m1;lliira_passo_leve;kayron;5;molor;25;26;145;0;156;morreu
KIND;m1;lliira_passo_leve;kayron;5;0;0;0
CSV;m1;lliira_passo_leve;kayron;6;dagruve;1;7;189;0;48;morreu
KIND;m1;lliira_passo_leve;kayron;6;0;0;0
CSV;m0;lliira_passo_leve;korrak;1;dagruve;1;11;475;70;101;passou
CSV;m0;lliira_passo_leve;korrak;1;docas;11;15;376;67;185;passou
CSV;m0;lliira_passo_leve;korrak;1;shedaklah;15;15;162;0;163;morreu
KIND;m0;lliira_passo_leve;korrak;1;0;0;0
CSV;m0;lliira_passo_leve;korrak;2;dagruve;1;12;330;68;110;passou
CSV;m0;lliira_passo_leve;korrak;2;docas;12;17;337;47;205;passou
CSV;m0;lliira_passo_leve;korrak;2;shedaklah;17;21;704;0;665;morreu
KIND;m0;lliira_passo_leve;korrak;2;0;0;0
CSV;m0;lliira_passo_leve;korrak;3;dagruve;1;12;326;7;163;passou
CSV;m0;lliira_passo_leve;korrak;3;docas;12;16;348;13;227;passou
CSV;m0;lliira_passo_leve;korrak;3;shedaklah;16;17;258;0;248;morreu
KIND;m0;lliira_passo_leve;korrak;3;0;0;0
CSV;m0;lliira_passo_leve;korrak;4;dagruve;1;13;330;45;176;passou
CSV;m0;lliira_passo_leve;korrak;4;docas;13;18;345;54;345;passou
CSV;m0;lliira_passo_leve;korrak;4;shedaklah;18;25;843;0;855;morreu
KIND;m0;lliira_passo_leve;korrak;4;0;0;0
CSV;m0;lliira_passo_leve;korrak;5;dagruve;1;13;699;57;189;passou
CSV;m0;lliira_passo_leve;korrak;5;docas;13;18;332;45;136;passou
CSV;m0;lliira_passo_leve;korrak;5;shedaklah;18;18;99;0;153;morreu
KIND;m0;lliira_passo_leve;korrak;5;0;0;0
CSV;m0;lliira_passo_leve;korrak;6;dagruve;1;13;1225;84;122;passou
CSV;m0;lliira_passo_leve;korrak;6;docas;13;16;445;46;161;passou
CSV;m0;lliira_passo_leve;korrak;6;shedaklah;16;21;2935;38;641;passou
CSV;m0;lliira_passo_leve;korrak;6;molor;21;26;2273;0;1736;morreu
KIND;m0;lliira_passo_leve;korrak;6;0;0;0
CSV;m1;lliira_passo_leve;korrak;1;dagruve;1;14;615;57;156;passou
CSV;m1;lliira_passo_leve;korrak;1;docas;14;17;347;52;126;passou
CSV;m1;lliira_passo_leve;korrak;1;shedaklah;17;18;399;0;167;morreu
KIND;m1;lliira_passo_leve;korrak;1;0;0;0
CSV;m1;lliira_passo_leve;korrak;2;dagruve;1;13;319;73;138;passou
CSV;m1;lliira_passo_leve;korrak;2;docas;13;18;336;80;77;passou
CSV;m1;lliira_passo_leve;korrak;2;shedaklah;18;22;263;0;255;morreu
KIND;m1;lliira_passo_leve;korrak;2;0;0;0
CSV;m1;lliira_passo_leve;korrak;3;dagruve;1;11;341;82;66;passou
CSV;m1;lliira_passo_leve;korrak;3;docas;11;17;338;63;295;passou
CSV;m1;lliira_passo_leve;korrak;3;shedaklah;17;23;1168;31;660;passou
CSV;m1;lliira_passo_leve;korrak;3;molor;23;24;321;0;322;morreu
KIND;m1;lliira_passo_leve;korrak;3;0;0;0
CSV;m1;lliira_passo_leve;korrak;4;dagruve;1;12;749;78;124;passou
CSV;m1;lliira_passo_leve;korrak;4;docas;12;15;392;59;192;passou
CSV;m1;lliira_passo_leve;korrak;4;shedaklah;15;21;1107;0;708;morreu
KIND;m1;lliira_passo_leve;korrak;4;0;0;0
CSV;m1;lliira_passo_leve;korrak;5;dagruve;1;11;419;67;63;passou
CSV;m1;lliira_passo_leve;korrak;5;docas;11;14;417;55;121;passou
CSV;m1;lliira_passo_leve;korrak;5;shedaklah;14;24;1360;30;1527;passou
CSV;m1;lliira_passo_leve;korrak;5;molor;24;32;1769;26;1874;passou
KIND;m1;lliira_passo_leve;korrak;5;0;0;0
CSV;m1;lliira_passo_leve;korrak;6;dagruve;1;10;494;79;113;passou
CSV;m1;lliira_passo_leve;korrak;6;docas;10;14;383;60;154;passou
CSV;m1;lliira_passo_leve;korrak;6;shedaklah;14;16;433;0;230;morreu
KIND;m1;lliira_passo_leve;korrak;6;0;0;0
CSV;m0;lliira_passo_leve;leoric;1;dagruve;1;4;79;0;24;morreu
KIND;m0;lliira_passo_leve;leoric;1;0;0;0
CSV;m0;lliira_passo_leve;leoric;2;dagruve;1;4;65;0;36;morreu
KIND;m0;lliira_passo_leve;leoric;2;0;0;0
CSV;m0;lliira_passo_leve;leoric;3;dagruve;1;6;133;0;24;morreu
KIND;m0;lliira_passo_leve;leoric;3;0;0;0
CSV;m0;lliira_passo_leve;leoric;4;dagruve;1;4;93;0;24;morreu
KIND;m0;lliira_passo_leve;leoric;4;0;0;0
CSV;m0;lliira_passo_leve;leoric;5;dagruve;1;6;114;0;24;morreu
KIND;m0;lliira_passo_leve;leoric;5;0;0;0
CSV;m0;lliira_passo_leve;leoric;6;dagruve;1;15;328;17;69;passou
CSV;m0;lliira_passo_leve;leoric;6;docas;15;19;336;17;189;passou
CSV;m0;lliira_passo_leve;leoric;6;shedaklah;19;20;133;0;108;morreu
KIND;m0;lliira_passo_leve;leoric;6;0;0;0
CSV;m1;lliira_passo_leve;leoric;1;dagruve;1;6;65;0;34;morreu
KIND;m1;lliira_passo_leve;leoric;1;0;0;0
CSV;m1;lliira_passo_leve;leoric;2;dagruve;1;9;205;0;40;morreu
KIND;m1;lliira_passo_leve;leoric;2;0;0;0
CSV;m1;lliira_passo_leve;leoric;3;dagruve;1;4;161;0;43;morreu
KIND;m1;lliira_passo_leve;leoric;3;0;0;0
CSV;m1;lliira_passo_leve;leoric;4;dagruve;1;6;175;0;32;morreu
KIND;m1;lliira_passo_leve;leoric;4;0;0;0
CSV;m1;lliira_passo_leve;leoric;5;dagruve;1;11;569;17;99;passou
CSV;m1;lliira_passo_leve;leoric;5;docas;11;11;65;0;45;morreu
KIND;m1;lliira_passo_leve;leoric;5;0;0;0
CSV;m1;lliira_passo_leve;leoric;6;dagruve;1;15;319;68;44;passou
CSV;m1;lliira_passo_leve;leoric;6;docas;15;16;221;0;146;morreu
KIND;m1;lliira_passo_leve;leoric;6;0;0;0
CSV;m0;lliira_passo_leve;maelor;1;dagruve;1;11;348;44;67;passou
CSV;m0;lliira_passo_leve;maelor;1;docas;11;12;65;0;89;morreu
KIND;m0;lliira_passo_leve;maelor;1;0;0;0
CSV;m0;lliira_passo_leve;maelor;2;dagruve;1;13;643;59;156;passou
CSV;m0;lliira_passo_leve;maelor;2;docas;13;13;91;0;85;morreu
KIND;m0;lliira_passo_leve;maelor;2;0;0;0
CSV;m0;lliira_passo_leve;maelor;3;dagruve;1;10;368;37;118;passou
CSV;m0;lliira_passo_leve;maelor;3;docas;10;12;124;0;107;morreu
KIND;m0;lliira_passo_leve;maelor;3;0;0;0
CSV;m0;lliira_passo_leve;maelor;4;dagruve;1;11;587;30;104;passou
CSV;m0;lliira_passo_leve;maelor;4;docas;11;11;147;0;64;morreu
KIND;m0;lliira_passo_leve;maelor;4;0;0;0
CSV;m0;lliira_passo_leve;maelor;5;dagruve;1;12;676;48;204;passou
CSV;m0;lliira_passo_leve;maelor;5;docas;12;15;478;47;232;passou
CSV;m0;lliira_passo_leve;maelor;5;shedaklah;15;16;291;0;122;morreu
KIND;m0;lliira_passo_leve;maelor;5;0;0;0
CSV;m0;lliira_passo_leve;maelor;6;dagruve;1;11;321;66;65;passou
CSV;m0;lliira_passo_leve;maelor;6;docas;11;13;98;0;85;morreu
KIND;m0;lliira_passo_leve;maelor;6;0;0;0
CSV;m1;lliira_passo_leve;maelor;1;dagruve;1;12;476;41;93;passou
CSV;m1;lliira_passo_leve;maelor;1;docas;12;16;371;0;212;morreu
KIND;m1;lliira_passo_leve;maelor;1;0;0;0
CSV;m1;lliira_passo_leve;maelor;2;dagruve;1;3;61;0;42;morreu
KIND;m1;lliira_passo_leve;maelor;2;0;0;0
CSV;m1;lliira_passo_leve;maelor;3;dagruve;1;12;322;14;109;passou
CSV;m1;lliira_passo_leve;maelor;3;docas;12;17;329;57;162;passou
CSV;m1;lliira_passo_leve;maelor;3;shedaklah;17;19;151;0;240;morreu
KIND;m1;lliira_passo_leve;maelor;3;0;0;0
CSV;m1;lliira_passo_leve;maelor;4;dagruve;1;12;315;67;83;passou
CSV;m1;lliira_passo_leve;maelor;4;docas;12;17;322;54;142;passou
CSV;m1;lliira_passo_leve;maelor;4;shedaklah;17;23;488;0;429;morreu
KIND;m1;lliira_passo_leve;maelor;4;0;0;0
CSV;m1;lliira_passo_leve;maelor;5;dagruve;1;12;327;63;88;passou
CSV;m1;lliira_passo_leve;maelor;5;docas;12;18;341;29;206;passou
CSV;m1;lliira_passo_leve;maelor;5;shedaklah;18;19;102;0;96;morreu
KIND;m1;lliira_passo_leve;maelor;5;0;0;0
CSV;m1;lliira_passo_leve;maelor;6;dagruve;1;11;389;80;103;passou
CSV;m1;lliira_passo_leve;maelor;6;docas;11;16;472;8;213;passou
CSV;m1;lliira_passo_leve;maelor;6;shedaklah;16;23;581;24;440;passou
CSV;m1;lliira_passo_leve;maelor;6;molor;23;28;430;0;476;morreu
KIND;m1;lliira_passo_leve;maelor;6;0;0;0
CSV;m0;lliira_passo_leve;nyrelia;1;dagruve;1;1;46;0;26;morreu
KIND;m0;lliira_passo_leve;nyrelia;1;0;0;0
CSV;m0;lliira_passo_leve;nyrelia;2;dagruve;1;1;14;0;24;morreu
KIND;m0;lliira_passo_leve;nyrelia;2;0;0;0
CSV;m0;lliira_passo_leve;nyrelia;3;dagruve;1;3;83;0;24;morreu
KIND;m0;lliira_passo_leve;nyrelia;3;0;0;0
CSV;m0;lliira_passo_leve;nyrelia;4;dagruve;1;4;167;0;33;morreu
KIND;m0;lliira_passo_leve;nyrelia;4;0;0;0
CSV;m0;lliira_passo_leve;nyrelia;5;dagruve;1;2;143;0;31;morreu
KIND;m0;lliira_passo_leve;nyrelia;5;0;0;0
CSV;m0;lliira_passo_leve;nyrelia;6;dagruve;1;3;204;0;24;morreu
KIND;m0;lliira_passo_leve;nyrelia;6;0;0;0
CSV;m1;lliira_passo_leve;nyrelia;1;dagruve;1;6;361;0;112;morreu
KIND;m1;lliira_passo_leve;nyrelia;1;0;0;0
CSV;m1;lliira_passo_leve;nyrelia;2;dagruve;1;1;86;0;32;morreu
KIND;m1;lliira_passo_leve;nyrelia;2;0;0;0
CSV;m1;lliira_passo_leve;nyrelia;3;dagruve;1;2;75;0;32;morreu
KIND;m1;lliira_passo_leve;nyrelia;3;0;0;0
CSV;m1;lliira_passo_leve;nyrelia;4;dagruve;1;1;58;0;41;morreu
KIND;m1;lliira_passo_leve;nyrelia;4;0;0;0
CSV;m1;lliira_passo_leve;nyrelia;5;dagruve;1;1;50;0;38;morreu
KIND;m1;lliira_passo_leve;nyrelia;5;0;0;0
CSV;m1;lliira_passo_leve;nyrelia;6;dagruve;1;5;197;0;53;morreu
KIND;m1;lliira_passo_leve;nyrelia;6;0;0;0
CSV;m0;lliira_passo_leve;sylas;1;dagruve;1;13;342;47;55;passou
CSV;m0;lliira_passo_leve;sylas;1;docas;13;16;373;76;27;passou
CSV;m0;lliira_passo_leve;sylas;1;shedaklah;16;22;802;0;265;morreu
KIND;m0;lliira_passo_leve;sylas;1;0;0;0
CSV;m0;lliira_passo_leve;sylas;2;dagruve;1;14;336;64;45;passou
CSV;m0;lliira_passo_leve;sylas;2;docas;14;18;353;20;155;passou
CSV;m0;lliira_passo_leve;sylas;2;shedaklah;18;22;597;0;243;morreu
KIND;m0;lliira_passo_leve;sylas;2;0;0;0
CSV;m0;lliira_passo_leve;sylas;3;dagruve;1;14;314;47;69;passou
CSV;m0;lliira_passo_leve;sylas;3;docas;14;18;371;30;74;passou
CSV;m0;lliira_passo_leve;sylas;3;shedaklah;18;19;82;0;39;morreu
KIND;m0;lliira_passo_leve;sylas;3;0;0;0
CSV;m0;lliira_passo_leve;sylas;4;dagruve;1;7;94;0;28;morreu
KIND;m0;lliira_passo_leve;sylas;4;0;0;0
CSV;m0;lliira_passo_leve;sylas;5;dagruve;1;8;94;0;30;morreu
KIND;m0;lliira_passo_leve;sylas;5;0;0;0
CSV;m0;lliira_passo_leve;sylas;6;dagruve;1;14;315;31;53;passou
CSV;m0;lliira_passo_leve;sylas;6;docas;14;18;353;21;163;passou
CSV;m0;lliira_passo_leve;sylas;6;shedaklah;18;18;62;0;47;morreu
KIND;m0;lliira_passo_leve;sylas;6;0;0;0
CSV;m1;lliira_passo_leve;sylas;1;dagruve;1;14;318;56;77;passou
CSV;m1;lliira_passo_leve;sylas;1;docas;14;19;328;12;114;passou
CSV;m1;lliira_passo_leve;sylas;1;shedaklah;19;20;127;0;85;morreu
KIND;m1;lliira_passo_leve;sylas;1;0;0;0
CSV;m1;lliira_passo_leve;sylas;2;dagruve;1;6;113;0;36;morreu
KIND;m1;lliira_passo_leve;sylas;2;0;0;0
CSV;m1;lliira_passo_leve;sylas;3;dagruve;1;5;122;0;36;morreu
KIND;m1;lliira_passo_leve;sylas;3;0;0;0
CSV;m1;lliira_passo_leve;sylas;4;dagruve;1;6;86;0;38;morreu
KIND;m1;lliira_passo_leve;sylas;4;0;0;0
CSV;m1;lliira_passo_leve;sylas;5;dagruve;1;5;107;0;80;morreu
KIND;m1;lliira_passo_leve;sylas;5;0;0;0
CSV;m1;lliira_passo_leve;sylas;6;dagruve;1;14;311;88;19;passou
CSV;m1;lliira_passo_leve;sylas;6;docas;14;19;323;54;100;passou
CSV;m1;lliira_passo_leve;sylas;6;shedaklah;19;20;136;0;96;morreu
KIND;m1;lliira_passo_leve;sylas;6;0;0;0
CSV;m0;lliira_passo_leve;zynara;1;dagruve;1;7;91;0;28;morreu
KIND;m0;lliira_passo_leve;zynara;1;0;0;0
CSV;m0;lliira_passo_leve;zynara;2;dagruve;1;13;335;67;83;passou
CSV;m0;lliira_passo_leve;zynara;2;docas;13;19;465;36;184;passou
CSV;m0;lliira_passo_leve;zynara;2;shedaklah;19;24;1189;31;413;passou
CSV;m0;lliira_passo_leve;zynara;2;molor;24;28;585;0;355;morreu
KIND;m0;lliira_passo_leve;zynara;2;0;0;0
CSV;m0;lliira_passo_leve;zynara;3;dagruve;1;7;218;0;33;morreu
KIND;m0;lliira_passo_leve;zynara;3;0;0;0
CSV;m0;lliira_passo_leve;zynara;4;dagruve;1;3;79;0;26;morreu
KIND;m0;lliira_passo_leve;zynara;4;0;0;0
CSV;m0;lliira_passo_leve;zynara;5;dagruve;1;11;603;61;61;passou
CSV;m0;lliira_passo_leve;zynara;5;docas;11;15;650;0;293;morreu
KIND;m0;lliira_passo_leve;zynara;5;0;0;0
CSV;m0;lliira_passo_leve;zynara;6;dagruve;1;5;66;0;32;morreu
KIND;m0;lliira_passo_leve;zynara;6;0;0;0
CSV;m1;lliira_passo_leve;zynara;1;dagruve;1;8;191;0;59;morreu
KIND;m1;lliira_passo_leve;zynara;1;0;0;0
CSV;m1;lliira_passo_leve;zynara;2;dagruve;1;6;116;0;70;morreu
KIND;m1;lliira_passo_leve;zynara;2;0;0;0
CSV;m1;lliira_passo_leve;zynara;3;dagruve;1;11;315;35;41;passou
CSV;m1;lliira_passo_leve;zynara;3;docas;11;18;362;40;81;passou
CSV;m1;lliira_passo_leve;zynara;3;shedaklah;18;24;635;33;67;passou
CSV;m1;lliira_passo_leve;zynara;3;molor;24;27;429;0;159;morreu
KIND;m1;lliira_passo_leve;zynara;3;0;0;0
CSV;m1;lliira_passo_leve;zynara;4;dagruve;1;11;389;20;64;passou
CSV;m1;lliira_passo_leve;zynara;4;docas;11;13;131;0;54;morreu
KIND;m1;lliira_passo_leve;zynara;4;0;0;0
CSV;m1;lliira_passo_leve;zynara;5;dagruve;1;11;518;35;85;passou
CSV;m1;lliira_passo_leve;zynara;5;docas;11;15;538;49;143;passou
CSV;m1;lliira_passo_leve;zynara;5;shedaklah;15;22;1010;23;300;passou
CSV;m1;lliira_passo_leve;zynara;5;molor;22;23;101;0;204;morreu
KIND;m1;lliira_passo_leve;zynara;5;0;0;0
CSV;m1;lliira_passo_leve;zynara;6;dagruve;1;7;134;0;54;morreu
KIND;m1;lliira_passo_leve;zynara;6;0;0;0
CSV;m0;lu_yueh_praga;bromnor;1;dagruve;1;4;211;0;40;morreu
KIND;m0;lu_yueh_praga;bromnor;1;0;0;0
CSV;m0;lu_yueh_praga;bromnor;2;dagruve;1;10;748;54;67;passou
CSV;m0;lu_yueh_praga;bromnor;2;docas;10;13;429;24;104;passou
CSV;m0;lu_yueh_praga;bromnor;2;shedaklah;13;17;1071;0;331;morreu
KIND;m0;lu_yueh_praga;bromnor;2;0;0;0
CSV;m0;lu_yueh_praga;bromnor;3;dagruve;1;8;766;0;52;morreu
KIND;m0;lu_yueh_praga;bromnor;3;0;0;0
CSV;m0;lu_yueh_praga;bromnor;4;dagruve;1;8;389;35;30;passou
CSV;m0;lu_yueh_praga;bromnor;4;docas;8;10;120;0;70;morreu
KIND;m0;lu_yueh_praga;bromnor;4;0;0;0
CSV;m0;lu_yueh_praga;bromnor;5;dagruve;1;11;342;47;32;passou
CSV;m0;lu_yueh_praga;bromnor;5;docas;11;17;378;0;63;morreu
KIND;m0;lu_yueh_praga;bromnor;5;0;0;0
CSV;m0;lu_yueh_praga;bromnor;6;dagruve;1;10;333;42;63;passou
CSV;m0;lu_yueh_praga;bromnor;6;docas;10;12;137;0;80;morreu
KIND;m0;lu_yueh_praga;bromnor;6;0;0;0
CSV;m1;lu_yueh_praga;bromnor;1;dagruve;1;12;1374;60;170;passou
CSV;m1;lu_yueh_praga;bromnor;1;docas;12;15;595;43;201;passou
CSV;m1;lu_yueh_praga;bromnor;1;shedaklah;15;18;737;0;311;morreu
KIND;m1;lu_yueh_praga;bromnor;1;0;0;0
CSV;m1;lu_yueh_praga;bromnor;2;dagruve;1;10;902;77;84;passou
CSV;m1;lu_yueh_praga;bromnor;2;docas;10;14;381;77;61;passou
CSV;m1;lu_yueh_praga;bromnor;2;shedaklah;14;15;270;0;95;morreu
KIND;m1;lu_yueh_praga;bromnor;2;0;0;0
CSV;m1;lu_yueh_praga;bromnor;3;dagruve;1;6;304;0;48;morreu
KIND;m1;lu_yueh_praga;bromnor;3;0;0;0
CSV;m1;lu_yueh_praga;bromnor;4;dagruve;1;10;636;85;42;passou
CSV;m1;lu_yueh_praga;bromnor;4;docas;10;13;685;65;125;passou
CSV;m1;lu_yueh_praga;bromnor;4;shedaklah;13;15;790;0;330;morreu
KIND;m1;lu_yueh_praga;bromnor;4;0;0;0
CSV;m1;lu_yueh_praga;bromnor;5;dagruve;1;12;852;77;79;passou
CSV;m1;lu_yueh_praga;bromnor;5;docas;12;15;530;68;121;passou
CSV;m1;lu_yueh_praga;bromnor;5;shedaklah;15;15;36;0;75;morreu
KIND;m1;lu_yueh_praga;bromnor;5;0;0;0
CSV;m1;lu_yueh_praga;bromnor;6;dagruve;1;12;1207;67;115;passou
CSV;m1;lu_yueh_praga;bromnor;6;docas;12;15;536;66;121;passou
CSV;m1;lu_yueh_praga;bromnor;6;shedaklah;15;17;1343;0;332;morreu
KIND;m1;lu_yueh_praga;bromnor;6;0;0;0
CSV;m0;lu_yueh_praga;brook;1;dagruve;1;3;91;0;32;morreu
KIND;m0;lu_yueh_praga;brook;1;0;0;0
CSV;m0;lu_yueh_praga;brook;2;dagruve;1;6;316;0;38;morreu
KIND;m0;lu_yueh_praga;brook;2;0;0;0
CSV;m0;lu_yueh_praga;brook;3;dagruve;1;2;71;0;32;morreu
KIND;m0;lu_yueh_praga;brook;3;0;0;0
CSV;m0;lu_yueh_praga;brook;4;dagruve;1;9;511;40;36;passou
CSV;m0;lu_yueh_praga;brook;4;docas;9;9;58;0;39;morreu
KIND;m0;lu_yueh_praga;brook;4;0;0;0
CSV;m0;lu_yueh_praga;brook;5;dagruve;1;2;53;0;32;morreu
KIND;m0;lu_yueh_praga;brook;5;0;0;0
CSV;m0;lu_yueh_praga;brook;6;dagruve;1;7;411;0;63;morreu
KIND;m0;lu_yueh_praga;brook;6;0;0;0
CSV;m1;lu_yueh_praga;brook;1;dagruve;1;10;324;43;55;passou
CSV;m1;lu_yueh_praga;brook;1;docas;10;16;353;59;106;passou
CSV;m1;lu_yueh_praga;brook;1;shedaklah;16;20;515;0;243;morreu
KIND;m1;lu_yueh_praga;brook;1;0;0;0
CSV;m1;lu_yueh_praga;brook;2;dagruve;1;10;1510;0;341;morreu
KIND;m1;lu_yueh_praga;brook;2;0;0;0
CSV;m1;lu_yueh_praga;brook;3;dagruve;1;11;2587;0;525;morreu
KIND;m1;lu_yueh_praga;brook;3;0;0;0
CSV;m1;lu_yueh_praga;brook;4;dagruve;1;11;986;4;114;passou
CSV;m1;lu_yueh_praga;brook;4;docas;11;16;407;9;167;passou
CSV;m1;lu_yueh_praga;brook;4;shedaklah;16;19;459;0;148;morreu
KIND;m1;lu_yueh_praga;brook;4;0;0;0
CSV;m1;lu_yueh_praga;brook;5;dagruve;1;2;222;0;40;morreu
KIND;m1;lu_yueh_praga;brook;5;0;0;0
CSV;m1;lu_yueh_praga;brook;6;dagruve;1;8;657;0;98;morreu
KIND;m1;lu_yueh_praga;brook;6;0;0;0
CSV;m0;lu_yueh_praga;durvall;1;dagruve;1;4;79;0;30;morreu
KIND;m0;lu_yueh_praga;durvall;1;0;0;0
CSV;m0;lu_yueh_praga;durvall;2;dagruve;1;4;233;0;30;morreu
KIND;m0;lu_yueh_praga;durvall;2;0;0;0
CSV;m0;lu_yueh_praga;durvall;3;dagruve;1;4;140;0;38;morreu
KIND;m0;lu_yueh_praga;durvall;3;0;0;0
CSV;m0;lu_yueh_praga;durvall;4;dagruve;1;2;55;0;30;morreu
KIND;m0;lu_yueh_praga;durvall;4;0;0;0
CSV;m0;lu_yueh_praga;durvall;5;dagruve;1;9;1091;0;287;morreu
KIND;m0;lu_yueh_praga;durvall;5;0;0;0
CSV;m0;lu_yueh_praga;durvall;6;dagruve;1;3;47;0;36;morreu
KIND;m0;lu_yueh_praga;durvall;6;0;0;0
CSV;m1;lu_yueh_praga;durvall;1;dagruve;1;3;57;0;38;morreu
KIND;m1;lu_yueh_praga;durvall;1;0;0;0
CSV;m1;lu_yueh_praga;durvall;2;dagruve;1;3;166;0;38;morreu
KIND;m1;lu_yueh_praga;durvall;2;0;0;0
CSV;m1;lu_yueh_praga;durvall;3;dagruve;1;3;50;0;38;morreu
KIND;m1;lu_yueh_praga;durvall;3;0;0;0
CSV;m1;lu_yueh_praga;durvall;4;dagruve;1;4;174;0;38;morreu
KIND;m1;lu_yueh_praga;durvall;4;0;0;0
CSV;m1;lu_yueh_praga;durvall;5;dagruve;1;3;118;0;38;morreu
KIND;m1;lu_yueh_praga;durvall;5;0;0;0
CSV;m1;lu_yueh_praga;durvall;6;dagruve;1;5;166;0;38;morreu
KIND;m1;lu_yueh_praga;durvall;6;0;0;0
CSV;m0;lu_yueh_praga;kayron;1;dagruve;1;3;120;0;30;morreu
KIND;m0;lu_yueh_praga;kayron;1;0;0;0
CSV;m0;lu_yueh_praga;kayron;2;dagruve;1;3;51;0;34;morreu
KIND;m0;lu_yueh_praga;kayron;2;0;0;0
CSV;m0;lu_yueh_praga;kayron;3;dagruve;1;5;268;0;30;morreu
KIND;m0;lu_yueh_praga;kayron;3;0;0;0
CSV;m0;lu_yueh_praga;kayron;4;dagruve;1;4;164;0;30;morreu
KIND;m0;lu_yueh_praga;kayron;4;0;0;0
CSV;m0;lu_yueh_praga;kayron;5;dagruve;1;11;543;65;101;passou
CSV;m0;lu_yueh_praga;kayron;5;docas;11;15;459;0;243;morreu
KIND;m0;lu_yueh_praga;kayron;5;0;0;0
CSV;m0;lu_yueh_praga;kayron;6;dagruve;1;3;64;0;30;morreu
KIND;m0;lu_yueh_praga;kayron;6;0;0;0
CSV;m1;lu_yueh_praga;kayron;1;dagruve;1;3;59;0;40;morreu
KIND;m1;lu_yueh_praga;kayron;1;0;0;0
CSV;m1;lu_yueh_praga;kayron;2;dagruve;1;11;712;77;87;passou
CSV;m1;lu_yueh_praga;kayron;2;docas;11;14;468;20;296;passou
CSV;m1;lu_yueh_praga;kayron;2;shedaklah;14;18;847;0;255;morreu
KIND;m1;lu_yueh_praga;kayron;2;0;0;0
CSV;m1;lu_yueh_praga;kayron;3;dagruve;1;1;43;0;38;morreu
KIND;m1;lu_yueh_praga;kayron;3;0;0;0
CSV;m1;lu_yueh_praga;kayron;4;dagruve;1;6;75;0;48;morreu
KIND;m1;lu_yueh_praga;kayron;4;0;0;0
CSV;m1;lu_yueh_praga;kayron;5;dagruve;1;5;98;0;48;morreu
KIND;m1;lu_yueh_praga;kayron;5;0;0;0
CSV;m1;lu_yueh_praga;kayron;6;dagruve;1;6;123;0;53;morreu
KIND;m1;lu_yueh_praga;kayron;6;0;0;0
CSV;m0;lu_yueh_praga;korrak;1;dagruve;1;10;586;40;184;passou
CSV;m0;lu_yueh_praga;korrak;1;docas;10;15;419;27;220;passou
CSV;m0;lu_yueh_praga;korrak;1;shedaklah;15;20;852;0;415;morreu
KIND;m0;lu_yueh_praga;korrak;1;0;0;0
CSV;m0;lu_yueh_praga;korrak;2;dagruve;1;13;1046;62;312;passou
CSV;m0;lu_yueh_praga;korrak;2;docas;13;15;382;62;146;passou
CSV;m0;lu_yueh_praga;korrak;2;shedaklah;15;19;1571;0;786;morreu
KIND;m0;lu_yueh_praga;korrak;2;0;0;0
CSV;m0;lu_yueh_praga;korrak;3;dagruve;1;11;370;53;86;passou
CSV;m0;lu_yueh_praga;korrak;3;docas;11;17;460;27;475;passou
CSV;m0;lu_yueh_praga;korrak;3;shedaklah;17;20;573;0;329;morreu
KIND;m0;lu_yueh_praga;korrak;3;0;0;0
CSV;m0;lu_yueh_praga;korrak;4;dagruve;1;12;834;25;257;passou
CSV;m0;lu_yueh_praga;korrak;4;docas;12;14;157;0;119;morreu
KIND;m0;lu_yueh_praga;korrak;4;0;0;0
CSV;m0;lu_yueh_praga;korrak;5;dagruve;1;12;332;29;214;passou
CSV;m0;lu_yueh_praga;korrak;5;docas;12;16;360;20;325;passou
CSV;m0;lu_yueh_praga;korrak;5;shedaklah;16;19;208;0;479;morreu
KIND;m0;lu_yueh_praga;korrak;5;0;0;0
CSV;m0;lu_yueh_praga;korrak;6;dagruve;1;12;646;39;273;passou
CSV;m0;lu_yueh_praga;korrak;6;docas;12;15;472;24;393;passou
CSV;m0;lu_yueh_praga;korrak;6;shedaklah;15;16;335;0;403;morreu
KIND;m0;lu_yueh_praga;korrak;6;0;0;0
CSV;m1;lu_yueh_praga;korrak;1;dagruve;1;11;729;60;227;passou
CSV;m1;lu_yueh_praga;korrak;1;docas;11;15;487;61;236;passou
CSV;m1;lu_yueh_praga;korrak;1;shedaklah;15;21;1360;28;1328;?
KIND;m1;lu_yueh_praga;korrak;1;0;0;0
CSV;m1;lu_yueh_praga;korrak;2;dagruve;1;12;628;78;109;passou
CSV;m1;lu_yueh_praga;korrak;2;docas;12;16;399;59;189;passou
CSV;m1;lu_yueh_praga;korrak;2;shedaklah;16;23;3439;24;2432;passou
CSV;m1;lu_yueh_praga;korrak;2;molor;23;24;769;0;703;morreu
KIND;m1;lu_yueh_praga;korrak;2;0;0;0
CSV;m1;lu_yueh_praga;korrak;3;dagruve;1;11;329;86;51;passou
CSV;m1;lu_yueh_praga;korrak;3;docas;11;16;361;32;258;passou
CSV;m1;lu_yueh_praga;korrak;3;shedaklah;16;23;689;27;721;passou
CSV;m1;lu_yueh_praga;korrak;3;molor;23;28;630;55;420;passou
KIND;m1;lu_yueh_praga;korrak;3;0;0;0
CSV;m1;lu_yueh_praga;korrak;4;dagruve;1;10;388;69;184;passou
CSV;m1;lu_yueh_praga;korrak;4;docas;10;16;420;56;110;passou
CSV;m1;lu_yueh_praga;korrak;4;shedaklah;16;23;1889;0;1148;morreu
KIND;m1;lu_yueh_praga;korrak;4;0;0;0
CSV;m1;lu_yueh_praga;korrak;5;dagruve;1;14;1256;70;262;passou
CSV;m1;lu_yueh_praga;korrak;5;docas;14;16;420;40;151;passou
CSV;m1;lu_yueh_praga;korrak;5;shedaklah;16;18;925;0;533;morreu
KIND;m1;lu_yueh_praga;korrak;5;0;0;0
CSV;m1;lu_yueh_praga;korrak;6;dagruve;1;14;1183;59;239;passou
CSV;m1;lu_yueh_praga;korrak;6;docas;14;17;472;41;150;passou
CSV;m1;lu_yueh_praga;korrak;6;shedaklah;17;20;923;0;407;morreu
KIND;m1;lu_yueh_praga;korrak;6;0;0;0
CSV;m0;lu_yueh_praga;leoric;1;dagruve;1;4;113;0;26;morreu
KIND;m0;lu_yueh_praga;leoric;1;0;0;0
CSV;m0;lu_yueh_praga;leoric;2;dagruve;1;4;86;0;34;morreu
KIND;m0;lu_yueh_praga;leoric;2;0;0;0
CSV;m0;lu_yueh_praga;leoric;3;dagruve;1;11;746;41;206;passou
CSV;m0;lu_yueh_praga;leoric;3;docas;11;12;82;0;60;morreu
KIND;m0;lu_yueh_praga;leoric;3;0;0;0
CSV;m0;lu_yueh_praga;leoric;4;dagruve;1;4;170;0;30;morreu
KIND;m0;lu_yueh_praga;leoric;4;0;0;0
CSV;m0;lu_yueh_praga;leoric;5;dagruve;1;11;662;61;124;passou
CSV;m0;lu_yueh_praga;leoric;5;docas;11;11;103;0;35;morreu
KIND;m0;lu_yueh_praga;leoric;5;0;0;0
CSV;m0;lu_yueh_praga;leoric;6;dagruve;1;14;330;58;102;passou
CSV;m0;lu_yueh_praga;leoric;6;docas;14;18;354;40;243;passou
CSV;m0;lu_yueh_praga;leoric;6;shedaklah;18;21;471;0;312;morreu
KIND;m0;lu_yueh_praga;leoric;6;0;0;0
CSV;m1;lu_yueh_praga;leoric;1;dagruve;1;12;600;6;73;passou
CSV;m1;lu_yueh_praga;leoric;1;docas;12;15;649;17;228;passou
CSV;m1;lu_yueh_praga;leoric;1;shedaklah;15;16;576;0;183;morreu
KIND;m1;lu_yueh_praga;leoric;1;0;0;0
CSV;m1;lu_yueh_praga;leoric;2;dagruve;1;3;102;0;32;morreu
KIND;m1;lu_yueh_praga;leoric;2;0;0;0
CSV;m1;lu_yueh_praga;leoric;3;dagruve;1;10;449;32;115;passou
CSV;m1;lu_yueh_praga;leoric;3;docas;10;12;93;0;90;morreu
KIND;m1;lu_yueh_praga;leoric;3;0;0;0
CSV;m1;lu_yueh_praga;leoric;4;dagruve;1;12;673;27;171;passou
CSV;m1;lu_yueh_praga;leoric;4;docas;12;12;44;0;41;morreu
KIND;m1;lu_yueh_praga;leoric;4;0;0;0
CSV;m1;lu_yueh_praga;leoric;5;dagruve;1;6;113;0;32;morreu
KIND;m1;lu_yueh_praga;leoric;5;0;0;0
CSV;m1;lu_yueh_praga;leoric;6;dagruve;1;15;542;66;109;passou
CSV;m1;lu_yueh_praga;leoric;6;docas;15;16;308;0;164;morreu
KIND;m1;lu_yueh_praga;leoric;6;0;0;0
CSV;m0;lu_yueh_praga;maelor;1;dagruve;1;2;47;0;36;morreu
KIND;m0;lu_yueh_praga;maelor;1;0;0;0
CSV;m0;lu_yueh_praga;maelor;2;dagruve;1;13;829;26;258;passou
CSV;m0;lu_yueh_praga;maelor;2;docas;13;13;72;0;54;morreu
KIND;m0;lu_yueh_praga;maelor;2;0;0;0
CSV;m0;lu_yueh_praga;maelor;3;dagruve;1;7;223;0;108;morreu
KIND;m0;lu_yueh_praga;maelor;3;0;0;0
CSV;m0;lu_yueh_praga;maelor;4;dagruve;1;10;444;34;117;passou
CSV;m0;lu_yueh_praga;maelor;4;docas;10;12;151;0;107;morreu
KIND;m0;lu_yueh_praga;maelor;4;0;0;0
CSV;m0;lu_yueh_praga;maelor;5;dagruve;1;9;395;0;129;morreu
KIND;m0;lu_yueh_praga;maelor;5;0;0;0
CSV;m0;lu_yueh_praga;maelor;6;dagruve;1;12;882;10;218;passou
CSV;m0;lu_yueh_praga;maelor;6;docas;12;13;112;0;86;morreu
KIND;m0;lu_yueh_praga;maelor;6;0;0;0
CSV;m1;lu_yueh_praga;maelor;1;dagruve;1;2;47;0;39;morreu
KIND;m1;lu_yueh_praga;maelor;1;0;0;0
CSV;m1;lu_yueh_praga;maelor;2;dagruve;1;11;339;81;62;passou
CSV;m1;lu_yueh_praga;maelor;2;docas;11;15;407;35;240;passou
CSV;m1;lu_yueh_praga;maelor;2;shedaklah;15;15;50;0;68;morreu
KIND;m1;lu_yueh_praga;maelor;2;0;0;0
CSV;m1;lu_yueh_praga;maelor;3;dagruve;1;4;92;0;44;morreu
KIND;m1;lu_yueh_praga;maelor;3;0;0;0
CSV;m1;lu_yueh_praga;maelor;4;dagruve;1;12;480;56;182;passou
CSV;m1;lu_yueh_praga;maelor;4;docas;12;15;421;0;181;morreu
KIND;m1;lu_yueh_praga;maelor;4;0;0;0
CSV;m1;lu_yueh_praga;maelor;5;dagruve;1;12;326;53;110;passou
CSV;m1;lu_yueh_praga;maelor;5;docas;12;13;69;0;58;morreu
KIND;m1;lu_yueh_praga;maelor;5;0;0;0
CSV;m1;lu_yueh_praga;maelor;6;dagruve;1;11;338;59;81;passou
CSV;m1;lu_yueh_praga;maelor;6;docas;11;11;64;0;65;morreu
KIND;m1;lu_yueh_praga;maelor;6;0;0;0
CSV;m0;lu_yueh_praga;nyrelia;1;dagruve;1;1;114;0;24;morreu
KIND;m0;lu_yueh_praga;nyrelia;1;0;0;0
CSV;m0;lu_yueh_praga;nyrelia;2;dagruve;1;2;165;0;24;morreu
KIND;m0;lu_yueh_praga;nyrelia;2;0;0;0
CSV;m0;lu_yueh_praga;nyrelia;3;dagruve;1;5;179;0;32;morreu
KIND;m0;lu_yueh_praga;nyrelia;3;0;0;0
CSV;m0;lu_yueh_praga;nyrelia;4;dagruve;1;2;138;0;24;morreu
KIND;m0;lu_yueh_praga;nyrelia;4;0;0;0
CSV;m0;lu_yueh_praga;nyrelia;5;dagruve;1;2;123;0;24;morreu
KIND;m0;lu_yueh_praga;nyrelia;5;0;0;0
CSV;m0;lu_yueh_praga;nyrelia;6;dagruve;1;1;51;0;24;morreu
KIND;m0;lu_yueh_praga;nyrelia;6;0;0;0
CSV;m1;lu_yueh_praga;nyrelia;1;dagruve;1;3;143;0;32;morreu
KIND;m1;lu_yueh_praga;nyrelia;1;0;0;0
CSV;m1;lu_yueh_praga;nyrelia;2;dagruve;1;3;112;0;32;morreu
KIND;m1;lu_yueh_praga;nyrelia;2;0;0;0
CSV;m1;lu_yueh_praga;nyrelia;3;dagruve;1;1;54;0;32;morreu
KIND;m1;lu_yueh_praga;nyrelia;3;0;0;0
CSV;m1;lu_yueh_praga;nyrelia;4;dagruve;1;3;120;0;32;morreu
KIND;m1;lu_yueh_praga;nyrelia;4;0;0;0
CSV;m1;lu_yueh_praga;nyrelia;5;dagruve;1;2;78;0;32;morreu
KIND;m1;lu_yueh_praga;nyrelia;5;0;0;0
CSV;m1;lu_yueh_praga;nyrelia;6;dagruve;1;11;590;43;161;passou
CSV;m1;lu_yueh_praga;nyrelia;6;docas;11;11;63;0;50;morreu
KIND;m1;lu_yueh_praga;nyrelia;6;0;0;0
CSV;m0;lu_yueh_praga;sylas;1;dagruve;1;7;93;0;46;morreu
KIND;m0;lu_yueh_praga;sylas;1;0;0;0
CSV;m0;lu_yueh_praga;sylas;2;dagruve;1;5;86;0;34;morreu
KIND;m0;lu_yueh_praga;sylas;2;0;0;0
CSV;m0;lu_yueh_praga;sylas;3;dagruve;1;4;92;0;30;morreu
KIND;m0;lu_yueh_praga;sylas;3;0;0;0
CSV;m0;lu_yueh_praga;sylas;4;dagruve;1;8;203;0;30;morreu
KIND;m0;lu_yueh_praga;sylas;4;0;0;0
CSV;m0;lu_yueh_praga;sylas;5;dagruve;1;6;131;0;30;morreu
KIND;m0;lu_yueh_praga;sylas;5;0;0;0
CSV;m0;lu_yueh_praga;sylas;6;dagruve;1;5;103;0;30;morreu
KIND;m0;lu_yueh_praga;sylas;6;0;0;0
CSV;m1;lu_yueh_praga;sylas;1;dagruve;1;11;410;55;84;passou
CSV;m1;lu_yueh_praga;sylas;1;docas;11;14;375;0;228;morreu
KIND;m1;lu_yueh_praga;sylas;1;0;0;0
CSV;m1;lu_yueh_praga;sylas;2;dagruve;1;4;106;0;36;morreu
KIND;m1;lu_yueh_praga;sylas;2;0;0;0
CSV;m1;lu_yueh_praga;sylas;3;dagruve;1;8;190;0;67;morreu
KIND;m1;lu_yueh_praga;sylas;3;0;0;0
CSV;m1;lu_yueh_praga;sylas;4;dagruve;1;8;188;0;45;morreu
KIND;m1;lu_yueh_praga;sylas;4;0;0;0
CSV;m1;lu_yueh_praga;sylas;5;dagruve;1;12;344;89;8;passou
CSV;m1;lu_yueh_praga;sylas;5;docas;12;16;361;24;112;passou
CSV;m1;lu_yueh_praga;sylas;5;shedaklah;16;17;153;0;121;morreu
KIND;m1;lu_yueh_praga;sylas;5;0;0;0
CSV;m1;lu_yueh_praga;sylas;6;dagruve;1;11;444;28;51;passou
CSV;m1;lu_yueh_praga;sylas;6;docas;11;12;206;0;62;morreu
KIND;m1;lu_yueh_praga;sylas;6;0;0;0
CSV;m0;lu_yueh_praga;zynara;1;dagruve;1;3;108;0;26;morreu
KIND;m0;lu_yueh_praga;zynara;1;0;0;0
CSV;m0;lu_yueh_praga;zynara;2;dagruve;1;2;56;0;30;morreu
KIND;m0;lu_yueh_praga;zynara;2;0;0;0
CSV;m0;lu_yueh_praga;zynara;3;dagruve;1;5;110;0;43;morreu
KIND;m0;lu_yueh_praga;zynara;3;0;0;0
CSV;m0;lu_yueh_praga;zynara;4;dagruve;1;3;148;0;26;morreu
KIND;m0;lu_yueh_praga;zynara;4;0;0;0
CSV;m0;lu_yueh_praga;zynara;5;dagruve;1;10;598;60;64;passou
CSV;m0;lu_yueh_praga;zynara;5;docas;10;11;104;0;36;morreu
KIND;m0;lu_yueh_praga;zynara;5;0;0;0
CSV;m0;lu_yueh_praga;zynara;6;dagruve;1;10;667;69;90;passou
CSV;m0;lu_yueh_praga;zynara;6;docas;10;15;476;0;126;morreu
KIND;m0;lu_yueh_praga;zynara;6;0;0;0
CSV;m1;lu_yueh_praga;zynara;1;dagruve;1;4;54;0;36;morreu
KIND;m1;lu_yueh_praga;zynara;1;0;0;0
CSV;m1;lu_yueh_praga;zynara;2;dagruve;1;8;432;0;53;morreu
KIND;m1;lu_yueh_praga;zynara;2;0;0;0
CSV;m1;lu_yueh_praga;zynara;3;dagruve;1;3;68;0;34;morreu
KIND;m1;lu_yueh_praga;zynara;3;0;0;0
CSV;m1;lu_yueh_praga;zynara;4;dagruve;1;3;95;0;34;morreu
KIND;m1;lu_yueh_praga;zynara;4;0;0;0
CSV;m1;lu_yueh_praga;zynara;5;dagruve;1;3;66;0;34;morreu
KIND;m1;lu_yueh_praga;zynara;5;0;0;0
CSV;m1;lu_yueh_praga;zynara;6;dagruve;1;6;326;0;55;morreu
KIND;m1;lu_yueh_praga;zynara;6;0;0;0
CSV;m0;mask_faca_sombra;bromnor;1;dagruve;1;11;708;71;50;passou
CSV;m0;mask_faca_sombra;bromnor;1;docas;11;11;67;0;67;morreu
KIND;m0;mask_faca_sombra;bromnor;1;0;0;0
CSV;m0;mask_faca_sombra;bromnor;2;dagruve;1;10;832;62;63;passou
CSV;m0;mask_faca_sombra;bromnor;2;docas;10;14;439;3;124;passou
CSV;m0;mask_faca_sombra;bromnor;2;shedaklah;14;16;402;0;88;morreu
KIND;m0;mask_faca_sombra;bromnor;2;0;0;0
CSV;m0;mask_faca_sombra;bromnor;3;dagruve;1;6;719;0;81;morreu
KIND;m0;mask_faca_sombra;bromnor;3;0;0;0
CSV;m0;mask_faca_sombra;bromnor;4;dagruve;1;11;1304;31;156;passou
CSV;m0;mask_faca_sombra;bromnor;4;docas;11;13;652;67;136;passou
CSV;m0;mask_faca_sombra;bromnor;4;shedaklah;13;14;780;0;236;morreu
KIND;m0;mask_faca_sombra;bromnor;4;0;0;0
CSV;m0;mask_faca_sombra;bromnor;5;dagruve;1;11;789;45;107;passou
CSV;m0;mask_faca_sombra;bromnor;5;docas;11;16;429;58;155;passou
CSV;m0;mask_faca_sombra;bromnor;5;shedaklah;16;16;49;0;58;morreu
KIND;m0;mask_faca_sombra;bromnor;5;0;0;0
CSV;m0;mask_faca_sombra;bromnor;6;dagruve;1;13;2089;0;465;morreu
KIND;m0;mask_faca_sombra;bromnor;6;0;0;0
CSV;m1;mask_faca_sombra;bromnor;1;dagruve;1;10;744;76;68;passou
CSV;m1;mask_faca_sombra;bromnor;1;docas;10;13;523;75;55;passou
CSV;m1;mask_faca_sombra;bromnor;1;shedaklah;13;19;2834;0;766;morreu
KIND;m1;mask_faca_sombra;bromnor;1;0;0;0
CSV;m1;mask_faca_sombra;bromnor;2;dagruve;1;12;1129;76;92;passou
CSV;m1;mask_faca_sombra;bromnor;2;docas;12;17;516;54;156;passou
CSV;m1;mask_faca_sombra;bromnor;2;shedaklah;17;19;1073;0;322;morreu
KIND;m1;mask_faca_sombra;bromnor;2;0;0;0
CSV;m1;mask_faca_sombra;bromnor;3;dagruve;1;3;158;0;46;morreu
KIND;m1;mask_faca_sombra;bromnor;3;0;0;0
CSV;m1;mask_faca_sombra;bromnor;4;dagruve;1;11;686;92;30;passou
CSV;m1;mask_faca_sombra;bromnor;4;docas;11;13;408;10;132;passou
CSV;m1;mask_faca_sombra;bromnor;4;shedaklah;13;14;60;0;63;morreu
KIND;m1;mask_faca_sombra;bromnor;4;0;0;0
CSV;m1;mask_faca_sombra;bromnor;5;dagruve;1;13;782;48;61;passou
CSV;m1;mask_faca_sombra;bromnor;5;docas;13;15;311;0;72;morreu
KIND;m1;mask_faca_sombra;bromnor;5;0;0;0
CSV;m1;mask_faca_sombra;bromnor;6;dagruve;1;9;505;85;35;passou
CSV;m1;mask_faca_sombra;bromnor;6;docas;9;14;513;81;40;passou
CSV;m1;mask_faca_sombra;bromnor;6;shedaklah;14;17;1309;0;330;morreu
KIND;m1;mask_faca_sombra;bromnor;6;0;0;0
CSV;m0;mask_faca_sombra;brook;1;dagruve;1;2;128;0;30;morreu
KIND;m0;mask_faca_sombra;brook;1;0;0;0
CSV;m0;mask_faca_sombra;brook;2;dagruve;1;14;3053;30;753;passou
CSV;m0;mask_faca_sombra;brook;2;docas;14;16;734;9;275;passou
CSV;m0;mask_faca_sombra;brook;2;shedaklah;16;18;1736;0;381;morreu
KIND;m0;mask_faca_sombra;brook;2;0;0;0
CSV;m0;mask_faca_sombra;brook;3;dagruve;1;2;209;0;30;morreu
KIND;m0;mask_faca_sombra;brook;3;0;0;0
CSV;m0;mask_faca_sombra;brook;4;dagruve;1;10;354;9;37;passou
CSV;m0;mask_faca_sombra;brook;4;docas;10;11;78;0;38;morreu
KIND;m0;mask_faca_sombra;brook;4;0;0;0
CSV;m0;mask_faca_sombra;brook;5;dagruve;1;3;53;0;30;morreu
KIND;m0;mask_faca_sombra;brook;5;0;0;0
CSV;m0;mask_faca_sombra;brook;6;dagruve;1;4;221;0;39;morreu
KIND;m0;mask_faca_sombra;brook;6;0;0;0
CSV;m1;mask_faca_sombra;brook;1;dagruve;1;7;446;0;76;morreu
KIND;m1;mask_faca_sombra;brook;1;0;0;0
CSV;m1;mask_faca_sombra;brook;2;dagruve;1;7;224;0;42;morreu
KIND;m1;mask_faca_sombra;brook;2;0;0;0
CSV;m1;mask_faca_sombra;brook;3;dagruve;1;11;2171;13;436;passou
CSV;m1;mask_faca_sombra;brook;3;docas;11;14;811;38;244;passou
CSV;m1;mask_faca_sombra;brook;3;shedaklah;14;14;73;0;86;morreu
KIND;m1;mask_faca_sombra;brook;3;0;0;0
CSV;m1;mask_faca_sombra;brook;4;dagruve;1;11;312;69;25;passou
CSV;m1;mask_faca_sombra;brook;4;docas;11;12;104;0;62;morreu
KIND;m1;mask_faca_sombra;brook;4;0;0;0
CSV;m1;mask_faca_sombra;brook;5;dagruve;1;11;1674;0;208;morreu
KIND;m1;mask_faca_sombra;brook;5;0;0;0
CSV;m1;mask_faca_sombra;brook;6;dagruve;1;13;1579;52;236;passou
CSV;m1;mask_faca_sombra;brook;6;docas;13;16;779;18;387;passou
CSV;m1;mask_faca_sombra;brook;6;shedaklah;16;17;603;0;224;morreu
KIND;m1;mask_faca_sombra;brook;6;0;0;0
CSV;m0;mask_faca_sombra;durvall;1;dagruve;1;3;79;0;28;morreu
KIND;m0;mask_faca_sombra;durvall;1;0;0;0
CSV;m0;mask_faca_sombra;durvall;2;dagruve;1;5;180;0;28;morreu
KIND;m0;mask_faca_sombra;durvall;2;0;0;0
CSV;m0;mask_faca_sombra;durvall;3;dagruve;1;4;178;0;35;morreu
KIND;m0;mask_faca_sombra;durvall;3;0;0;0
CSV;m0;mask_faca_sombra;durvall;4;dagruve;1;3;55;0;28;morreu
KIND;m0;mask_faca_sombra;durvall;4;0;0;0
CSV;m0;mask_faca_sombra;durvall;5;dagruve;1;4;61;0;28;morreu
KIND;m0;mask_faca_sombra;durvall;5;0;0;0
CSV;m0;mask_faca_sombra;durvall;6;dagruve;1;5;246;0;34;morreu
KIND;m0;mask_faca_sombra;durvall;6;0;0;0
CSV;m1;mask_faca_sombra;durvall;1;dagruve;1;4;64;0;42;morreu
KIND;m1;mask_faca_sombra;durvall;1;0;0;0
CSV;m1;mask_faca_sombra;durvall;2;dagruve;1;3;161;0;36;morreu
KIND;m1;mask_faca_sombra;durvall;2;0;0;0
CSV;m1;mask_faca_sombra;durvall;3;dagruve;1;4;86;0;36;morreu
KIND;m1;mask_faca_sombra;durvall;3;0;0;0
CSV;m1;mask_faca_sombra;durvall;4;dagruve;1;6;348;0;38;morreu
KIND;m1;mask_faca_sombra;durvall;4;0;0;0
CSV;m1;mask_faca_sombra;durvall;5;dagruve;1;3;59;0;36;morreu
KIND;m1;mask_faca_sombra;durvall;5;0;0;0
CSV;m1;mask_faca_sombra;durvall;6;dagruve;1;9;736;0;298;morreu
KIND;m1;mask_faca_sombra;durvall;6;0;0;0
CSV;m0;mask_faca_sombra;kayron;1;dagruve;1;6;154;0;35;morreu
KIND;m0;mask_faca_sombra;kayron;1;0;0;0
CSV;m0;mask_faca_sombra;kayron;2;dagruve;1;2;52;0;32;morreu
KIND;m0;mask_faca_sombra;kayron;2;0;0;0
CSV;m0;mask_faca_sombra;kayron;3;dagruve;1;4;66;0;28;morreu
KIND;m0;mask_faca_sombra;kayron;3;0;0;0
CSV;m0;mask_faca_sombra;kayron;4;dagruve;1;8;231;0;28;morreu
KIND;m0;mask_faca_sombra;kayron;4;0;0;0
CSV;m0;mask_faca_sombra;kayron;5;dagruve;1;7;181;0;28;morreu
KIND;m0;mask_faca_sombra;kayron;5;0;0;0
CSV;m0;mask_faca_sombra;kayron;6;dagruve;1;2;58;0;35;morreu
KIND;m0;mask_faca_sombra;kayron;6;0;0;0
CSV;m1;mask_faca_sombra;kayron;1;dagruve;1;5;64;0;36;morreu
KIND;m1;mask_faca_sombra;kayron;1;0;0;0
CSV;m1;mask_faca_sombra;kayron;2;dagruve;1;10;565;20;146;passou
CSV;m1;mask_faca_sombra;kayron;2;docas;10;14;433;21;227;passou
CSV;m1;mask_faca_sombra;kayron;2;shedaklah;14;14;56;0;66;morreu
KIND;m1;mask_faca_sombra;kayron;2;0;0;0
CSV;m1;mask_faca_sombra;kayron;3;dagruve;1;3;117;0;36;morreu
KIND;m1;mask_faca_sombra;kayron;3;0;0;0
CSV;m1;mask_faca_sombra;kayron;4;dagruve;1;13;319;41;125;passou
CSV;m1;mask_faca_sombra;kayron;4;docas;13;16;146;0;103;morreu
KIND;m1;mask_faca_sombra;kayron;4;0;0;0
CSV;m1;mask_faca_sombra;kayron;5;dagruve;1;13;584;25;122;passou
CSV;m1;mask_faca_sombra;kayron;5;docas;13;18;327;60;80;passou
CSV;m1;mask_faca_sombra;kayron;5;shedaklah;18;19;67;0;108;morreu
KIND;m1;mask_faca_sombra;kayron;5;0;0;0
CSV;m1;mask_faca_sombra;kayron;6;dagruve;1;11;477;59;56;passou
CSV;m1;mask_faca_sombra;kayron;6;docas;11;12;81;0;62;morreu
KIND;m1;mask_faca_sombra;kayron;6;0;0;0
CSV;m0;mask_faca_sombra;korrak;1;dagruve;1;12;819;44;197;?
KIND;m0;mask_faca_sombra;korrak;1;0;0;0
CSV;m0;mask_faca_sombra;korrak;2;dagruve;1;11;474;31;206;passou
CSV;m0;mask_faca_sombra;korrak;2;docas;11;18;406;24;283;passou
CSV;m0;mask_faca_sombra;korrak;2;shedaklah;18;23;932;0;689;morreu
KIND;m0;mask_faca_sombra;korrak;2;0;0;0
CSV;m0;mask_faca_sombra;korrak;3;dagruve;1;13;334;54;166;passou
CSV;m0;mask_faca_sombra;korrak;3;docas;13;19;345;51;275;passou
CSV;m0;mask_faca_sombra;korrak;3;shedaklah;19;24;747;30;401;passou
CSV;m0;mask_faca_sombra;korrak;3;molor;24;30;603;2;540;passou
KIND;m0;mask_faca_sombra;korrak;3;0;0;0
CSV;m0;mask_faca_sombra;korrak;4;dagruve;1;11;328;65;112;passou
CSV;m0;mask_faca_sombra;korrak;4;docas;11;16;353;12;356;passou
CSV;m0;mask_faca_sombra;korrak;4;shedaklah;16;17;59;0;122;morreu
KIND;m0;mask_faca_sombra;korrak;4;0;0;0
CSV;m0;mask_faca_sombra;korrak;5;dagruve;1;11;560;75;67;passou
CSV;m0;mask_faca_sombra;korrak;5;docas;11;15;380;66;104;passou
CSV;m0;mask_faca_sombra;korrak;5;shedaklah;15;21;2357;0;1265;morreu
KIND;m0;mask_faca_sombra;korrak;5;0;0;0
CSV;m0;mask_faca_sombra;korrak;6;dagruve;1;10;617;57;148;passou
CSV;m0;mask_faca_sombra;korrak;6;docas;10;12;405;34;171;passou
CSV;m0;mask_faca_sombra;korrak;6;shedaklah;12;21;3072;0;1829;morreu
KIND;m0;mask_faca_sombra;korrak;6;0;0;0
CSV;m1;mask_faca_sombra;korrak;1;dagruve;1;10;534;52;117;passou
CSV;m1;mask_faca_sombra;korrak;1;docas;10;15;362;43;349;passou
CSV;m1;mask_faca_sombra;korrak;1;shedaklah;15;23;2487;0;2359;morreu
KIND;m1;mask_faca_sombra;korrak;1;0;0;0
CSV;m1;mask_faca_sombra;korrak;2;dagruve;1;12;634;64;174;passou
CSV;m1;mask_faca_sombra;korrak;2;docas;12;17;566;62;138;passou
CSV;m1;mask_faca_sombra;korrak;2;shedaklah;17;23;2421;0;1231;morreu
KIND;m1;mask_faca_sombra;korrak;2;0;0;0
CSV;m1;mask_faca_sombra;korrak;3;dagruve;1;14;334;79;63;passou
CSV;m1;mask_faca_sombra;korrak;3;docas;14;18;342;63;195;passou
CSV;m1;mask_faca_sombra;korrak;3;shedaklah;18;25;646;50;425;passou
CSV;m1;mask_faca_sombra;korrak;3;molor;25;31;637;51;434;passou
KIND;m1;mask_faca_sombra;korrak;3;0;0;0
CSV;m1;mask_faca_sombra;korrak;4;dagruve;1;14;323;46;164;passou
CSV;m1;mask_faca_sombra;korrak;4;docas;14;18;346;10;188;passou
CSV;m1;mask_faca_sombra;korrak;4;shedaklah;18;24;731;11;783;passou
CSV;m1;mask_faca_sombra;korrak;4;molor;24;29;770;40;602;passou
KIND;m1;mask_faca_sombra;korrak;4;0;0;0
CSV;m1;mask_faca_sombra;korrak;5;dagruve;1;10;505;70;100;passou
CSV;m1;mask_faca_sombra;korrak;5;docas;10;14;405;69;168;passou
CSV;m1;mask_faca_sombra;korrak;5;shedaklah;14;20;1585;0;1049;morreu
KIND;m1;mask_faca_sombra;korrak;5;0;0;0
CSV;m1;mask_faca_sombra;korrak;6;dagruve;1;13;323;77;59;passou
CSV;m1;mask_faca_sombra;korrak;6;docas;13;18;332;77;190;passou
CSV;m1;mask_faca_sombra;korrak;6;shedaklah;18;23;789;73;339;passou
CSV;m1;mask_faca_sombra;korrak;6;molor;23;26;553;0;820;morreu
KIND;m1;mask_faca_sombra;korrak;6;0;0;0
CSV;m0;mask_faca_sombra;leoric;1;dagruve;1;3;60;0;22;morreu
KIND;m0;mask_faca_sombra;leoric;1;0;0;0
CSV;m0;mask_faca_sombra;leoric;2;dagruve;1;4;58;0;30;morreu
KIND;m0;mask_faca_sombra;leoric;2;0;0;0
CSV;m0;mask_faca_sombra;leoric;3;dagruve;1;11;521;4;76;passou
CSV;m0;mask_faca_sombra;leoric;3;docas;11;15;500;13;192;passou
CSV;m0;mask_faca_sombra;leoric;3;shedaklah;15;15;66;0;83;morreu
KIND;m0;mask_faca_sombra;leoric;3;0;0;0
CSV;m0;mask_faca_sombra;leoric;4;dagruve;1;6;284;0;31;morreu
KIND;m0;mask_faca_sombra;leoric;4;0;0;0
CSV;m0;mask_faca_sombra;leoric;5;dagruve;1;3;54;0;24;morreu
KIND;m0;mask_faca_sombra;leoric;5;0;0;0
CSV;m0;mask_faca_sombra;leoric;6;dagruve;1;13;225;0;39;morreu
KIND;m0;mask_faca_sombra;leoric;6;0;0;0
CSV;m1;mask_faca_sombra;leoric;1;dagruve;1;4;62;0;30;morreu
KIND;m1;mask_faca_sombra;leoric;1;0;0;0
CSV;m1;mask_faca_sombra;leoric;2;dagruve;1;10;638;0;217;morreu
KIND;m1;mask_faca_sombra;leoric;2;0;0;0
CSV;m1;mask_faca_sombra;leoric;3;dagruve;1;4;62;0;30;morreu
KIND;m1;mask_faca_sombra;leoric;3;0;0;0
CSV;m1;mask_faca_sombra;leoric;4;dagruve;1;8;97;0;36;morreu
KIND;m1;mask_faca_sombra;leoric;4;0;0;0
CSV;m1;mask_faca_sombra;leoric;5;dagruve;1;5;60;0;34;morreu
KIND;m1;mask_faca_sombra;leoric;5;0;0;0
CSV;m1;mask_faca_sombra;leoric;6;dagruve;1;15;319;51;94;passou
CSV;m1;mask_faca_sombra;leoric;6;docas;15;15;66;0;51;morreu
KIND;m1;mask_faca_sombra;leoric;6;0;0;0
CSV;m0;mask_faca_sombra;maelor;1;dagruve;1;11;479;61;57;passou
CSV;m0;mask_faca_sombra;maelor;1;docas;11;16;408;24;291;passou
CSV;m0;mask_faca_sombra;maelor;1;shedaklah;16;20;713;0;390;morreu
KIND;m0;mask_faca_sombra;maelor;1;0;0;0
CSV;m0;mask_faca_sombra;maelor;2;dagruve;1;10;498;66;85;passou
CSV;m0;mask_faca_sombra;maelor;2;docas;10;11;58;0;66;morreu
KIND;m0;mask_faca_sombra;maelor;2;0;0;0
CSV;m0;mask_faca_sombra;maelor;3;dagruve;1;13;341;19;133;passou
CSV;m0;mask_faca_sombra;maelor;3;docas;13;14;68;0;42;morreu
KIND;m0;mask_faca_sombra;maelor;3;0;0;0
CSV;m0;mask_faca_sombra;maelor;4;dagruve;1;11;328;26;144;passou
CSV;m0;mask_faca_sombra;maelor;4;docas;11;13;129;0;70;morreu
KIND;m0;mask_faca_sombra;maelor;4;0;0;0
CSV;m0;mask_faca_sombra;maelor;5;dagruve;1;8;236;0;111;morreu
KIND;m0;mask_faca_sombra;maelor;5;0;0;0
CSV;m0;mask_faca_sombra;maelor;6;dagruve;1;8;200;0;134;morreu
KIND;m0;mask_faca_sombra;maelor;6;0;0;0
CSV;m1;mask_faca_sombra;maelor;1;dagruve;1;12;577;45;98;passou
CSV;m1;mask_faca_sombra;maelor;1;docas;12;15;526;20;204;passou
CSV;m1;mask_faca_sombra;maelor;1;shedaklah;15;18;634;0;310;morreu
KIND;m1;mask_faca_sombra;maelor;1;0;0;0
CSV;m1;mask_faca_sombra;maelor;2;dagruve;1;11;457;43;97;passou
CSV;m1;mask_faca_sombra;maelor;2;docas;11;11;65;0;50;morreu
KIND;m1;mask_faca_sombra;maelor;2;0;0;0
CSV;m1;mask_faca_sombra;maelor;3;dagruve;1;12;327;51;85;passou
CSV;m1;mask_faca_sombra;maelor;3;docas;12;16;379;51;242;passou
CSV;m1;mask_faca_sombra;maelor;3;shedaklah;16;20;504;0;349;morreu
KIND;m1;mask_faca_sombra;maelor;3;0;0;0
CSV;m1;mask_faca_sombra;maelor;4;dagruve;1;4;92;0;47;morreu
KIND;m1;mask_faca_sombra;maelor;4;0;0;0
CSV;m1;mask_faca_sombra;maelor;5;dagruve;1;11;512;50;111;passou
CSV;m1;mask_faca_sombra;maelor;5;docas;11;12;73;0;57;morreu
KIND;m1;mask_faca_sombra;maelor;5;0;0;0
CSV;m1;mask_faca_sombra;maelor;6;dagruve;1;12;500;37;154;passou
CSV;m1;mask_faca_sombra;maelor;6;docas;12;13;105;0;63;morreu
KIND;m1;mask_faca_sombra;maelor;6;0;0;0
CSV;m0;mask_faca_sombra;nyrelia;1;dagruve;1;8;677;0;167;morreu
KIND;m0;mask_faca_sombra;nyrelia;1;0;0;0
CSV;m0;mask_faca_sombra;nyrelia;2;dagruve;1;3;147;0;22;morreu
KIND;m0;mask_faca_sombra;nyrelia;2;0;0;0
CSV;m0;mask_faca_sombra;nyrelia;3;dagruve;1;3;96;0;22;morreu
KIND;m0;mask_faca_sombra;nyrelia;3;0;0;0
CSV;m0;mask_faca_sombra;nyrelia;4;dagruve;1;4;206;0;28;morreu
KIND;m0;mask_faca_sombra;nyrelia;4;0;0;0
CSV;m0;mask_faca_sombra;nyrelia;5;dagruve;1;6;206;0;24;morreu
KIND;m0;mask_faca_sombra;nyrelia;5;0;0;0
CSV;m0;mask_faca_sombra;nyrelia;6;dagruve;1;2;53;0;22;morreu
KIND;m0;mask_faca_sombra;nyrelia;6;0;0;0
CSV;m1;mask_faca_sombra;nyrelia;1;dagruve;1;6;247;0;38;morreu
KIND;m1;mask_faca_sombra;nyrelia;1;0;0;0
CSV;m1;mask_faca_sombra;nyrelia;2;dagruve;1;1;64;0;30;morreu
KIND;m1;mask_faca_sombra;nyrelia;2;0;0;0
CSV;m1;mask_faca_sombra;nyrelia;3;dagruve;1;11;400;0;53;morreu
KIND;m1;mask_faca_sombra;nyrelia;3;0;0;0
CSV;m1;mask_faca_sombra;nyrelia;4;dagruve;1;5;298;0;49;morreu
KIND;m1;mask_faca_sombra;nyrelia;4;0;0;0
CSV;m1;mask_faca_sombra;nyrelia;5;dagruve;1;5;223;0;30;morreu
KIND;m1;mask_faca_sombra;nyrelia;5;0;0;0
CSV;m1;mask_faca_sombra;nyrelia;6;dagruve;1;11;1286;38;288;passou
CSV;m1;mask_faca_sombra;nyrelia;6;docas;11;14;156;0;57;morreu
KIND;m1;mask_faca_sombra;nyrelia;6;0;0;0
CSV;m0;mask_faca_sombra;sylas;1;dagruve;1;14;583;54;91;passou
CSV;m0;mask_faca_sombra;sylas;1;docas;14;16;332;0;73;morreu
KIND;m0;mask_faca_sombra;sylas;1;0;0;0
CSV;m0;mask_faca_sombra;sylas;2;dagruve;1;8;122;0;28;morreu
KIND;m0;mask_faca_sombra;sylas;2;0;0;0
CSV;m0;mask_faca_sombra;sylas;3;dagruve;1;5;71;0;36;morreu
KIND;m0;mask_faca_sombra;sylas;3;0;0;0
CSV;m0;mask_faca_sombra;sylas;4;dagruve;1;8;133;0;26;morreu
KIND;m0;mask_faca_sombra;sylas;4;0;0;0
CSV;m0;mask_faca_sombra;sylas;5;dagruve;1;6;92;0;26;morreu
KIND;m0;mask_faca_sombra;sylas;5;0;0;0
CSV;m0;mask_faca_sombra;sylas;6;dagruve;1;4;48;0;26;morreu
KIND;m0;mask_faca_sombra;sylas;6;0;0;0
CSV;m1;mask_faca_sombra;sylas;1;dagruve;1;14;312;52;70;passou
CSV;m1;mask_faca_sombra;sylas;1;docas;14;19;344;16;149;passou
CSV;m1;mask_faca_sombra;sylas;1;shedaklah;19;19;58;0;60;morreu
KIND;m1;mask_faca_sombra;sylas;1;0;0;0
CSV;m1;mask_faca_sombra;sylas;2;dagruve;1;11;328;74;44;passou
CSV;m1;mask_faca_sombra;sylas;2;docas;11;12;139;0;42;morreu
KIND;m1;mask_faca_sombra;sylas;2;0;0;0
CSV;m1;mask_faca_sombra;sylas;3;dagruve;1;13;439;67;58;passou
CSV;m1;mask_faca_sombra;sylas;3;docas;13;16;438;21;130;passou
CSV;m1;mask_faca_sombra;sylas;3;shedaklah;16;20;522;0;106;morreu
KIND;m1;mask_faca_sombra;sylas;3;0;0;0
CSV;m1;mask_faca_sombra;sylas;4;dagruve;1;14;324;5;132;passou
CSV;m1;mask_faca_sombra;sylas;4;docas;14;19;317;56;125;passou
CSV;m1;mask_faca_sombra;sylas;4;shedaklah;19;26;615;36;227;passou
CSV;m1;mask_faca_sombra;sylas;4;molor;26;31;609;9;661;passou
KIND;m1;mask_faca_sombra;sylas;4;0;0;0
CSV;m1;mask_faca_sombra;sylas;5;dagruve;1;13;358;13;80;passou
CSV;m1;mask_faca_sombra;sylas;5;docas;13;14;158;0;95;morreu
KIND;m1;mask_faca_sombra;sylas;5;0;0;0
CSV;m1;mask_faca_sombra;sylas;6;dagruve;1;5;115;0;36;morreu
KIND;m1;mask_faca_sombra;sylas;6;0;0;0
CSV;m0;mask_faca_sombra;zynara;1;dagruve;1;12;1052;20;159;passou
CSV;m0;mask_faca_sombra;zynara;1;docas;12;17;442;22;248;passou
CSV;m0;mask_faca_sombra;zynara;1;shedaklah;17;19;547;0;261;morreu
KIND;m0;mask_faca_sombra;zynara;1;0;0;0
CSV;m0;mask_faca_sombra;zynara;2;dagruve;1;5;151;0;46;morreu
KIND;m0;mask_faca_sombra;zynara;2;0;0;0
CSV;m0;mask_faca_sombra;zynara;3;dagruve;1;3;69;0;24;morreu
KIND;m0;mask_faca_sombra;zynara;3;0;0;0
CSV;m0;mask_faca_sombra;zynara;4;dagruve;1;4;135;0;24;morreu
KIND;m0;mask_faca_sombra;zynara;4;0;0;0
CSV;m0;mask_faca_sombra;zynara;5;dagruve;1;3;141;0;24;morreu
KIND;m0;mask_faca_sombra;zynara;5;0;0;0
CSV;m0;mask_faca_sombra;zynara;6;dagruve;1;2;57;0;25;morreu
KIND;m0;mask_faca_sombra;zynara;6;0;0;0
CSV;m1;mask_faca_sombra;zynara;1;dagruve;1;5;126;0;90;morreu
KIND;m1;mask_faca_sombra;zynara;1;0;0;0
CSV;m1;mask_faca_sombra;zynara;2;dagruve;1;10;507;19;134;passou
CSV;m1;mask_faca_sombra;zynara;2;docas;10;11;81;0;62;morreu
KIND;m1;mask_faca_sombra;zynara;2;0;0;0
CSV;m1;mask_faca_sombra;zynara;3;dagruve;1;3;59;0;32;morreu
KIND;m1;mask_faca_sombra;zynara;3;0;0;0
CSV;m1;mask_faca_sombra;zynara;4;dagruve;1;11;506;3;76;passou
CSV;m1;mask_faca_sombra;zynara;4;docas;11;17;404;0;109;morreu
KIND;m1;mask_faca_sombra;zynara;4;0;0;0
CSV;m1;mask_faca_sombra;zynara;5;dagruve;1;3;96;0;35;morreu
KIND;m1;mask_faca_sombra;zynara;5;0;0;0
CSV;m1;mask_faca_sombra;zynara;6;dagruve;1;10;530;61;81;passou
CSV;m1;mask_faca_sombra;zynara;6;docas;10;13;315;0;143;morreu
KIND;m1;mask_faca_sombra;zynara;6;0;0;0
CSV;m0;mask_fechaduras;bromnor;1;dagruve;1;8;786;0;107;morreu
KIND;m0;mask_fechaduras;bromnor;1;0;0;0
CSV;m0;mask_fechaduras;bromnor;2;dagruve;1;11;1084;46;128;passou
CSV;m0;mask_fechaduras;bromnor;2;docas;11;13;361;0;84;morreu
KIND;m0;mask_fechaduras;bromnor;2;0;0;0
CSV;m0;mask_fechaduras;bromnor;3;dagruve;1;9;704;0;86;morreu
KIND;m0;mask_fechaduras;bromnor;3;0;0;0
CSV;m0;mask_fechaduras;bromnor;4;dagruve;1;14;1588;72;144;passou
CSV;m0;mask_fechaduras;bromnor;4;docas;14;16;562;63;106;passou
CSV;m0;mask_fechaduras;bromnor;4;shedaklah;16;16;67;0;118;morreu
KIND;m0;mask_fechaduras;bromnor;4;0;0;0
CSV;m0;mask_fechaduras;bromnor;5;dagruve;1;7;517;0;60;morreu
KIND;m0;mask_fechaduras;bromnor;5;0;0;0
CSV;m0;mask_fechaduras;bromnor;6;dagruve;1;3;89;0;48;morreu
KIND;m0;mask_fechaduras;bromnor;6;0;0;0
CSV;m1;mask_fechaduras;bromnor;1;dagruve;1;14;987;14;81;passou
CSV;m1;mask_fechaduras;bromnor;1;docas;14;17;762;79;106;passou
CSV;m1;mask_fechaduras;bromnor;1;shedaklah;17;20;1067;0;535;morreu
KIND;m1;mask_fechaduras;bromnor;1;0;0;0
CSV;m1;mask_fechaduras;bromnor;2;dagruve;1;11;664;15;68;passou
CSV;m1;mask_fechaduras;bromnor;2;docas;11;15;482;26;165;passou
CSV;m1;mask_fechaduras;bromnor;2;shedaklah;15;15;158;0;117;morreu
KIND;m1;mask_fechaduras;bromnor;2;0;0;0
CSV;m1;mask_fechaduras;bromnor;3;dagruve;1;9;738;0;87;morreu
KIND;m1;mask_fechaduras;bromnor;3;0;0;0
CSV;m1;mask_fechaduras;bromnor;4;dagruve;1;11;846;67;84;passou
CSV;m1;mask_fechaduras;bromnor;4;docas;11;16;515;67;163;passou
CSV;m1;mask_fechaduras;bromnor;4;shedaklah;16;19;526;0;252;morreu
KIND;m1;mask_fechaduras;bromnor;4;0;0;0
CSV;m1;mask_fechaduras;bromnor;5;dagruve;1;11;951;0;104;morreu
KIND;m1;mask_fechaduras;bromnor;5;0;0;0
CSV;m1;mask_fechaduras;bromnor;6;dagruve;1;10;610;77;56;passou
CSV;m1;mask_fechaduras;bromnor;6;docas;10;15;457;75;64;passou
CSV;m1;mask_fechaduras;bromnor;6;shedaklah;15;18;793;0;312;morreu
KIND;m1;mask_fechaduras;bromnor;6;0;0;0
CSV;m0;mask_fechaduras;brook;1;dagruve;1;3;67;0;40;morreu
KIND;m0;mask_fechaduras;brook;1;0;0;0
CSV;m0;mask_fechaduras;brook;2;dagruve;1;5;303;0;50;morreu
KIND;m0;mask_fechaduras;brook;2;0;0;0
CSV;m0;mask_fechaduras;brook;3;dagruve;1;4;275;0;40;morreu
KIND;m0;mask_fechaduras;brook;3;0;0;0
CSV;m0;mask_fechaduras;brook;4;dagruve;1;7;430;0;44;morreu
KIND;m0;mask_fechaduras;brook;4;0;0;0
CSV;m0;mask_fechaduras;brook;5;dagruve;1;3;366;0;55;morreu
KIND;m0;mask_fechaduras;brook;5;0;0;0
CSV;m0;mask_fechaduras;brook;6;dagruve;1;8;420;0;55;morreu
KIND;m0;mask_fechaduras;brook;6;0;0;0
CSV;m1;mask_fechaduras;brook;1;dagruve;1;13;1037;14;226;passou
CSV;m1;mask_fechaduras;brook;1;docas;13;15;465;53;203;passou
CSV;m1;mask_fechaduras;brook;1;shedaklah;15;15;63;0;72;morreu
KIND;m1;mask_fechaduras;brook;1;0;0;0
CSV;m1;mask_fechaduras;brook;2;dagruve;1;2;115;0;52;morreu
KIND;m1;mask_fechaduras;brook;2;0;0;0
CSV;m1;mask_fechaduras;brook;3;dagruve;1;3;70;0;48;morreu
KIND;m1;mask_fechaduras;brook;3;0;0;0
CSV;m1;mask_fechaduras;brook;4;dagruve;1;6;497;0;63;morreu
KIND;m1;mask_fechaduras;brook;4;0;0;0
CSV;m1;mask_fechaduras;brook;5;dagruve;1;2;234;0;48;morreu
KIND;m1;mask_fechaduras;brook;5;0;0;0
CSV;m1;mask_fechaduras;brook;6;dagruve;1;11;1134;57;244;passou
CSV;m1;mask_fechaduras;brook;6;docas;11;17;344;59;148;passou
CSV;m1;mask_fechaduras;brook;6;shedaklah;17;21;1532;0;790;morreu
KIND;m1;mask_fechaduras;brook;6;0;0;0
CSV;m0;mask_fechaduras;durvall;1;dagruve;1;6;432;0;53;morreu
KIND;m0;mask_fechaduras;durvall;1;0;0;0
CSV;m0;mask_fechaduras;durvall;2;dagruve;1;3;236;0;50;morreu
KIND;m0;mask_fechaduras;durvall;2;0;0;0
CSV;m0;mask_fechaduras;durvall;3;dagruve;1;4;231;0;48;morreu
KIND;m0;mask_fechaduras;durvall;3;0;0;0
CSV;m0;mask_fechaduras;durvall;4;dagruve;1;6;343;0;84;morreu
KIND;m0;mask_fechaduras;durvall;4;0;0;0
CSV;m0;mask_fechaduras;durvall;5;dagruve;1;3;230;0;38;morreu
KIND;m0;mask_fechaduras;durvall;5;0;0;0
CSV;m0;mask_fechaduras;durvall;6;dagruve;1;7;653;0;200;morreu
KIND;m0;mask_fechaduras;durvall;6;0;0;0
CSV;m1;mask_fechaduras;durvall;1;dagruve;1;5;293;0;46;morreu
KIND;m1;mask_fechaduras;durvall;1;0;0;0
CSV;m1;mask_fechaduras;durvall;2;dagruve;1;4;200;0;48;morreu
KIND;m1;mask_fechaduras;durvall;2;0;0;0
CSV;m1;mask_fechaduras;durvall;3;dagruve;1;11;564;6;106;passou
CSV;m1;mask_fechaduras;durvall;3;docas;11;12;114;0;59;morreu
KIND;m1;mask_fechaduras;durvall;3;0;0;0
CSV;m1;mask_fechaduras;durvall;4;dagruve;1;5;307;0;46;morreu
KIND;m1;mask_fechaduras;durvall;4;0;0;0
CSV;m1;mask_fechaduras;durvall;5;dagruve;1;6;475;0;64;morreu
KIND;m1;mask_fechaduras;durvall;5;0;0;0
CSV;m1;mask_fechaduras;durvall;6;dagruve;1;5;124;0;46;morreu
KIND;m1;mask_fechaduras;durvall;6;0;0;0
CSV;m0;mask_fechaduras;kayron;1;dagruve;1;15;327;69;69;passou
CSV;m0;mask_fechaduras;kayron;1;docas;15;19;338;52;186;passou
CSV;m0;mask_fechaduras;kayron;1;shedaklah;19;23;660;0;537;morreu
KIND;m0;mask_fechaduras;kayron;1;0;0;0
CSV;m0;mask_fechaduras;kayron;2;dagruve;1;2;48;0;42;morreu
KIND;m0;mask_fechaduras;kayron;2;0;0;0
CSV;m0;mask_fechaduras;kayron;3;dagruve;1;10;471;15;108;passou
CSV;m0;mask_fechaduras;kayron;3;docas;10;11;104;0;64;morreu
KIND;m0;mask_fechaduras;kayron;3;0;0;0
CSV;m0;mask_fechaduras;kayron;4;dagruve;1;3;97;0;38;morreu
KIND;m0;mask_fechaduras;kayron;4;0;0;0
CSV;m0;mask_fechaduras;kayron;5;dagruve;1;4;72;0;38;morreu
KIND;m0;mask_fechaduras;kayron;5;0;0;0
CSV;m0;mask_fechaduras;kayron;6;dagruve;1;4;167;0;48;morreu
KIND;m0;mask_fechaduras;kayron;6;0;0;0
CSV;m1;mask_fechaduras;kayron;1;dagruve;1;13;326;73;79;passou
CSV;m1;mask_fechaduras;kayron;1;docas;13;18;367;72;161;passou
CSV;m1;mask_fechaduras;kayron;1;shedaklah;18;20;374;0;274;morreu
KIND;m1;mask_fechaduras;kayron;1;0;0;0
CSV;m1;mask_fechaduras;kayron;2;dagruve;1;8;153;0;50;morreu
KIND;m1;mask_fechaduras;kayron;2;0;0;0
CSV;m1;mask_fechaduras;kayron;3;dagruve;1;8;373;12;85;passou
CSV;m1;mask_fechaduras;kayron;3;docas;8;16;486;69;115;passou
CSV;m1;mask_fechaduras;kayron;3;shedaklah;16;24;605;33;113;passou
CSV;m1;mask_fechaduras;kayron;3;molor;24;28;486;0;295;morreu
KIND;m1;mask_fechaduras;kayron;3;0;0;0
CSV;m1;mask_fechaduras;kayron;4;dagruve;1;10;697;42;126;passou
CSV;m1;mask_fechaduras;kayron;4;docas;10;16;323;0;152;morreu
KIND;m1;mask_fechaduras;kayron;4;0;0;0
CSV;m1;mask_fechaduras;kayron;5;dagruve;1;9;196;0;46;morreu
KIND;m1;mask_fechaduras;kayron;5;0;0;0
CSV;m1;mask_fechaduras;kayron;6;dagruve;1;5;132;0;46;morreu
KIND;m1;mask_fechaduras;kayron;6;0;0;0
CSV;m0;mask_fechaduras;korrak;1;dagruve;1;12;377;42;159;passou
CSV;m0;mask_fechaduras;korrak;1;docas;12;16;460;49;411;passou
CSV;m0;mask_fechaduras;korrak;1;shedaklah;16;18;467;0;393;morreu
KIND;m0;mask_fechaduras;korrak;1;0;0;0
CSV;m0;mask_fechaduras;korrak;2;dagruve;1;11;389;76;84;passou
CSV;m0;mask_fechaduras;korrak;2;docas;11;16;435;71;159;passou
CSV;m0;mask_fechaduras;korrak;2;shedaklah;16;23;812;32;685;passou
CSV;m0;mask_fechaduras;korrak;2;molor;23;28;826;0;1065;morreu
KIND;m0;mask_fechaduras;korrak;2;0;0;0
CSV;m0;mask_fechaduras;korrak;3;dagruve;1;11;395;62;103;passou
CSV;m0;mask_fechaduras;korrak;3;docas;11;15;467;51;229;passou
CSV;m0;mask_fechaduras;korrak;3;shedaklah;15;17;365;0;177;morreu
KIND;m0;mask_fechaduras;korrak;3;0;0;0
CSV;m0;mask_fechaduras;korrak;4;dagruve;1;12;374;55;241;passou
CSV;m0;mask_fechaduras;korrak;4;docas;12;17;342;58;220;passou
CSV;m0;mask_fechaduras;korrak;4;shedaklah;17;17;72;0;75;morreu
KIND;m0;mask_fechaduras;korrak;4;0;0;0
CSV;m0;mask_fechaduras;korrak;5;dagruve;1;11;355;67;127;passou
CSV;m0;mask_fechaduras;korrak;5;docas;11;14;449;41;227;passou
CSV;m0;mask_fechaduras;korrak;5;shedaklah;14;22;698;29;602;passou
CSV;m0;mask_fechaduras;korrak;5;molor;22;23;108;0;223;morreu
KIND;m0;mask_fechaduras;korrak;5;0;0;0
CSV;m0;mask_fechaduras;korrak;6;dagruve;1;10;422;67;160;passou
CSV;m0;mask_fechaduras;korrak;6;docas;10;12;92;0;116;morreu
KIND;m0;mask_fechaduras;korrak;6;0;0;0
CSV;m1;mask_fechaduras;korrak;1;dagruve;1;12;324;73;137;passou
CSV;m1;mask_fechaduras;korrak;1;docas;12;17;327;62;86;passou
CSV;m1;mask_fechaduras;korrak;1;shedaklah;17;23;559;0;441;morreu
KIND;m1;mask_fechaduras;korrak;1;0;0;0
CSV;m1;mask_fechaduras;korrak;2;dagruve;1;13;735;59;192;passou
CSV;m1;mask_fechaduras;korrak;2;docas;13;16;441;68;120;passou
CSV;m1;mask_fechaduras;korrak;2;shedaklah;16;23;3127;0;1444;morreu
KIND;m1;mask_fechaduras;korrak;2;0;0;0
CSV;m1;mask_fechaduras;korrak;3;dagruve;1;11;844;68;189;passou
CSV;m1;mask_fechaduras;korrak;3;docas;11;15;502;65;258;passou
CSV;m1;mask_fechaduras;korrak;3;shedaklah;15;18;798;0;497;morreu
KIND;m1;mask_fechaduras;korrak;3;0;0;0
CSV;m1;mask_fechaduras;korrak;4;dagruve;1;10;598;65;105;passou
CSV;m1;mask_fechaduras;korrak;4;docas;10;14;417;65;199;passou
CSV;m1;mask_fechaduras;korrak;4;shedaklah;14;22;1568;0;1142;morreu
KIND;m1;mask_fechaduras;korrak;4;0;0;0
CSV;m1;mask_fechaduras;korrak;5;dagruve;1;12;747;77;168;passou
CSV;m1;mask_fechaduras;korrak;5;docas;12;15;458;68;146;passou
CSV;m1;mask_fechaduras;korrak;5;shedaklah;15;19;1651;0;1026;morreu
KIND;m1;mask_fechaduras;korrak;5;0;0;0
CSV;m1;mask_fechaduras;korrak;6;dagruve;1;9;438;78;57;passou
CSV;m1;mask_fechaduras;korrak;6;docas;9;15;422;46;286;passou
CSV;m1;mask_fechaduras;korrak;6;shedaklah;15;21;1510;0;855;morreu
KIND;m1;mask_fechaduras;korrak;6;0;0;0
CSV;m0;mask_fechaduras;leoric;1;dagruve;1;2;116;0;32;morreu
KIND;m0;mask_fechaduras;leoric;1;0;0;0
CSV;m0;mask_fechaduras;leoric;2;dagruve;1;13;667;37;143;passou
CSV;m0;mask_fechaduras;leoric;2;docas;13;17;452;12;256;passou
CSV;m0;mask_fechaduras;leoric;2;shedaklah;17;18;45;0;49;morreu
KIND;m0;mask_fechaduras;leoric;2;0;0;0
CSV;m0;mask_fechaduras;leoric;3;dagruve;1;2;51;0;32;morreu
KIND;m0;mask_fechaduras;leoric;3;0;0;0
CSV;m0;mask_fechaduras;leoric;4;dagruve;1;7;210;0;38;morreu
KIND;m0;mask_fechaduras;leoric;4;0;0;0
CSV;m0;mask_fechaduras;leoric;5;dagruve;1;4;100;0;34;morreu
KIND;m0;mask_fechaduras;leoric;5;0;0;0
CSV;m0;mask_fechaduras;leoric;6;dagruve;1;14;333;42;76;passou
CSV;m0;mask_fechaduras;leoric;6;docas;14;14;75;0;41;morreu
KIND;m0;mask_fechaduras;leoric;6;0;0;0
CSV;m1;mask_fechaduras;leoric;1;dagruve;1;11;324;23;127;passou
CSV;m1;mask_fechaduras;leoric;1;docas;11;17;363;38;228;passou
CSV;m1;mask_fechaduras;leoric;1;shedaklah;17;19;262;0;226;morreu
KIND;m1;mask_fechaduras;leoric;1;0;0;0
CSV;m1;mask_fechaduras;leoric;2;dagruve;1;5;82;0;48;morreu
KIND;m1;mask_fechaduras;leoric;2;0;0;0
CSV;m1;mask_fechaduras;leoric;3;dagruve;1;4;78;0;40;morreu
KIND;m1;mask_fechaduras;leoric;3;0;0;0
CSV;m1;mask_fechaduras;leoric;4;dagruve;1;13;339;6;87;passou
CSV;m1;mask_fechaduras;leoric;4;docas;13;15;88;0;62;morreu
KIND;m1;mask_fechaduras;leoric;4;0;0;0
CSV;m1;mask_fechaduras;leoric;5;dagruve;1;4;158;0;42;morreu
KIND;m1;mask_fechaduras;leoric;5;0;0;0
CSV;m1;mask_fechaduras;leoric;6;dagruve;1;13;384;6;86;passou
CSV;m1;mask_fechaduras;leoric;6;docas;13;13;113;0;62;morreu
KIND;m1;mask_fechaduras;leoric;6;0;0;0
CSV;m0;mask_fechaduras;maelor;1;dagruve;1;11;489;28;126;passou
CSV;m0;mask_fechaduras;maelor;1;docas;11;11;59;0;70;morreu
KIND;m0;mask_fechaduras;maelor;1;0;0;0
CSV;m0;mask_fechaduras;maelor;2;dagruve;1;3;58;0;42;morreu
KIND;m0;mask_fechaduras;maelor;2;0;0;0
CSV;m0;mask_fechaduras;maelor;3;dagruve;1;11;328;76;75;passou
CSV;m0;mask_fechaduras;maelor;3;docas;11;15;419;57;124;passou
CSV;m0;mask_fechaduras;maelor;3;shedaklah;15;19;402;0;352;morreu
KIND;m0;mask_fechaduras;maelor;3;0;0;0
CSV;m0;mask_fechaduras;maelor;4;dagruve;1;11;539;50;170;passou
CSV;m0;mask_fechaduras;maelor;4;docas;11;14;497;0;255;morreu
KIND;m0;mask_fechaduras;maelor;4;0;0;0
CSV;m0;mask_fechaduras;maelor;5;dagruve;1;11;712;29;213;passou
CSV;m0;mask_fechaduras;maelor;5;docas;11;12;74;0;56;morreu
KIND;m0;mask_fechaduras;maelor;5;0;0;0
CSV;m0;mask_fechaduras;maelor;6;dagruve;1;2;44;0;44;morreu
KIND;m0;mask_fechaduras;maelor;6;0;0;0
CSV;m1;mask_fechaduras;maelor;1;dagruve;1;12;619;53;133;passou
CSV;m1;mask_fechaduras;maelor;1;docas;12;18;366;72;189;passou
CSV;m1;mask_fechaduras;maelor;1;shedaklah;18;21;701;0;443;morreu
KIND;m1;mask_fechaduras;maelor;1;0;0;0
CSV;m1;mask_fechaduras;maelor;2;dagruve;1;6;126;0;105;morreu
KIND;m1;mask_fechaduras;maelor;2;0;0;0
CSV;m1;mask_fechaduras;maelor;3;dagruve;1;11;445;49;113;passou
CSV;m1;mask_fechaduras;maelor;3;docas;11;16;416;48;199;passou
CSV;m1;mask_fechaduras;maelor;3;shedaklah;16;21;585;47;295;passou
CSV;m1;mask_fechaduras;maelor;3;molor;21;26;401;0;565;morreu
KIND;m1;mask_fechaduras;maelor;3;0;0;0
CSV;m1;mask_fechaduras;maelor;4;dagruve;1;10;378;72;110;passou
CSV;m1;mask_fechaduras;maelor;4;docas;10;15;544;16;283;passou
CSV;m1;mask_fechaduras;maelor;4;shedaklah;15;15;57;0;110;morreu
KIND;m1;mask_fechaduras;maelor;4;0;0;0
CSV;m1;mask_fechaduras;maelor;5;dagruve;1;14;354;67;99;passou
CSV;m1;mask_fechaduras;maelor;5;docas;14;18;389;65;150;passou
CSV;m1;mask_fechaduras;maelor;5;shedaklah;18;18;32;0;66;morreu
KIND;m1;mask_fechaduras;maelor;5;0;0;0
CSV;m1;mask_fechaduras;maelor;6;dagruve;1;11;552;49;158;passou
CSV;m1;mask_fechaduras;maelor;6;docas;11;11;74;0;67;morreu
KIND;m1;mask_fechaduras;maelor;6;0;0;0
CSV;m0;mask_fechaduras;nyrelia;1;dagruve;1;8;888;0;253;morreu
KIND;m0;mask_fechaduras;nyrelia;1;0;0;0
CSV;m0;mask_fechaduras;nyrelia;2;dagruve;1;2;197;0;32;morreu
KIND;m0;mask_fechaduras;nyrelia;2;0;0;0
CSV;m0;mask_fechaduras;nyrelia;3;dagruve;1;2;46;0;32;morreu
KIND;m0;mask_fechaduras;nyrelia;3;0;0;0
CSV;m0;mask_fechaduras;nyrelia;4;dagruve;1;3;187;0;32;morreu
KIND;m0;mask_fechaduras;nyrelia;4;0;0;0
CSV;m0;mask_fechaduras;nyrelia;5;dagruve;1;11;583;18;152;passou
CSV;m0;mask_fechaduras;nyrelia;5;docas;11;13;287;0;203;morreu
KIND;m0;mask_fechaduras;nyrelia;5;0;0;0
CSV;m0;mask_fechaduras;nyrelia;6;dagruve;1;10;559;43;81;passou
CSV;m0;mask_fechaduras;nyrelia;6;docas;10;17;452;31;162;passou
CSV;m0;mask_fechaduras;nyrelia;6;shedaklah;17;19;255;0;173;morreu
KIND;m0;mask_fechaduras;nyrelia;6;0;0;0
CSV;m1;mask_fechaduras;nyrelia;1;dagruve;1;12;795;9;219;passou
CSV;m1;mask_fechaduras;nyrelia;1;docas;12;16;401;16;258;passou
CSV;m1;mask_fechaduras;nyrelia;1;shedaklah;16;19;686;0;157;morreu
KIND;m1;mask_fechaduras;nyrelia;1;0;0;0
CSV;m1;mask_fechaduras;nyrelia;2;dagruve;1;5;289;0;56;morreu
KIND;m1;mask_fechaduras;nyrelia;2;0;0;0
CSV;m1;mask_fechaduras;nyrelia;3;dagruve;1;3;159;0;42;morreu
KIND;m1;mask_fechaduras;nyrelia;3;0;0;0
CSV;m1;mask_fechaduras;nyrelia;4;dagruve;1;2;60;0;42;morreu
KIND;m1;mask_fechaduras;nyrelia;4;0;0;0
CSV;m1;mask_fechaduras;nyrelia;5;dagruve;1;10;673;0;141;morreu
KIND;m1;mask_fechaduras;nyrelia;5;0;0;0
CSV;m1;mask_fechaduras;nyrelia;6;dagruve;1;1;68;0;40;morreu
KIND;m1;mask_fechaduras;nyrelia;6;0;0;0
CSV;m0;mask_fechaduras;sylas;1;dagruve;1;13;490;6;108;passou
CSV;m0;mask_fechaduras;sylas;1;docas;13;17;483;60;182;passou
CSV;m0;mask_fechaduras;sylas;1;shedaklah;17;17;53;0;68;morreu
KIND;m0;mask_fechaduras;sylas;1;0;0;0
CSV;m0;mask_fechaduras;sylas;2;dagruve;1;8;133;0;36;morreu
KIND;m0;mask_fechaduras;sylas;2;0;0;0
CSV;m0;mask_fechaduras;sylas;3;dagruve;1;6;117;0;36;morreu
KIND;m0;mask_fechaduras;sylas;3;0;0;0
CSV;m0;mask_fechaduras;sylas;4;dagruve;1;13;337;35;121;passou
CSV;m0;mask_fechaduras;sylas;4;docas;13;18;351;36;126;passou
CSV;m0;mask_fechaduras;sylas;4;shedaklah;18;25;606;56;195;passou
CSV;m0;mask_fechaduras;sylas;4;molor;25;31;876;0;830;morreu
KIND;m0;mask_fechaduras;sylas;4;0;0;0
CSV;m0;mask_fechaduras;sylas;5;dagruve;1;7;148;0;42;morreu
KIND;m0;mask_fechaduras;sylas;5;0;0;0
CSV;m0;mask_fechaduras;sylas;6;dagruve;1;6;75;0;36;morreu
KIND;m0;mask_fechaduras;sylas;6;0;0;0
CSV;m1;mask_fechaduras;sylas;1;dagruve;1;5;99;0;44;morreu
KIND;m1;mask_fechaduras;sylas;1;0;0;0
CSV;m1;mask_fechaduras;sylas;2;dagruve;1;8;122;0;61;morreu
KIND;m1;mask_fechaduras;sylas;2;0;0;0
CSV;m1;mask_fechaduras;sylas;3;dagruve;1;12;450;73;74;passou
CSV;m1;mask_fechaduras;sylas;3;docas;12;15;399;0;279;morreu
KIND;m1;mask_fechaduras;sylas;3;0;0;0
CSV;m1;mask_fechaduras;sylas;4;dagruve;1;4;93;0;55;morreu
KIND;m1;mask_fechaduras;sylas;4;0;0;0
CSV;m1;mask_fechaduras;sylas;5;dagruve;1;13;323;18;49;passou
CSV;m1;mask_fechaduras;sylas;5;docas;13;17;373;41;128;passou
CSV;m1;mask_fechaduras;sylas;5;shedaklah;17;17;28;0;58;morreu
KIND;m1;mask_fechaduras;sylas;5;0;0;0
CSV;m1;mask_fechaduras;sylas;6;dagruve;1;13;319;73;72;passou
CSV;m1;mask_fechaduras;sylas;6;docas;13;18;360;15;207;passou
CSV;m1;mask_fechaduras;sylas;6;shedaklah;18;22;590;0;281;morreu
KIND;m1;mask_fechaduras;sylas;6;0;0;0
CSV;m0;mask_fechaduras;zynara;1;dagruve;1;2;58;0;34;morreu
KIND;m0;mask_fechaduras;zynara;1;0;0;0
CSV;m0;mask_fechaduras;zynara;2;dagruve;1;6;161;0;41;morreu
KIND;m0;mask_fechaduras;zynara;2;0;0;0
CSV;m0;mask_fechaduras;zynara;3;dagruve;1;3;101;0;36;morreu
KIND;m0;mask_fechaduras;zynara;3;0;0;0
CSV;m0;mask_fechaduras;zynara;4;dagruve;1;8;212;0;59;morreu
KIND;m0;mask_fechaduras;zynara;4;0;0;0
CSV;m0;mask_fechaduras;zynara;5;dagruve;1;14;1754;12;672;passou
CSV;m0;mask_fechaduras;zynara;5;docas;14;17;436;0;230;morreu
KIND;m0;mask_fechaduras;zynara;5;0;0;0
CSV;m0;mask_fechaduras;zynara;6;dagruve;1;8;257;0;60;morreu
KIND;m0;mask_fechaduras;zynara;6;0;0;0
CSV;m1;mask_fechaduras;zynara;1;dagruve;1;4;137;0;42;morreu
KIND;m1;mask_fechaduras;zynara;1;0;0;0
CSV;m1;mask_fechaduras;zynara;2;dagruve;1;10;383;76;42;passou
CSV;m1;mask_fechaduras;zynara;2;docas;10;13;135;0;63;morreu
KIND;m1;mask_fechaduras;zynara;2;0;0;0
CSV;m1;mask_fechaduras;zynara;3;dagruve;1;12;1000;44;243;passou
CSV;m1;mask_fechaduras;zynara;3;docas;12;13;501;0;243;morreu
KIND;m1;mask_fechaduras;zynara;3;0;0;0
CSV;m1;mask_fechaduras;zynara;4;dagruve;1;10;347;77;72;passou
CSV;m1;mask_fechaduras;zynara;4;docas;10;16;752;12;308;passou
CSV;m1;mask_fechaduras;zynara;4;shedaklah;16;22;681;46;178;passou
CSV;m1;mask_fechaduras;zynara;4;molor;22;25;640;0;372;morreu
KIND;m1;mask_fechaduras;zynara;4;0;0;0
CSV;m1;mask_fechaduras;zynara;5;dagruve;1;6;233;0;44;morreu
KIND;m1;mask_fechaduras;zynara;5;0;0;0
CSV;m1;mask_fechaduras;zynara;6;dagruve;1;11;542;45;117;passou
CSV;m1;mask_fechaduras;zynara;6;docas;11;14;629;0;309;morreu
KIND;m1;mask_fechaduras;zynara;6;0;0;0
CSV;m0;selune_prata;bromnor;1;dagruve;1;11;1464;49;185;passou
CSV;m0;selune_prata;bromnor;1;docas;11;13;551;0;218;morreu
KIND;m0;selune_prata;bromnor;1;0;0;0
CSV;m0;selune_prata;bromnor;2;dagruve;1;12;663;81;45;passou
CSV;m0;selune_prata;bromnor;2;docas;12;15;604;70;89;passou
CSV;m0;selune_prata;bromnor;2;shedaklah;15;18;875;0;214;morreu
KIND;m0;selune_prata;bromnor;2;0;0;0
CSV;m0;selune_prata;bromnor;3;dagruve;1;11;1512;79;145;passou
CSV;m0;selune_prata;bromnor;3;docas;11;15;652;72;96;passou
CSV;m0;selune_prata;bromnor;3;shedaklah;15;15;97;0;102;morreu
KIND;m0;selune_prata;bromnor;3;0;0;0
CSV;m0;selune_prata;bromnor;4;dagruve;1;13;1724;69;283;passou
CSV;m0;selune_prata;bromnor;4;docas;13;15;595;33;184;passou
CSV;m0;selune_prata;bromnor;4;shedaklah;15;17;1358;0;417;morreu
KIND;m0;selune_prata;bromnor;4;0;0;0
CSV;m0;selune_prata;bromnor;5;dagruve;1;12;1266;67;165;passou
CSV;m0;selune_prata;bromnor;5;docas;12;14;495;81;63;passou
CSV;m0;selune_prata;bromnor;5;shedaklah;14;17;1316;0;378;morreu
KIND;m0;selune_prata;bromnor;5;0;0;0
CSV;m0;selune_prata;bromnor;6;dagruve;1;12;925;79;99;passou
CSV;m0;selune_prata;bromnor;6;docas;12;17;363;86;37;passou
CSV;m0;selune_prata;bromnor;6;shedaklah;17;18;79;0;111;morreu
KIND;m0;selune_prata;bromnor;6;0;0;0
CSV;m1;selune_prata;bromnor;1;dagruve;1;12;833;81;60;passou
CSV;m1;selune_prata;bromnor;1;docas;12;15;644;0;273;morreu
KIND;m1;selune_prata;bromnor;1;0;0;0
CSV;m1;selune_prata;bromnor;2;dagruve;1;12;1981;62;212;passou
CSV;m1;selune_prata;bromnor;2;docas;12;14;491;0;120;morreu
KIND;m1;selune_prata;bromnor;2;0;0;0
CSV;m1;selune_prata;bromnor;3;dagruve;1;11;1044;62;144;passou
CSV;m1;selune_prata;bromnor;3;docas;11;15;390;34;148;passou
CSV;m1;selune_prata;bromnor;3;shedaklah;15;18;1069;0;318;morreu
KIND;m1;selune_prata;bromnor;3;0;0;0
CSV;m1;selune_prata;bromnor;4;dagruve;1;11;542;68;77;passou
CSV;m1;selune_prata;bromnor;4;docas;11;11;91;0;68;morreu
KIND;m1;selune_prata;bromnor;4;0;0;0
CSV;m1;selune_prata;bromnor;5;dagruve;1;10;611;55;91;passou
CSV;m1;selune_prata;bromnor;5;docas;10;13;448;68;75;passou
CSV;m1;selune_prata;bromnor;5;shedaklah;13;13;68;0;66;morreu
KIND;m1;selune_prata;bromnor;5;0;0;0
CSV;m1;selune_prata;bromnor;6;dagruve;1;10;735;92;32;passou
CSV;m1;selune_prata;bromnor;6;docas;10;16;472;74;174;passou
CSV;m1;selune_prata;bromnor;6;shedaklah;16;17;1215;0;559;morreu
KIND;m1;selune_prata;bromnor;6;0;0;0
CSV;m0;selune_prata;brook;1;dagruve;1;8;911;0;287;morreu
KIND;m0;selune_prata;brook;1;0;0;0
CSV;m0;selune_prata;brook;2;dagruve;1;12;1501;26;295;passou
CSV;m0;selune_prata;brook;2;docas;12;12;55;0;47;morreu
KIND;m0;selune_prata;brook;2;0;0;0
CSV;m0;selune_prata;brook;3;dagruve;1;12;3595;46;635;passou
CSV;m0;selune_prata;brook;3;docas;12;14;904;47;272;passou
CSV;m0;selune_prata;brook;3;shedaklah;14;14;44;0;58;morreu
KIND;m0;selune_prata;brook;3;0;0;0
CSV;m0;selune_prata;brook;4;dagruve;1;3;52;0;43;morreu
KIND;m0;selune_prata;brook;4;0;0;0
CSV;m0;selune_prata;brook;5;dagruve;1;2;53;0;43;morreu
KIND;m0;selune_prata;brook;5;0;0;0
CSV;m0;selune_prata;brook;6;dagruve;1;12;2935;7;817;passou
CSV;m0;selune_prata;brook;6;docas;12;13;854;29;157;passou
CSV;m0;selune_prata;brook;6;shedaklah;13;13;35;0;64;morreu
KIND;m0;selune_prata;brook;6;0;0;0
CSV;m1;selune_prata;brook;1;dagruve;1;4;72;0;63;morreu
KIND;m1;selune_prata;brook;1;0;0;0
CSV;m1;selune_prata;brook;2;dagruve;1;11;1179;19;270;passou
CSV;m1;selune_prata;brook;2;docas;11;13;441;0;164;morreu
KIND;m1;selune_prata;brook;2;0;0;0
CSV;m1;selune_prata;brook;3;dagruve;1;11;2748;19;663;passou
CSV;m1;selune_prata;brook;3;docas;11;13;915;63;133;passou
CSV;m1;selune_prata;brook;3;shedaklah;13;15;1374;0;350;morreu
KIND;m1;selune_prata;brook;3;0;0;0
CSV;m1;selune_prata;brook;4;dagruve;1;11;1706;0;426;morreu
KIND;m1;selune_prata;brook;4;0;0;0
CSV;m1;selune_prata;brook;5;dagruve;1;11;2326;0;581;morreu
KIND;m1;selune_prata;brook;5;0;0;0
CSV;m1;selune_prata;brook;6;dagruve;1;13;1958;42;505;passou
CSV;m1;selune_prata;brook;6;docas;13;15;659;17;222;passou
CSV;m1;selune_prata;brook;6;shedaklah;15;15;365;0;206;morreu
KIND;m1;selune_prata;brook;6;0;0;0
CSV;m0;selune_prata;durvall;1;dagruve;1;8;1112;0;311;morreu
KIND;m0;selune_prata;durvall;1;0;0;0
CSV;m0;selune_prata;durvall;2;dagruve;1;12;1584;0;526;morreu
KIND;m0;selune_prata;durvall;2;0;0;0
CSV;m0;selune_prata;durvall;3;dagruve;1;10;1750;0;610;morreu
KIND;m0;selune_prata;durvall;3;0;0;0
CSV;m0;selune_prata;durvall;4;dagruve;1;2;51;0;52;morreu
KIND;m0;selune_prata;durvall;4;0;0;0
CSV;m0;selune_prata;durvall;5;dagruve;1;13;352;1;124;passou
CSV;m0;selune_prata;durvall;5;docas;13;14;49;0;53;morreu
KIND;m0;selune_prata;durvall;5;0;0;0
CSV;m0;selune_prata;durvall;6;dagruve;1;3;42;0;43;morreu
KIND;m0;selune_prata;durvall;6;0;0;0
CSV;m1;selune_prata;durvall;1;dagruve;1;5;353;0;117;morreu
KIND;m1;selune_prata;durvall;1;0;0;0
CSV;m1;selune_prata;durvall;2;dagruve;1;6;282;0;99;morreu
KIND;m1;selune_prata;durvall;2;0;0;0
CSV;m1;selune_prata;durvall;3;dagruve;1;11;587;51;222;passou
CSV;m1;selune_prata;durvall;3;docas;11;12;127;0;114;morreu
KIND;m1;selune_prata;durvall;3;0;0;0
CSV;m1;selune_prata;durvall;4;dagruve;1;11;2257;28;800;passou
CSV;m1;selune_prata;durvall;4;docas;11;13;1058;41;387;passou
CSV;m1;selune_prata;durvall;4;shedaklah;13;13;33;0;61;morreu
KIND;m1;selune_prata;durvall;4;0;0;0
CSV;m1;selune_prata;durvall;5;dagruve;1;12;1282;8;391;passou
CSV;m1;selune_prata;durvall;5;docas;12;17;391;26;170;passou
CSV;m1;selune_prata;durvall;5;shedaklah;17;17;114;0;105;morreu
KIND;m1;selune_prata;durvall;5;0;0;0
CSV;m1;selune_prata;durvall;6;dagruve;1;11;730;53;156;passou
CSV;m1;selune_prata;durvall;6;docas;11;13;455;0;224;morreu
KIND;m1;selune_prata;durvall;6;0;0;0
CSV;m0;selune_prata;kayron;1;dagruve;1;11;329;80;54;passou
CSV;m0;selune_prata;kayron;1;docas;11;17;340;55;201;passou
CSV;m0;selune_prata;kayron;1;shedaklah;17;22;681;4;627;passou
CSV;m0;selune_prata;kayron;1;molor;22;26;1029;0;749;morreu
KIND;m0;selune_prata;kayron;1;0;0;0
CSV;m0;selune_prata;kayron;2;dagruve;1;10;522;65;88;passou
CSV;m0;selune_prata;kayron;2;docas;10;13;489;0;99;morreu
KIND;m0;selune_prata;kayron;2;0;0;0
CSV;m0;selune_prata;kayron;3;dagruve;1;6;96;0;60;morreu
KIND;m0;selune_prata;kayron;3;0;0;0
CSV;m0;selune_prata;kayron;4;dagruve;1;10;380;0;109;passou
CSV;m0;selune_prata;kayron;4;docas;10;12;83;0;60;morreu
KIND;m0;selune_prata;kayron;4;0;0;0
CSV;m0;selune_prata;kayron;5;dagruve;1;2;65;0;42;morreu
KIND;m0;selune_prata;kayron;5;0;0;0
CSV;m0;selune_prata;kayron;6;dagruve;1;11;510;7;156;passou
CSV;m0;selune_prata;kayron;6;docas;11;15;174;0;134;morreu
KIND;m0;selune_prata;kayron;6;0;0;0
CSV;m1;selune_prata;kayron;1;dagruve;1;12;327;59;63;passou
CSV;m1;selune_prata;kayron;1;docas;12;18;322;62;176;passou
CSV;m1;selune_prata;kayron;1;shedaklah;18;23;1000;0;948;morreu
KIND;m1;selune_prata;kayron;1;0;0;0
CSV;m1;selune_prata;kayron;2;dagruve;1;12;429;31;118;passou
CSV;m1;selune_prata;kayron;2;docas;12;16;443;40;308;passou
CSV;m1;selune_prata;kayron;2;shedaklah;16;18;265;0;261;morreu
KIND;m1;selune_prata;kayron;2;0;0;0
CSV;m1;selune_prata;kayron;3;dagruve;1;12;1298;30;382;passou
CSV;m1;selune_prata;kayron;3;docas;12;15;738;15;342;passou
CSV;m1;selune_prata;kayron;3;shedaklah;15;19;1096;0;546;morreu
KIND;m1;selune_prata;kayron;3;0;0;0
CSV;m1;selune_prata;kayron;4;dagruve;1;12;1117;54;238;passou
CSV;m1;selune_prata;kayron;4;docas;12;14;576;21;149;passou
CSV;m1;selune_prata;kayron;4;shedaklah;14;16;574;0;215;morreu
KIND;m1;selune_prata;kayron;4;0;0;0
CSV;m1;selune_prata;kayron;5;dagruve;1;13;1256;57;366;passou
CSV;m1;selune_prata;kayron;5;docas;13;14;126;0;200;morreu
KIND;m1;selune_prata;kayron;5;0;0;0
CSV;m1;selune_prata;kayron;6;dagruve;1;10;670;67;142;passou
CSV;m1;selune_prata;kayron;6;docas;10;16;348;57;125;passou
CSV;m1;selune_prata;kayron;6;shedaklah;16;19;553;0;277;morreu
KIND;m1;selune_prata;kayron;6;0;0;0
CSV;m0;selune_prata;korrak;1;dagruve;1;12;1346;76;161;passou
CSV;m0;selune_prata;korrak;1;docas;12;16;707;44;275;passou
CSV;m0;selune_prata;korrak;1;shedaklah;16;20;1110;0;513;morreu
KIND;m0;selune_prata;korrak;1;0;0;0
CSV;m0;selune_prata;korrak;2;dagruve;1;12;999;49;325;passou
CSV;m0;selune_prata;korrak;2;docas;12;14;481;51;169;passou
CSV;m0;selune_prata;korrak;2;shedaklah;14;16;939;0;469;morreu
KIND;m0;selune_prata;korrak;2;0;0;0
CSV;m0;selune_prata;korrak;3;dagruve;1;10;365;52;73;passou
CSV;m0;selune_prata;korrak;3;docas;10;15;359;54;300;passou
CSV;m0;selune_prata;korrak;3;shedaklah;15;20;720;0;579;morreu
KIND;m0;selune_prata;korrak;3;0;0;0
CSV;m0;selune_prata;korrak;4;dagruve;1;12;648;58;294;passou
CSV;m0;selune_prata;korrak;4;docas;12;13;72;0;94;morreu
KIND;m0;selune_prata;korrak;4;0;0;0
CSV;m0;selune_prata;korrak;5;dagruve;1;9;478;65;101;passou
CSV;m0;selune_prata;korrak;5;docas;9;14;384;62;160;passou
CSV;m0;selune_prata;korrak;5;shedaklah;14;21;1306;0;1073;morreu
KIND;m0;selune_prata;korrak;5;0;0;0
CSV;m0;selune_prata;korrak;6;dagruve;1;11;721;77;141;passou
CSV;m0;selune_prata;korrak;6;docas;11;14;376;37;180;passou
CSV;m0;selune_prata;korrak;6;shedaklah;14;17;551;0;408;morreu
KIND;m0;selune_prata;korrak;6;0;0;0
CSV;m1;selune_prata;korrak;1;dagruve;1;11;847;65;202;passou
CSV;m1;selune_prata;korrak;1;docas;11;17;334;67;250;passou
CSV;m1;selune_prata;korrak;1;shedaklah;17;23;574;53;267;passou
CSV;m1;selune_prata;korrak;1;molor;23;29;675;38;622;passou
KIND;m1;selune_prata;korrak;1;0;0;0
CSV;m1;selune_prata;korrak;2;dagruve;1;11;749;56;118;passou
CSV;m1;selune_prata;korrak;2;docas;11;15;535;43;373;passou
CSV;m1;selune_prata;korrak;2;shedaklah;15;18;915;0;672;morreu
KIND;m1;selune_prata;korrak;2;0;0;0
CSV;m1;selune_prata;korrak;3;dagruve;1;9;332;78;82;passou
CSV;m1;selune_prata;korrak;3;docas;9;13;598;60;213;passou
CSV;m1;selune_prata;korrak;3;shedaklah;13;20;3217;33;1523;passou
CSV;m1;selune_prata;korrak;3;molor;20;24;1625;0;1558;morreu
KIND;m1;selune_prata;korrak;3;0;0;0
CSV;m1;selune_prata;korrak;4;dagruve;1;11;690;72;80;passou
CSV;m1;selune_prata;korrak;4;docas;11;14;554;78;129;passou
CSV;m1;selune_prata;korrak;4;shedaklah;14;18;1030;0;669;morreu
KIND;m1;selune_prata;korrak;4;0;0;0
CSV;m1;selune_prata;korrak;5;dagruve;1;9;330;81;58;passou
CSV;m1;selune_prata;korrak;5;docas;9;16;344;62;315;passou
CSV;m1;selune_prata;korrak;5;shedaklah;16;24;762;3;939;passou
CSV;m1;selune_prata;korrak;5;molor;24;26;556;0;447;morreu
KIND;m1;selune_prata;korrak;5;0;0;0
CSV;m1;selune_prata;korrak;6;dagruve;1;14;1157;75;135;passou
CSV;m1;selune_prata;korrak;6;docas;14;17;582;55;215;passou
CSV;m1;selune_prata;korrak;6;shedaklah;17;20;844;0;438;morreu
KIND;m1;selune_prata;korrak;6;0;0;0
CSV;m0;selune_prata;leoric;1;dagruve;1;1;50;0;38;morreu
KIND;m0;selune_prata;leoric;1;0;0;0
CSV;m0;selune_prata;leoric;2;dagruve;1;10;351;71;61;passou
CSV;m0;selune_prata;leoric;2;docas;10;10;92;0;51;morreu
KIND;m0;selune_prata;leoric;2;0;0;0
CSV;m0;selune_prata;leoric;3;dagruve;1;10;823;0;233;morreu
KIND;m0;selune_prata;leoric;3;0;0;0
CSV;m0;selune_prata;leoric;4;dagruve;1;11;572;42;137;passou
CSV;m0;selune_prata;leoric;4;docas;11;12;62;0;56;morreu
KIND;m0;selune_prata;leoric;4;0;0;0
CSV;m0;selune_prata;leoric;5;dagruve;1;12;865;53;144;passou
CSV;m0;selune_prata;leoric;5;docas;12;17;367;10;289;passou
CSV;m0;selune_prata;leoric;5;shedaklah;17;20;246;0;366;morreu
KIND;m0;selune_prata;leoric;5;0;0;0
CSV;m0;selune_prata;leoric;6;dagruve;1;3;50;0;33;morreu
KIND;m0;selune_prata;leoric;6;0;0;0
CSV;m1;selune_prata;leoric;1;dagruve;1;10;336;0;130;morreu
KIND;m1;selune_prata;leoric;1;0;0;0
CSV;m1;selune_prata;leoric;2;dagruve;1;8;179;0;106;morreu
KIND;m1;selune_prata;leoric;2;0;0;0
CSV;m1;selune_prata;leoric;3;dagruve;1;14;1567;61;234;passou
CSV;m1;selune_prata;leoric;3;docas;14;17;629;67;84;passou
CSV;m1;selune_prata;leoric;3;shedaklah;17;18;236;0;135;morreu
KIND;m1;selune_prata;leoric;3;0;0;0
CSV;m1;selune_prata;leoric;4;dagruve;1;12;740;72;115;passou
CSV;m1;selune_prata;leoric;4;docas;12;15;800;72;102;passou
CSV;m1;selune_prata;leoric;4;shedaklah;15;16;362;0;108;morreu
KIND;m1;selune_prata;leoric;4;0;0;0
CSV;m1;selune_prata;leoric;5;dagruve;1;3;63;0;45;morreu
KIND;m1;selune_prata;leoric;5;0;0;0
CSV;m1;selune_prata;leoric;6;dagruve;1;14;328;19;139;passou
CSV;m1;selune_prata;leoric;6;docas;14;20;342;46;121;passou
CSV;m1;selune_prata;leoric;6;shedaklah;20;20;294;0;184;morreu
KIND;m1;selune_prata;leoric;6;0;0;0
CSV;m0;selune_prata;maelor;1;dagruve;1;12;680;37;135;passou
CSV;m0;selune_prata;maelor;1;docas;12;14;538;0;234;morreu
KIND;m0;selune_prata;maelor;1;0;0;0
CSV;m0;selune_prata;maelor;2;dagruve;1;2;50;0;51;morreu
KIND;m0;selune_prata;maelor;2;0;0;0
CSV;m0;selune_prata;maelor;3;dagruve;1;14;1925;30;611;passou
CSV;m0;selune_prata;maelor;3;docas;14;16;821;10;237;passou
CSV;m0;selune_prata;maelor;3;shedaklah;16;20;654;0;674;morreu
KIND;m0;selune_prata;maelor;3;0;0;0
CSV;m0;selune_prata;maelor;4;dagruve;1;12;581;17;182;passou
CSV;m0;selune_prata;maelor;4;docas;12;12;86;0;55;morreu
KIND;m0;selune_prata;maelor;4;0;0;0
CSV;m0;selune_prata;maelor;5;dagruve;1;15;2060;43;439;passou
CSV;m0;selune_prata;maelor;5;docas;15;15;82;0;45;morreu
KIND;m0;selune_prata;maelor;5;0;0;0
CSV;m0;selune_prata;maelor;6;dagruve;1;13;1169;46;460;passou
CSV;m0;selune_prata;maelor;6;docas;13;17;620;12;505;passou
CSV;m0;selune_prata;maelor;6;shedaklah;17;19;780;0;563;morreu
KIND;m0;selune_prata;maelor;6;0;0;0
CSV;m1;selune_prata;maelor;1;dagruve;1;14;1415;35;223;passou
CSV;m1;selune_prata;maelor;1;docas;14;16;315;0;195;morreu
KIND;m1;selune_prata;maelor;1;0;0;0
CSV;m1;selune_prata;maelor;2;dagruve;1;10;415;76;132;passou
CSV;m1;selune_prata;maelor;2;docas;10;12;134;0;109;morreu
KIND;m1;selune_prata;maelor;2;0;0;0
CSV;m1;selune_prata;maelor;3;dagruve;1;8;221;0;141;morreu
KIND;m1;selune_prata;maelor;3;0;0;0
CSV;m1;selune_prata;maelor;4;dagruve;1;3;75;0;58;morreu
KIND;m1;selune_prata;maelor;4;0;0;0
CSV;m1;selune_prata;maelor;5;dagruve;1;4;127;0;99;morreu
KIND;m1;selune_prata;maelor;5;0;0;0
CSV;m1;selune_prata;maelor;6;dagruve;1;13;1271;69;224;passou
CSV;m1;selune_prata;maelor;6;docas;13;16;556;73;105;passou
CSV;m1;selune_prata;maelor;6;shedaklah;16;19;870;0;285;morreu
KIND;m1;selune_prata;maelor;6;0;0;0
CSV;m0;selune_prata;nyrelia;1;dagruve;1;13;1946;0;974;morreu
KIND;m0;selune_prata;nyrelia;1;0;0;0
CSV;m0;selune_prata;nyrelia;2;dagruve;1;10;660;41;100;passou
CSV;m0;selune_prata;nyrelia;2;docas;10;11;76;0;49;morreu
KIND;m0;selune_prata;nyrelia;2;0;0;0
CSV;m0;selune_prata;nyrelia;3;dagruve;1;10;1498;0;604;morreu
KIND;m0;selune_prata;nyrelia;3;0;0;0
CSV;m0;selune_prata;nyrelia;4;dagruve;1;10;1704;0;483;morreu
KIND;m0;selune_prata;nyrelia;4;0;0;0
CSV;m0;selune_prata;nyrelia;5;dagruve;1;9;911;0;323;morreu
KIND;m0;selune_prata;nyrelia;5;0;0;0
CSV;m0;selune_prata;nyrelia;6;dagruve;1;10;393;27;104;passou
CSV;m0;selune_prata;nyrelia;6;docas;10;10;67;0;40;morreu
KIND;m0;selune_prata;nyrelia;6;0;0;0
CSV;m1;selune_prata;nyrelia;1;dagruve;1;2;105;0;58;morreu
KIND;m1;selune_prata;nyrelia;1;0;0;0
CSV;m1;selune_prata;nyrelia;2;dagruve;1;12;1080;49;249;passou
CSV;m1;selune_prata;nyrelia;2;docas;12;12;50;0;53;morreu
KIND;m1;selune_prata;nyrelia;2;0;0;0
CSV;m1;selune_prata;nyrelia;3;dagruve;1;8;895;0;322;morreu
KIND;m1;selune_prata;nyrelia;3;0;0;0
CSV;m1;selune_prata;nyrelia;4;dagruve;1;6;355;0;104;morreu
KIND;m1;selune_prata;nyrelia;4;0;0;0
CSV;m1;selune_prata;nyrelia;5;dagruve;1;2;103;0;50;morreu
KIND;m1;selune_prata;nyrelia;5;0;0;0
CSV;m1;selune_prata;nyrelia;6;dagruve;1;10;1410;0;446;morreu
KIND;m1;selune_prata;nyrelia;6;0;0;0
CSV;m0;selune_prata;sylas;1;dagruve;1;12;639;52;73;passou
CSV;m0;selune_prata;sylas;1;docas;12;15;634;20;277;passou
CSV;m0;selune_prata;sylas;1;shedaklah;15;16;202;0;77;morreu
KIND;m0;selune_prata;sylas;1;0;0;0
CSV;m0;selune_prata;sylas;2;dagruve;1;14;312;46;105;passou
CSV;m0;selune_prata;sylas;2;docas;14;17;201;0;92;morreu
KIND;m0;selune_prata;sylas;2;0;0;0
CSV;m0;selune_prata;sylas;3;dagruve;1;14;322;20;110;passou
CSV;m0;selune_prata;sylas;3;docas;14;18;375;41;77;passou
CSV;m0;selune_prata;sylas;3;shedaklah;18;19;173;0;156;morreu
KIND;m0;selune_prata;sylas;3;0;0;0
CSV;m0;selune_prata;sylas;4;dagruve;1;13;327;62;101;passou
CSV;m0;selune_prata;sylas;4;docas;13;18;362;28;96;passou
CSV;m0;selune_prata;sylas;4;shedaklah;18;23;559;0;227;morreu
KIND;m0;selune_prata;sylas;4;0;0;0
CSV;m0;selune_prata;sylas;5;dagruve;1;11;356;64;65;passou
CSV;m0;selune_prata;sylas;5;docas;11;12;212;0;99;morreu
KIND;m0;selune_prata;sylas;5;0;0;0
CSV;m0;selune_prata;sylas;6;dagruve;1;11;446;68;30;passou
CSV;m0;selune_prata;sylas;6;docas;11;13;206;0;80;morreu
KIND;m0;selune_prata;sylas;6;0;0;0
CSV;m1;selune_prata;sylas;1;dagruve;1;11;342;79;40;passou
CSV;m1;selune_prata;sylas;1;docas;11;16;442;11;247;passou
CSV;m1;selune_prata;sylas;1;shedaklah;16;16;149;0;178;morreu
KIND;m1;selune_prata;sylas;1;0;0;0
CSV;m1;selune_prata;sylas;2;dagruve;1;11;386;70;59;passou
CSV;m1;selune_prata;sylas;2;docas;11;14;466;38;150;passou
CSV;m1;selune_prata;sylas;2;shedaklah;14;14;30;0;53;morreu
KIND;m1;selune_prata;sylas;2;0;0;0
CSV;m1;selune_prata;sylas;3;dagruve;1;6;159;0;87;morreu
KIND;m1;selune_prata;sylas;3;0;0;0
CSV;m1;selune_prata;sylas;4;dagruve;1;12;312;81;45;passou
CSV;m1;selune_prata;sylas;4;docas;12;18;355;48;144;passou
CSV;m1;selune_prata;sylas;4;shedaklah;18;22;679;0;279;morreu
KIND;m1;selune_prata;sylas;4;0;0;0
CSV;m1;selune_prata;sylas;5;dagruve;1;12;403;87;57;passou
CSV;m1;selune_prata;sylas;5;docas;12;16;522;64;190;passou
CSV;m1;selune_prata;sylas;5;shedaklah;16;18;672;0;398;morreu
KIND;m1;selune_prata;sylas;5;0;0;0
CSV;m1;selune_prata;sylas;6;dagruve;1;12;407;86;28;passou
CSV;m1;selune_prata;sylas;6;docas;12;15;461;0;222;morreu
KIND;m1;selune_prata;sylas;6;0;0;0
CSV;m0;selune_prata;zynara;1;dagruve;1;2;67;0;38;morreu
KIND;m0;selune_prata;zynara;1;0;0;0
CSV;m0;selune_prata;zynara;2;dagruve;1;4;70;0;43;morreu
KIND;m0;selune_prata;zynara;2;0;0;0
CSV;m0;selune_prata;zynara;3;dagruve;1;10;703;69;113;passou
CSV;m0;selune_prata;zynara;3;docas;10;14;840;24;227;passou
CSV;m0;selune_prata;zynara;3;shedaklah;14;16;566;0;164;morreu
KIND;m0;selune_prata;zynara;3;0;0;0
CSV;m0;selune_prata;zynara;4;dagruve;1;4;196;0;74;morreu
KIND;m0;selune_prata;zynara;4;0;0;0
CSV;m0;selune_prata;zynara;5;dagruve;1;13;2160;14;495;passou
CSV;m0;selune_prata;zynara;5;docas;13;14;94;0;53;morreu
KIND;m0;selune_prata;zynara;5;0;0;0
CSV;m0;selune_prata;zynara;6;dagruve;1;5;197;0;79;morreu
KIND;m0;selune_prata;zynara;6;0;0;0
CSV;m1;selune_prata;zynara;1;dagruve;1;11;702;57;137;passou
CSV;m1;selune_prata;zynara;1;docas;11;13;168;0;143;morreu
KIND;m1;selune_prata;zynara;1;0;0;0
CSV;m1;selune_prata;zynara;2;dagruve;1;11;704;20;151;passou
CSV;m1;selune_prata;zynara;2;docas;11;14;691;61;123;passou
CSV;m1;selune_prata;zynara;2;shedaklah;14;15;1035;0;350;morreu
KIND;m1;selune_prata;zynara;2;0;0;0
CSV;m1;selune_prata;zynara;3;dagruve;1;11;716;20;170;passou
CSV;m1;selune_prata;zynara;3;docas;11;12;159;0;77;morreu
KIND;m1;selune_prata;zynara;3;0;0;0
CSV;m1;selune_prata;zynara;4;dagruve;1;3;71;0;47;morreu
KIND;m1;selune_prata;zynara;4;0;0;0
CSV;m1;selune_prata;zynara;5;dagruve;1;11;712;61;148;passou
CSV;m1;selune_prata;zynara;5;docas;11;14;650;43;290;passou
CSV;m1;selune_prata;zynara;5;shedaklah;14;17;657;0;326;morreu
KIND;m1;selune_prata;zynara;5;0;0;0
CSV;m1;selune_prata;zynara;6;dagruve;1;7;110;0;82;morreu
KIND;m1;selune_prata;zynara;6;0;0;0
CSV;m0;sendrinah_cura;bromnor;1;dagruve;1;10;349;100;0;passou
CSV;m0;sendrinah_cura;bromnor;1;docas;10;14;448;6;147;passou
CSV;m0;sendrinah_cura;bromnor;1;shedaklah;14;23;1274;47;55;passou
CSV;m0;sendrinah_cura;bromnor;1;molor;23;23;105;0;94;morreu
KIND;m0;sendrinah_cura;bromnor;1;0;0;0
CSV;m0;sendrinah_cura;bromnor;2;dagruve;1;12;1766;84;34;passou
CSV;m0;sendrinah_cura;bromnor;2;docas;12;13;532;77;23;passou
CSV;m0;sendrinah_cura;bromnor;2;shedaklah;13;15;1215;0;123;morreu
KIND;m0;sendrinah_cura;bromnor;2;0;0;0
CSV;m0;sendrinah_cura;bromnor;3;dagruve;1;17;3272;9;195;passou
CSV;m0;sendrinah_cura;bromnor;3;docas;17;18;453;65;51;passou
CSV;m0;sendrinah_cura;bromnor;3;shedaklah;18;20;1886;0;456;morreu
KIND;m0;sendrinah_cura;bromnor;3;0;0;0
CSV;m0;sendrinah_cura;bromnor;4;dagruve;1;13;1917;82;22;passou
CSV;m0;sendrinah_cura;bromnor;4;docas;13;14;641;70;34;passou
CSV;m0;sendrinah_cura;bromnor;4;shedaklah;14;17;1325;0;250;morreu
KIND;m0;sendrinah_cura;bromnor;4;0;0;0
CSV;m0;sendrinah_cura;bromnor;5;dagruve;1;13;1556;79;14;passou
CSV;m0;sendrinah_cura;bromnor;5;docas;13;13;66;0;56;morreu
KIND;m0;sendrinah_cura;bromnor;5;0;0;0
CSV;m0;sendrinah_cura;bromnor;6;dagruve;1;12;2241;73;115;passou
CSV;m0;sendrinah_cura;bromnor;6;docas;12;14;793;77;85;passou
CSV;m0;sendrinah_cura;bromnor;6;shedaklah;14;15;1280;0;187;morreu
KIND;m0;sendrinah_cura;bromnor;6;0;0;0
CSV;m1;sendrinah_cura;bromnor;1;dagruve;1;11;1452;100;0;passou
CSV;m1;sendrinah_cura;bromnor;1;docas;11;15;594;98;1;passou
CSV;m1;sendrinah_cura;bromnor;1;shedaklah;15;15;73;0;77;morreu
KIND;m1;sendrinah_cura;bromnor;1;0;0;0
CSV;m1;sendrinah_cura;bromnor;2;dagruve;1;12;1223;77;22;passou
CSV;m1;sendrinah_cura;bromnor;2;docas;12;14;618;73;46;passou
CSV;m1;sendrinah_cura;bromnor;2;shedaklah;14;14;62;0;93;morreu
KIND;m1;sendrinah_cura;bromnor;2;0;0;0
CSV;m1;sendrinah_cura;bromnor;3;dagruve;1;15;1513;40;52;passou
CSV;m1;sendrinah_cura;bromnor;3;docas;15;18;549;79;45;passou
CSV;m1;sendrinah_cura;bromnor;3;shedaklah;18;20;698;0;155;morreu
KIND;m1;sendrinah_cura;bromnor;3;0;0;0
CSV;m1;sendrinah_cura;bromnor;4;dagruve;1;13;2563;83;36;passou
CSV;m1;sendrinah_cura;bromnor;4;docas;13;16;472;76;22;passou
CSV;m1;sendrinah_cura;bromnor;4;shedaklah;16;20;995;0;140;morreu
KIND;m1;sendrinah_cura;bromnor;4;0;0;0
CSV;m1;sendrinah_cura;bromnor;5;dagruve;1;12;1212;95;7;passou
CSV;m1;sendrinah_cura;bromnor;5;docas;12;14;597;0;100;morreu
KIND;m1;sendrinah_cura;bromnor;5;0;0;0
CSV;m1;sendrinah_cura;bromnor;6;dagruve;1;13;1566;100;0;passou
CSV;m1;sendrinah_cura;bromnor;6;docas;13;17;486;87;17;passou
CSV;m1;sendrinah_cura;bromnor;6;shedaklah;17;20;2275;0;575;morreu
KIND;m1;sendrinah_cura;bromnor;6;0;0;0
CSV;m0;sendrinah_cura;brook;1;dagruve;1;3;53;0;45;morreu
KIND;m0;sendrinah_cura;brook;1;0;0;0
CSV;m0;sendrinah_cura;brook;2;dagruve;1;11;733;96;2;passou
CSV;m0;sendrinah_cura;brook;2;docas;11;14;644;76;73;passou
CSV;m0;sendrinah_cura;brook;2;shedaklah;14;16;1074;0;327;morreu
KIND;m0;sendrinah_cura;brook;2;0;0;0
CSV;m0;sendrinah_cura;brook;3;dagruve;1;11;2371;0;301;morreu
KIND;m0;sendrinah_cura;brook;3;0;0;0
CSV;m0;sendrinah_cura;brook;4;dagruve;1;3;55;0;44;morreu
KIND;m0;sendrinah_cura;brook;4;0;0;0
CSV;m0;sendrinah_cura;brook;5;dagruve;1;10;679;10;45;passou
CSV;m0;sendrinah_cura;brook;5;docas;10;16;475;76;26;passou
CSV;m0;sendrinah_cura;brook;5;shedaklah;16;17;155;0;127;morreu
KIND;m0;sendrinah_cura;brook;5;0;0;0
CSV;m0;sendrinah_cura;brook;6;dagruve;1;10;1539;11;234;passou
CSV;m0;sendrinah_cura;brook;6;docas;10;10;67;0;49;morreu
KIND;m0;sendrinah_cura;brook;6;0;0;0
CSV;m1;sendrinah_cura;brook;1;dagruve;1;4;72;0;54;morreu
KIND;m1;sendrinah_cura;brook;1;0;0;0
CSV;m1;sendrinah_cura;brook;2;dagruve;1;12;1037;92;8;passou
CSV;m1;sendrinah_cura;brook;2;docas;12;17;366;66;55;passou
CSV;m1;sendrinah_cura;brook;2;shedaklah;17;20;620;0;187;morreu
KIND;m1;sendrinah_cura;brook;2;0;0;0
CSV;m1;sendrinah_cura;brook;3;dagruve;1;12;1136;9;66;passou
CSV;m1;sendrinah_cura;brook;3;docas;12;15;521;0;210;morreu
KIND;m1;sendrinah_cura;brook;3;0;0;0
CSV;m1;sendrinah_cura;brook;4;dagruve;1;12;1582;70;59;passou
CSV;m1;sendrinah_cura;brook;4;docas;12;15;643;41;59;passou
CSV;m1;sendrinah_cura;brook;4;shedaklah;15;16;667;0;169;morreu
KIND;m1;sendrinah_cura;brook;4;0;0;0
CSV;m1;sendrinah_cura;brook;5;dagruve;1;9;1491;40;77;passou
CSV;m1;sendrinah_cura;brook;5;docas;9;10;992;0;144;morreu
KIND;m1;sendrinah_cura;brook;5;0;0;0
CSV;m1;sendrinah_cura;brook;6;dagruve;1;12;2594;63;124;passou
CSV;m1;sendrinah_cura;brook;6;docas;12;14;758;7;122;passou
CSV;m1;sendrinah_cura;brook;6;shedaklah;14;15;672;0;172;morreu
KIND;m1;sendrinah_cura;brook;6;0;0;0
CSV;m0;sendrinah_cura;durvall;1;dagruve;1;10;1239;0;340;morreu
KIND;m0;sendrinah_cura;durvall;1;0;0;0
CSV;m0;sendrinah_cura;durvall;2;dagruve;1;10;923;0;117;morreu
KIND;m0;sendrinah_cura;durvall;2;0;0;0
CSV;m0;sendrinah_cura;durvall;3;dagruve;1;9;1449;0;210;morreu
KIND;m0;sendrinah_cura;durvall;3;0;0;0
CSV;m0;sendrinah_cura;durvall;4;dagruve;1;10;1272;0;145;morreu
KIND;m0;sendrinah_cura;durvall;4;0;0;0
CSV;m0;sendrinah_cura;durvall;5;dagruve;1;12;1505;21;308;passou
CSV;m0;sendrinah_cura;durvall;5;docas;12;13;74;0;53;morreu
KIND;m0;sendrinah_cura;durvall;5;0;0;0
CSV;m0;sendrinah_cura;durvall;6;dagruve;1;3;42;0;40;morreu
KIND;m0;sendrinah_cura;durvall;6;0;0;0
CSV;m1;sendrinah_cura;durvall;1;dagruve;1;8;641;0;129;morreu
KIND;m1;sendrinah_cura;durvall;1;0;0;0
CSV;m1;sendrinah_cura;durvall;2;dagruve;1;11;1410;0;254;morreu
KIND;m1;sendrinah_cura;durvall;2;0;0;0
CSV;m1;sendrinah_cura;durvall;3;dagruve;1;11;1144;71;90;passou
CSV;m1;sendrinah_cura;durvall;3;docas;11;15;419;0;189;morreu
KIND;m1;sendrinah_cura;durvall;3;0;0;0
CSV;m1;sendrinah_cura;durvall;4;dagruve;1;10;978;71;111;passou
CSV;m1;sendrinah_cura;durvall;4;docas;10;15;503;48;45;passou
CSV;m1;sendrinah_cura;durvall;4;shedaklah;15;15;38;0;55;morreu
KIND;m1;sendrinah_cura;durvall;4;0;0;0
CSV;m1;sendrinah_cura;durvall;5;dagruve;1;13;1936;38;255;passou
CSV;m1;sendrinah_cura;durvall;5;docas;13;15;689;81;85;passou
CSV;m1;sendrinah_cura;durvall;5;shedaklah;15;16;501;0;165;morreu
KIND;m1;sendrinah_cura;durvall;5;0;0;0
CSV;m1;sendrinah_cura;durvall;6;dagruve;1;12;901;90;13;passou
CSV;m1;sendrinah_cura;durvall;6;docas;12;12;109;0;106;morreu
KIND;m1;sendrinah_cura;durvall;6;0;0;0
CSV;m0;sendrinah_cura;kayron;1;dagruve;1;11;375;89;19;passou
CSV;m0;sendrinah_cura;kayron;1;docas;11;12;100;0;68;morreu
KIND;m0;sendrinah_cura;kayron;1;0;0;0
CSV;m0;sendrinah_cura;kayron;2;dagruve;1;11;628;25;137;passou
CSV;m0;sendrinah_cura;kayron;2;docas;11;12;99;0;74;morreu
KIND;m0;sendrinah_cura;kayron;2;0;0;0
CSV;m0;sendrinah_cura;kayron;3;dagruve;1;8;130;0;59;morreu
KIND;m0;sendrinah_cura;kayron;3;0;0;0
CSV;m0;sendrinah_cura;kayron;4;dagruve;1;12;335;34;75;passou
CSV;m0;sendrinah_cura;kayron;4;docas;12;14;204;0;115;morreu
KIND;m0;sendrinah_cura;kayron;4;0;0;0
CSV;m0;sendrinah_cura;kayron;5;dagruve;1;3;67;0;40;morreu
KIND;m0;sendrinah_cura;kayron;5;0;0;0
CSV;m0;sendrinah_cura;kayron;6;dagruve;1;11;572;41;32;passou
CSV;m0;sendrinah_cura;kayron;6;docas;11;14;578;65;75;passou
CSV;m0;sendrinah_cura;kayron;6;shedaklah;14;15;208;0;54;morreu
KIND;m0;sendrinah_cura;kayron;6;0;0;0
CSV;m1;sendrinah_cura;kayron;1;dagruve;1;12;474;26;44;passou
CSV;m1;sendrinah_cura;kayron;1;docas;12;14;143;0;79;morreu
KIND;m1;sendrinah_cura;kayron;1;0;0;0
CSV;m1;sendrinah_cura;kayron;2;dagruve;1;10;473;91;9;passou
CSV;m1;sendrinah_cura;kayron;2;docas;10;15;674;8;247;passou
CSV;m1;sendrinah_cura;kayron;2;shedaklah;15;15;94;0;100;morreu
KIND;m1;sendrinah_cura;kayron;2;0;0;0
CSV;m1;sendrinah_cura;kayron;3;dagruve;1;13;1309;75;42;passou
CSV;m1;sendrinah_cura;kayron;3;docas;13;15;400;82;66;passou
CSV;m1;sendrinah_cura;kayron;3;shedaklah;15;17;407;0;198;morreu
KIND;m1;sendrinah_cura;kayron;3;0;0;0
CSV;m1;sendrinah_cura;kayron;4;dagruve;1;12;1061;84;29;passou
CSV;m1;sendrinah_cura;kayron;4;docas;12;15;224;0;95;morreu
KIND;m1;sendrinah_cura;kayron;4;0;0;0
CSV;m1;sendrinah_cura;kayron;5;dagruve;1;12;1055;58;160;passou
CSV;m1;sendrinah_cura;kayron;5;docas;12;15;415;13;276;passou
CSV;m1;sendrinah_cura;kayron;5;shedaklah;15;17;721;0;224;morreu
KIND;m1;sendrinah_cura;kayron;5;0;0;0
CSV;m1;sendrinah_cura;kayron;6;dagruve;1;13;1235;67;62;passou
CSV;m1;sendrinah_cura;kayron;6;docas;13;14;472;87;50;passou
CSV;m1;sendrinah_cura;kayron;6;shedaklah;14;14;67;0;98;morreu
KIND;m1;sendrinah_cura;kayron;6;0;0;0
CSV;m0;sendrinah_cura;korrak;1;dagruve;1;12;954;100;0;passou
CSV;m0;sendrinah_cura;korrak;1;docas;12;17;475;62;136;passou
CSV;m0;sendrinah_cura;korrak;1;shedaklah;17;22;1127;0;434;morreu
KIND;m0;sendrinah_cura;korrak;1;0;0;0
CSV;m0;sendrinah_cura;korrak;2;dagruve;1;11;698;71;23;passou
CSV;m0;sendrinah_cura;korrak;2;docas;11;15;543;32;124;passou
CSV;m0;sendrinah_cura;korrak;2;shedaklah;15;16;133;0;145;morreu
KIND;m0;sendrinah_cura;korrak;2;0;0;0
CSV;m0;sendrinah_cura;korrak;3;dagruve;1;11;379;94;2;passou
CSV;m0;sendrinah_cura;korrak;3;docas;11;15;402;80;53;passou
CSV;m0;sendrinah_cura;korrak;3;shedaklah;15;16;55;0;180;morreu
KIND;m0;sendrinah_cura;korrak;3;0;0;0
CSV;m0;sendrinah_cura;korrak;4;dagruve;1;11;484;80;77;passou
CSV;m0;sendrinah_cura;korrak;4;docas;11;14;419;62;101;passou
CSV;m0;sendrinah_cura;korrak;4;shedaklah;14;19;710;0;389;morreu
KIND;m0;sendrinah_cura;korrak;4;0;0;0
CSV;m0;sendrinah_cura;korrak;5;dagruve;1;13;1009;86;33;passou
CSV;m0;sendrinah_cura;korrak;5;docas;13;17;348;77;88;passou
CSV;m0;sendrinah_cura;korrak;5;shedaklah;17;18;284;0;160;morreu
KIND;m0;sendrinah_cura;korrak;5;0;0;0
CSV;m0;sendrinah_cura;korrak;6;dagruve;1;11;651;88;6;passou
CSV;m0;sendrinah_cura;korrak;6;docas;11;14;425;40;82;passou
CSV;m0;sendrinah_cura;korrak;6;shedaklah;14;15;60;0;128;morreu
KIND;m0;sendrinah_cura;korrak;6;0;0;0
CSV;m1;sendrinah_cura;korrak;1;dagruve;1;13;1507;70;28;passou
CSV;m1;sendrinah_cura;korrak;1;docas;13;17;510;60;71;passou
CSV;m1;sendrinah_cura;korrak;1;shedaklah;17;23;3498;8;2137;passou
CSV;m1;sendrinah_cura;korrak;1;molor;23;24;281;0;280;morreu
KIND;m1;sendrinah_cura;korrak;1;0;0;0
CSV;m1;sendrinah_cura;korrak;2;dagruve;1;13;1116;78;30;passou
CSV;m1;sendrinah_cura;korrak;2;docas;13;16;569;72;167;passou
CSV;m1;sendrinah_cura;korrak;2;shedaklah;16;22;2337;0;1003;morreu
KIND;m1;sendrinah_cura;korrak;2;0;0;0
CSV;m1;sendrinah_cura;korrak;3;dagruve;1;14;1378;73;57;passou
CSV;m1;sendrinah_cura;korrak;3;docas;14;16;440;70;100;passou
CSV;m1;sendrinah_cura;korrak;3;shedaklah;16;21;2135;0;1025;morreu
KIND;m1;sendrinah_cura;korrak;3;0;0;0
CSV;m1;sendrinah_cura;korrak;4;dagruve;1;9;441;99;0;passou
CSV;m1;sendrinah_cura;korrak;4;docas;9;14;457;86;12;passou
CSV;m1;sendrinah_cura;korrak;4;shedaklah;14;23;2034;17;773;passou
CSV;m1;sendrinah_cura;korrak;4;molor;23;27;1028;0;687;morreu
KIND;m1;sendrinah_cura;korrak;4;0;0;0
CSV;m1;sendrinah_cura;korrak;5;dagruve;1;11;727;83;26;passou
CSV;m1;sendrinah_cura;korrak;5;docas;11;15;386;86;37;passou
CSV;m1;sendrinah_cura;korrak;5;shedaklah;15;22;1805;0;832;morreu
KIND;m1;sendrinah_cura;korrak;5;0;0;0
CSV;m1;sendrinah_cura;korrak;6;dagruve;1;12;853;90;9;passou
CSV;m1;sendrinah_cura;korrak;6;docas;12;16;488;95;4;passou
CSV;m1;sendrinah_cura;korrak;6;shedaklah;16;21;1858;67;211;passou
CSV;m1;sendrinah_cura;korrak;6;molor;21;26;1593;0;1345;morreu
KIND;m1;sendrinah_cura;korrak;6;0;0;0
CSV;m0;sendrinah_cura;leoric;1;dagruve;1;2;50;0;33;morreu
KIND;m0;sendrinah_cura;leoric;1;0;0;0
CSV;m0;sendrinah_cura;leoric;2;dagruve;1;12;803;85;24;passou
CSV;m0;sendrinah_cura;leoric;2;docas;12;12;72;0;45;morreu
KIND;m0;sendrinah_cura;leoric;2;0;0;0
CSV;m0;sendrinah_cura;leoric;3;dagruve;1;10;625;84;14;passou
CSV;m0;sendrinah_cura;leoric;3;docas;10;12;311;0;76;morreu
KIND;m0;sendrinah_cura;leoric;3;0;0;0
CSV;m0;sendrinah_cura;leoric;4;dagruve;1;5;208;0;84;morreu
KIND;m0;sendrinah_cura;leoric;4;0;0;0
CSV;m0;sendrinah_cura;leoric;5;dagruve;1;12;765;91;8;passou
CSV;m0;sendrinah_cura;leoric;5;docas;12;12;54;0;44;morreu
KIND;m0;sendrinah_cura;leoric;5;0;0;0
CSV;m0;sendrinah_cura;leoric;6;dagruve;1;3;51;0;33;morreu
KIND;m0;sendrinah_cura;leoric;6;0;0;0
CSV;m1;sendrinah_cura;leoric;1;dagruve;1;11;334;52;83;passou
CSV;m1;sendrinah_cura;leoric;1;docas;11;14;183;0;107;morreu
KIND;m1;sendrinah_cura;leoric;1;0;0;0
CSV;m1;sendrinah_cura;leoric;2;dagruve;1;13;335;10;154;passou
CSV;m1;sendrinah_cura;leoric;2;docas;13;14;95;0;83;morreu
KIND;m1;sendrinah_cura;leoric;2;0;0;0
CSV;m1;sendrinah_cura;leoric;3;dagruve;1;11;748;100;0;passou
CSV;m1;sendrinah_cura;leoric;3;docas;11;15;607;44;83;passou
CSV;m1;sendrinah_cura;leoric;3;shedaklah;15;17;572;0;250;morreu
KIND;m1;sendrinah_cura;leoric;3;0;0;0
CSV;m1;sendrinah_cura;leoric;4;dagruve;1;13;1461;78;49;passou
CSV;m1;sendrinah_cura;leoric;4;docas;13;14;738;48;164;passou
CSV;m1;sendrinah_cura;leoric;4;shedaklah;14;14;40;0;56;morreu
KIND;m1;sendrinah_cura;leoric;4;0;0;0
CSV;m1;sendrinah_cura;leoric;5;dagruve;1;12;840;35;51;passou
CSV;m1;sendrinah_cura;leoric;5;docas;12;16;526;64;72;passou
CSV;m1;sendrinah_cura;leoric;5;shedaklah;16;20;799;0;319;morreu
KIND;m1;sendrinah_cura;leoric;5;0;0;0
CSV;m1;sendrinah_cura;leoric;6;dagruve;1;14;328;50;39;passou
CSV;m1;sendrinah_cura;leoric;6;docas;14;19;369;34;60;passou
CSV;m1;sendrinah_cura;leoric;6;shedaklah;19;21;521;0;152;morreu
KIND;m1;sendrinah_cura;leoric;6;0;0;0
CSV;m0;sendrinah_cura;maelor;1;dagruve;1;10;378;39;54;passou
CSV;m0;sendrinah_cura;maelor;1;docas;10;10;63;0;62;morreu
KIND;m0;sendrinah_cura;maelor;1;0;0;0
CSV;m0;sendrinah_cura;maelor;2;dagruve;1;2;51;0;41;morreu
KIND;m0;sendrinah_cura;maelor;2;0;0;0
CSV;m0;sendrinah_cura;maelor;3;dagruve;1;14;1688;64;38;passou
CSV;m0;sendrinah_cura;maelor;3;docas;14;15;622;67;25;passou
CSV;m0;sendrinah_cura;maelor;3;shedaklah;15;16;277;0;90;morreu
KIND;m0;sendrinah_cura;maelor;3;0;0;0
CSV;m0;sendrinah_cura;maelor;4;dagruve;1;12;673;49;79;passou
CSV;m0;sendrinah_cura;maelor;4;docas;12;15;530;0;183;morreu
KIND;m0;sendrinah_cura;maelor;4;0;0;0
CSV;m0;sendrinah_cura;maelor;5;dagruve;1;11;658;71;16;passou
CSV;m0;sendrinah_cura;maelor;5;docas;11;11;49;0;44;morreu
KIND;m0;sendrinah_cura;maelor;5;0;0;0
CSV;m0;sendrinah_cura;maelor;6;dagruve;1;11;591;76;41;passou
CSV;m0;sendrinah_cura;maelor;6;docas;11;13;133;0;58;morreu
KIND;m0;sendrinah_cura;maelor;6;0;0;0
CSV;m1;sendrinah_cura;maelor;1;dagruve;1;12;830;89;6;passou
CSV;m1;sendrinah_cura;maelor;1;docas;12;13;66;0;82;morreu
KIND;m1;sendrinah_cura;maelor;1;0;0;0
CSV;m1;sendrinah_cura;maelor;2;dagruve;1;12;825;90;17;passou
CSV;m1;sendrinah_cura;maelor;2;docas;12;16;405;54;44;passou
CSV;m1;sendrinah_cura;maelor;2;shedaklah;16;19;338;0;124;morreu
KIND;m1;sendrinah_cura;maelor;2;0;0;0
CSV;m1;sendrinah_cura;maelor;3;dagruve;1;11;666;90;8;passou
CSV;m1;sendrinah_cura;maelor;3;docas;11;13;167;0;59;morreu
KIND;m1;sendrinah_cura;maelor;3;0;0;0
CSV;m1;sendrinah_cura;maelor;4;dagruve;1;14;1381;0;111;morreu
KIND;m1;sendrinah_cura;maelor;4;0;0;0
CSV;m1;sendrinah_cura;maelor;5;dagruve;1;10;427;16;54;passou
CSV;m1;sendrinah_cura;maelor;5;docas;10;10;71;0;55;morreu
KIND;m1;sendrinah_cura;maelor;5;0;0;0
CSV;m1;sendrinah_cura;maelor;6;dagruve;1;12;1066;90;5;passou
CSV;m1;sendrinah_cura;maelor;6;docas;12;15;486;52;76;passou
CSV;m1;sendrinah_cura;maelor;6;shedaklah;15;18;651;0;245;morreu
KIND;m1;sendrinah_cura;maelor;6;0;0;0
CSV;m0;sendrinah_cura;nyrelia;1;dagruve;1;13;1723;0;183;morreu
KIND;m0;sendrinah_cura;nyrelia;1;0;0;0
CSV;m0;sendrinah_cura;nyrelia;2;dagruve;1;10;660;68;14;passou
CSV;m0;sendrinah_cura;nyrelia;2;docas;10;14;517;26;154;passou
CSV;m0;sendrinah_cura;nyrelia;2;shedaklah;14;17;432;0;154;morreu
KIND;m0;sendrinah_cura;nyrelia;2;0;0;0
CSV;m0;sendrinah_cura;nyrelia;3;dagruve;1;12;1771;79;93;passou
CSV;m0;sendrinah_cura;nyrelia;3;docas;12;14;649;0;108;morreu
KIND;m0;sendrinah_cura;nyrelia;3;0;0;0
CSV;m0;sendrinah_cura;nyrelia;4;dagruve;1;10;1029;0;130;morreu
KIND;m0;sendrinah_cura;nyrelia;4;0;0;0
CSV;m0;sendrinah_cura;nyrelia;5;dagruve;1;11;2230;0;478;morreu
KIND;m0;sendrinah_cura;nyrelia;5;0;0;0
CSV;m0;sendrinah_cura;nyrelia;6;dagruve;1;11;1243;0;258;morreu
KIND;m0;sendrinah_cura;nyrelia;6;0;0;0
CSV;m1;sendrinah_cura;nyrelia;1;dagruve;1;14;1590;32;106;passou
CSV;m1;sendrinah_cura;nyrelia;1;docas;14;17;673;68;54;passou
CSV;m1;sendrinah_cura;nyrelia;1;shedaklah;17;20;856;0;224;morreu
KIND;m1;sendrinah_cura;nyrelia;1;0;0;0
CSV;m1;sendrinah_cura;nyrelia;2;dagruve;1;13;2074;28;191;passou
CSV;m1;sendrinah_cura;nyrelia;2;docas;13;13;96;0;52;morreu
KIND;m1;sendrinah_cura;nyrelia;2;0;0;0
CSV;m1;sendrinah_cura;nyrelia;3;dagruve;1;10;634;0;57;morreu
KIND;m1;sendrinah_cura;nyrelia;3;0;0;0
CSV;m1;sendrinah_cura;nyrelia;4;dagruve;1;5;409;0;108;morreu
KIND;m1;sendrinah_cura;nyrelia;4;0;0;0
CSV;m1;sendrinah_cura;nyrelia;5;dagruve;1;11;1524;0;245;morreu
KIND;m1;sendrinah_cura;nyrelia;5;0;0;0
CSV;m1;sendrinah_cura;nyrelia;6;dagruve;1;11;1559;13;328;passou
CSV;m1;sendrinah_cura;nyrelia;6;docas;11;11;63;0;49;morreu
KIND;m1;sendrinah_cura;nyrelia;6;0;0;0
CSV;m0;sendrinah_cura;sylas;1;dagruve;1;12;423;78;26;passou
CSV;m0;sendrinah_cura;sylas;1;docas;12;14;210;0;72;morreu
KIND;m0;sendrinah_cura;sylas;1;0;0;0
CSV;m0;sendrinah_cura;sylas;2;dagruve;1;13;386;78;15;passou
CSV;m0;sendrinah_cura;sylas;2;docas;13;16;453;35;45;passou
CSV;m0;sendrinah_cura;sylas;2;shedaklah;16;22;988;29;144;passou
CSV;m0;sendrinah_cura;sylas;2;molor;22;26;456;0;272;morreu
KIND;m0;sendrinah_cura;sylas;2;0;0;0
CSV;m0;sendrinah_cura;sylas;3;dagruve;1;14;323;51;70;passou
CSV;m0;sendrinah_cura;sylas;3;docas;14;18;377;41;242;passou
CSV;m0;sendrinah_cura;sylas;3;shedaklah;18;23;673;17;245;passou
CSV;m0;sendrinah_cura;sylas;3;molor;23;26;317;0;232;morreu
KIND;m0;sendrinah_cura;sylas;3;0;0;0
CSV;m0;sendrinah_cura;sylas;4;dagruve;1;14;321;62;31;passou
CSV;m0;sendrinah_cura;sylas;4;docas;14;19;356;25;144;passou
CSV;m0;sendrinah_cura;sylas;4;shedaklah;19;28;620;26;219;passou
CSV;m0;sendrinah_cura;sylas;4;molor;28;31;296;0;237;morreu
KIND;m0;sendrinah_cura;sylas;4;0;0;0
CSV;m0;sendrinah_cura;sylas;5;dagruve;1;12;485;90;12;passou
CSV;m0;sendrinah_cura;sylas;5;docas;12;16;441;39;125;passou
CSV;m0;sendrinah_cura;sylas;5;shedaklah;16;22;1615;0;520;morreu
KIND;m0;sendrinah_cura;sylas;5;0;0;0
CSV;m0;sendrinah_cura;sylas;6;dagruve;1;11;446;94;2;passou
CSV;m0;sendrinah_cura;sylas;6;docas;11;13;207;0;47;morreu
KIND;m0;sendrinah_cura;sylas;6;0;0;0
CSV;m1;sendrinah_cura;sylas;1;dagruve;1;11;322;100;0;passou
CSV;m1;sendrinah_cura;sylas;1;docas;11;16;430;47;89;passou
CSV;m1;sendrinah_cura;sylas;1;shedaklah;16;20;755;0;140;morreu
KIND;m1;sendrinah_cura;sylas;1;0;0;0
CSV;m1;sendrinah_cura;sylas;2;dagruve;1;12;426;97;1;passou
CSV;m1;sendrinah_cura;sylas;2;docas;12;15;577;8;203;passou
CSV;m1;sendrinah_cura;sylas;2;shedaklah;15;15;64;0;66;morreu
KIND;m1;sendrinah_cura;sylas;2;0;0;0
CSV;m1;sendrinah_cura;sylas;3;dagruve;1;12;369;51;33;passou
CSV;m1;sendrinah_cura;sylas;3;docas;12;16;386;34;114;passou
CSV;m1;sendrinah_cura;sylas;3;shedaklah;16;17;130;0;90;morreu
KIND;m1;sendrinah_cura;sylas;3;0;0;0
CSV;m1;sendrinah_cura;sylas;4;dagruve;1;12;312;100;6;passou
CSV;m1;sendrinah_cura;sylas;4;docas;12;18;330;74;26;passou
CSV;m1;sendrinah_cura;sylas;4;shedaklah;18;24;770;0;143;morreu
KIND;m1;sendrinah_cura;sylas;4;0;0;0
CSV;m1;sendrinah_cura;sylas;5;dagruve;1;12;425;100;0;passou
CSV;m1;sendrinah_cura;sylas;5;docas;12;15;497;29;139;passou
CSV;m1;sendrinah_cura;sylas;5;shedaklah;15;19;1190;0;344;morreu
KIND;m1;sendrinah_cura;sylas;5;0;0;0
CSV;m1;sendrinah_cura;sylas;6;dagruve;1;11;355;100;0;passou
CSV;m1;sendrinah_cura;sylas;6;docas;11;14;421;72;54;passou
CSV;m1;sendrinah_cura;sylas;6;shedaklah;14;18;553;0;195;morreu
KIND;m1;sendrinah_cura;sylas;6;0;0;0
CSV;m0;sendrinah_cura;zynara;1;dagruve;1;4;107;0;60;morreu
KIND;m0;sendrinah_cura;zynara;1;0;0;0
CSV;m0;sendrinah_cura;zynara;2;dagruve;1;5;78;0;46;morreu
KIND;m0;sendrinah_cura;zynara;2;0;0;0
CSV;m0;sendrinah_cura;zynara;3;dagruve;1;13;1645;51;34;passou
CSV;m0;sendrinah_cura;zynara;3;docas;13;15;836;72;28;passou
CSV;m0;sendrinah_cura;zynara;3;shedaklah;15;16;379;0;77;morreu
KIND;m0;sendrinah_cura;zynara;3;0;0;0
CSV;m0;sendrinah_cura;zynara;4;dagruve;1;13;1554;12;122;passou
CSV;m0;sendrinah_cura;zynara;4;docas;13;15;571;27;123;passou
CSV;m0;sendrinah_cura;zynara;4;shedaklah;15;16;83;0;56;morreu
KIND;m0;sendrinah_cura;zynara;4;0;0;0
CSV;m0;sendrinah_cura;zynara;5;dagruve;1;11;1132;40;93;passou
CSV;m0;sendrinah_cura;zynara;5;docas;11;12;808;17;174;passou
CSV;m0;sendrinah_cura;zynara;5;shedaklah;12;13;63;0;60;morreu
KIND;m0;sendrinah_cura;zynara;5;0;0;0
CSV;m0;sendrinah_cura;zynara;6;dagruve;1;11;439;98;1;passou
CSV;m0;sendrinah_cura;zynara;6;docas;11;12;114;0;65;morreu
KIND;m0;sendrinah_cura;zynara;6;0;0;0
CSV;m1;sendrinah_cura;zynara;1;dagruve;1;10;374;78;13;passou
CSV;m1;sendrinah_cura;zynara;1;docas;10;13;803;59;117;passou
CSV;m1;sendrinah_cura;zynara;1;shedaklah;13;13;142;0;51;morreu
KIND;m1;sendrinah_cura;zynara;1;0;0;0
CSV;m1;sendrinah_cura;zynara;2;dagruve;1;10;364;69;38;passou
CSV;m1;sendrinah_cura;zynara;2;docas;10;11;96;0;59;morreu
KIND;m1;sendrinah_cura;zynara;2;0;0;0
CSV;m1;sendrinah_cura;zynara;3;dagruve;1;9;398;76;28;passou
CSV;m1;sendrinah_cura;zynara;3;docas;9;17;350;13;186;passou
CSV;m1;sendrinah_cura;zynara;3;shedaklah;17;19;181;0;105;morreu
KIND;m1;sendrinah_cura;zynara;3;0;0;0
CSV;m1;sendrinah_cura;zynara;4;dagruve;1;15;2422;42;164;passou
CSV;m1;sendrinah_cura;zynara;4;docas;15;18;407;58;34;passou
CSV;m1;sendrinah_cura;zynara;4;shedaklah;18;19;797;0;106;morreu
KIND;m1;sendrinah_cura;zynara;4;0;0;0
CSV;m1;sendrinah_cura;zynara;5;dagruve;1;12;1089;0;110;morreu
KIND;m1;sendrinah_cura;zynara;5;0;0;0
CSV;m1;sendrinah_cura;zynara;6;dagruve;1;11;621;76;27;passou
CSV;m1;sendrinah_cura;zynara;6;docas;11;11;73;0;67;morreu
KIND;m1;sendrinah_cura;zynara;6;0;0;0
CSV;m0;shar_pacto_perda;bromnor;1;dagruve;1;4;185;0;30;morreu
KIND;m0;shar_pacto_perda;bromnor;1;0;0;0
CSV;m0;shar_pacto_perda;bromnor;2;dagruve;1;10;547;43;34;passou
CSV;m0;shar_pacto_perda;bromnor;2;docas;10;15;669;16;173;passou
CSV;m0;shar_pacto_perda;bromnor;2;shedaklah;15;16;211;0;74;morreu
KIND;m0;shar_pacto_perda;bromnor;2;0;0;0
CSV;m0;shar_pacto_perda;bromnor;3;dagruve;1;12;1291;56;178;passou
CSV;m0;shar_pacto_perda;bromnor;3;docas;12;14;426;18;106;passou
CSV;m0;shar_pacto_perda;bromnor;3;shedaklah;14;14;34;0;39;morreu
KIND;m0;shar_pacto_perda;bromnor;3;0;0;0
CSV;m0;shar_pacto_perda;bromnor;4;dagruve;1;4;158;0;30;morreu
KIND;m0;shar_pacto_perda;bromnor;4;0;0;0
CSV;m0;shar_pacto_perda;bromnor;5;dagruve;1;11;1076;25;180;passou
CSV;m0;shar_pacto_perda;bromnor;5;docas;11;13;475;12;106;passou
CSV;m0;shar_pacto_perda;bromnor;5;shedaklah;13;15;657;0;162;morreu
KIND;m0;shar_pacto_perda;bromnor;5;0;0;0
CSV;m0;shar_pacto_perda;bromnor;6;dagruve;1;13;1315;33;262;passou
CSV;m0;shar_pacto_perda;bromnor;6;docas;13;14;219;0;160;morreu
KIND;m0;shar_pacto_perda;bromnor;6;0;0;0
CSV;m1;shar_pacto_perda;bromnor;1;dagruve;1;8;417;0;38;morreu
KIND;m1;shar_pacto_perda;bromnor;1;0;0;0
CSV;m1;shar_pacto_perda;bromnor;2;dagruve;1;10;800;71;78;passou
CSV;m1;shar_pacto_perda;bromnor;2;docas;10;14;486;38;94;passou
CSV;m1;shar_pacto_perda;bromnor;2;shedaklah;14;15;309;0;119;morreu
KIND;m1;shar_pacto_perda;bromnor;2;0;0;0
CSV;m1;shar_pacto_perda;bromnor;3;dagruve;1;4;79;0;38;morreu
KIND;m1;shar_pacto_perda;bromnor;3;0;0;0
CSV;m1;shar_pacto_perda;bromnor;4;dagruve;1;8;844;39;68;passou
CSV;m1;shar_pacto_perda;bromnor;4;docas;8;11;639;54;83;passou
CSV;m1;shar_pacto_perda;bromnor;4;shedaklah;11;11;144;0;69;morreu
KIND;m1;shar_pacto_perda;bromnor;4;0;0;0
CSV;m1;shar_pacto_perda;bromnor;5;dagruve;1;9;470;6;54;passou
CSV;m1;shar_pacto_perda;bromnor;5;docas;9;12;215;0;37;morreu
KIND;m1;shar_pacto_perda;bromnor;5;0;0;0
CSV;m1;shar_pacto_perda;bromnor;6;dagruve;1;11;860;82;79;passou
CSV;m1;shar_pacto_perda;bromnor;6;docas;11;11;65;0;50;morreu
KIND;m1;shar_pacto_perda;bromnor;6;0;0;0
CSV;m0;shar_pacto_perda;brook;1;dagruve;1;2;56;0;24;morreu
KIND;m0;shar_pacto_perda;brook;1;0;0;0
CSV;m0;shar_pacto_perda;brook;2;dagruve;1;1;57;0;26;morreu
KIND;m0;shar_pacto_perda;brook;2;0;0;0
CSV;m0;shar_pacto_perda;brook;3;dagruve;1;2;104;0;22;morreu
KIND;m0;shar_pacto_perda;brook;3;0;0;0
CSV;m0;shar_pacto_perda;brook;4;dagruve;1;1;98;0;22;morreu
KIND;m0;shar_pacto_perda;brook;4;0;0;0
CSV;m0;shar_pacto_perda;brook;5;dagruve;1;3;52;0;22;morreu
KIND;m0;shar_pacto_perda;brook;5;0;0;0
CSV;m0;shar_pacto_perda;brook;6;dagruve;1;3;189;0;22;morreu
KIND;m0;shar_pacto_perda;brook;6;0;0;0
CSV;m1;shar_pacto_perda;brook;1;dagruve;1;3;69;0;35;morreu
KIND;m1;shar_pacto_perda;brook;1;0;0;0
CSV;m1;shar_pacto_perda;brook;2;dagruve;1;4;174;0;48;morreu
KIND;m1;shar_pacto_perda;brook;2;0;0;0
CSV;m1;shar_pacto_perda;brook;3;dagruve;1;10;771;46;102;passou
CSV;m1;shar_pacto_perda;brook;3;docas;10;13;468;38;170;passou
CSV;m1;shar_pacto_perda;brook;3;shedaklah;13;15;772;0;398;morreu
KIND;m1;shar_pacto_perda;brook;3;0;0;0
CSV;m1;shar_pacto_perda;brook;4;dagruve;1;8;437;0;53;morreu
KIND;m1;shar_pacto_perda;brook;4;0;0;0
CSV;m1;shar_pacto_perda;brook;5;dagruve;1;4;388;0;45;morreu
KIND;m1;shar_pacto_perda;brook;5;0;0;0
CSV;m1;shar_pacto_perda;brook;6;dagruve;1;6;492;0;30;morreu
KIND;m1;shar_pacto_perda;brook;6;0;0;0
CSV;m0;shar_pacto_perda;durvall;1;dagruve;1;2;58;0;20;morreu
KIND;m0;shar_pacto_perda;durvall;1;0;0;0
CSV;m0;shar_pacto_perda;durvall;2;dagruve;1;4;128;0;20;morreu
KIND;m0;shar_pacto_perda;durvall;2;0;0;0
CSV;m0;shar_pacto_perda;durvall;3;dagruve;1;4;199;0;20;morreu
KIND;m0;shar_pacto_perda;durvall;3;0;0;0
CSV;m0;shar_pacto_perda;durvall;4;dagruve;1;2;48;0;20;morreu
KIND;m0;shar_pacto_perda;durvall;4;0;0;0
CSV;m0;shar_pacto_perda;durvall;5;dagruve;1;3;132;0;26;morreu
KIND;m0;shar_pacto_perda;durvall;5;0;0;0
CSV;m0;shar_pacto_perda;durvall;6;dagruve;1;4;152;0;26;morreu
KIND;m0;shar_pacto_perda;durvall;6;0;0;0
CSV;m1;shar_pacto_perda;durvall;1;dagruve;1;3;57;0;28;morreu
KIND;m1;shar_pacto_perda;durvall;1;0;0;0
CSV;m1;shar_pacto_perda;durvall;2;dagruve;1;3;108;0;28;morreu
KIND;m1;shar_pacto_perda;durvall;2;0;0;0
CSV;m1;shar_pacto_perda;durvall;3;dagruve;1;3;64;0;30;morreu
KIND;m1;shar_pacto_perda;durvall;3;0;0;0
CSV;m1;shar_pacto_perda;durvall;4;dagruve;1;5;286;0;32;morreu
KIND;m1;shar_pacto_perda;durvall;4;0;0;0
CSV;m1;shar_pacto_perda;durvall;5;dagruve;1;2;44;0;28;morreu
KIND;m1;shar_pacto_perda;durvall;5;0;0;0
CSV;m1;shar_pacto_perda;durvall;6;dagruve;1;2;105;0;28;morreu
KIND;m1;shar_pacto_perda;durvall;6;0;0;0
CSV;m0;shar_pacto_perda;kayron;1;dagruve;1;2;44;0;21;morreu
KIND;m0;shar_pacto_perda;kayron;1;0;0;0
CSV;m0;shar_pacto_perda;kayron;2;dagruve;1;2;49;0;24;morreu
KIND;m0;shar_pacto_perda;kayron;2;0;0;0
CSV;m0;shar_pacto_perda;kayron;3;dagruve;1;4;63;0;20;morreu
KIND;m0;shar_pacto_perda;kayron;3;0;0;0
CSV;m0;shar_pacto_perda;kayron;4;dagruve;1;4;148;0;20;morreu
KIND;m0;shar_pacto_perda;kayron;4;0;0;0
CSV;m0;shar_pacto_perda;kayron;5;dagruve;1;6;176;0;25;morreu
KIND;m0;shar_pacto_perda;kayron;5;0;0;0
CSV;m0;shar_pacto_perda;kayron;6;dagruve;1;2;46;0;20;morreu
KIND;m0;shar_pacto_perda;kayron;6;0;0;0
CSV;m1;shar_pacto_perda;kayron;1;dagruve;1;3;66;0;30;morreu
KIND;m1;shar_pacto_perda;kayron;1;0;0;0
CSV;m1;shar_pacto_perda;kayron;2;dagruve;1;8;511;37;146;passou
CSV;m1;shar_pacto_perda;kayron;2;docas;8;16;340;65;99;passou
CSV;m1;shar_pacto_perda;kayron;2;shedaklah;16;20;219;0;229;morreu
KIND;m1;shar_pacto_perda;kayron;2;0;0;0
CSV;m1;shar_pacto_perda;kayron;3;dagruve;1;4;56;0;28;morreu
KIND;m1;shar_pacto_perda;kayron;3;0;0;0
CSV;m1;shar_pacto_perda;kayron;4;dagruve;1;5;59;0;28;morreu
KIND;m1;shar_pacto_perda;kayron;4;0;0;0
CSV;m1;shar_pacto_perda;kayron;5;dagruve;1;2;53;0;28;morreu
KIND;m1;shar_pacto_perda;kayron;5;0;0;0
CSV;m1;shar_pacto_perda;kayron;6;dagruve;1;9;495;0;121;morreu
KIND;m1;shar_pacto_perda;kayron;6;0;0;0
CSV;m0;shar_pacto_perda;korrak;1;dagruve;1;11;658;55;143;passou
CSV;m0;shar_pacto_perda;korrak;1;docas;11;14;299;0;233;morreu
KIND;m0;shar_pacto_perda;korrak;1;0;0;0
CSV;m0;shar_pacto_perda;korrak;2;dagruve;1;11;655;59;112;passou
CSV;m0;shar_pacto_perda;korrak;2;docas;11;15;353;28;192;passou
CSV;m0;shar_pacto_perda;korrak;2;shedaklah;15;16;75;0;143;morreu
KIND;m0;shar_pacto_perda;korrak;2;0;0;0
CSV;m0;shar_pacto_perda;korrak;3;dagruve;1;11;348;45;119;passou
CSV;m0;shar_pacto_perda;korrak;3;docas;11;16;346;0;222;morreu
KIND;m0;shar_pacto_perda;korrak;3;0;0;0
CSV;m0;shar_pacto_perda;korrak;4;dagruve;1;12;776;39;226;passou
CSV;m0;shar_pacto_perda;korrak;4;docas;12;13;258;0;83;morreu
KIND;m0;shar_pacto_perda;korrak;4;0;0;0
CSV;m0;shar_pacto_perda;korrak;5;dagruve;1;10;422;29;146;passou
CSV;m0;shar_pacto_perda;korrak;5;docas;10;14;215;0;151;morreu
KIND;m0;shar_pacto_perda;korrak;5;0;0;0
CSV;m0;shar_pacto_perda;korrak;6;dagruve;1;9;346;0;93;passou
CSV;m0;shar_pacto_perda;korrak;6;docas;9;14;453;34;257;passou
CSV;m0;shar_pacto_perda;korrak;6;shedaklah;14;18;1741;0;737;morreu
KIND;m0;shar_pacto_perda;korrak;6;0;0;0
CSV;m1;shar_pacto_perda;korrak;1;dagruve;1;10;468;53;198;passou
CSV;m1;shar_pacto_perda;korrak;1;docas;10;14;461;28;173;passou
CSV;m1;shar_pacto_perda;korrak;1;shedaklah;14;16;700;0;436;morreu
KIND;m1;shar_pacto_perda;korrak;1;0;0;0
CSV;m1;shar_pacto_perda;korrak;2;dagruve;1;13;328;52;115;passou
CSV;m1;shar_pacto_perda;korrak;2;docas;13;16;369;72;110;passou
CSV;m1;shar_pacto_perda;korrak;2;shedaklah;16;16;23;0;51;morreu
KIND;m1;shar_pacto_perda;korrak;2;0;0;0
CSV;m1;shar_pacto_perda;korrak;3;dagruve;1;10;391;52;102;passou
CSV;m1;shar_pacto_perda;korrak;3;docas;10;14;384;50;181;passou
CSV;m1;shar_pacto_perda;korrak;3;shedaklah;14;15;61;0;149;morreu
KIND;m1;shar_pacto_perda;korrak;3;0;0;0
CSV;m1;shar_pacto_perda;korrak;4;dagruve;1;10;471;53;136;passou
CSV;m1;shar_pacto_perda;korrak;4;docas;10;14;413;17;282;passou
CSV;m1;shar_pacto_perda;korrak;4;shedaklah;14;20;1109;0;902;morreu
KIND;m1;shar_pacto_perda;korrak;4;0;0;0
CSV;m1;shar_pacto_perda;korrak;5;dagruve;1;12;338;41;108;passou
CSV;m1;shar_pacto_perda;korrak;5;docas;12;17;390;2;313;passou
CSV;m1;shar_pacto_perda;korrak;5;shedaklah;17;18;65;0;133;morreu
KIND;m1;shar_pacto_perda;korrak;5;0;0;0
CSV;m1;shar_pacto_perda;korrak;6;dagruve;1;11;608;76;72;passou
CSV;m1;shar_pacto_perda;korrak;6;docas;11;16;438;41;366;passou
CSV;m1;shar_pacto_perda;korrak;6;shedaklah;16;22;857;16;788;passou
CSV;m1;shar_pacto_perda;korrak;6;molor;22;22;37;0;68;morreu
KIND;m1;shar_pacto_perda;korrak;6;0;0;0
CSV;m0;shar_pacto_perda;leoric;1;dagruve;1;2;48;0;14;morreu
KIND;m0;shar_pacto_perda;leoric;1;0;0;0
CSV;m0;shar_pacto_perda;leoric;2;dagruve;1;3;52;0;22;morreu
KIND;m0;shar_pacto_perda;leoric;2;0;0;0
CSV;m0;shar_pacto_perda;leoric;3;dagruve;1;3;78;0;16;morreu
KIND;m0;shar_pacto_perda;leoric;3;0;0;0
CSV;m0;shar_pacto_perda;leoric;4;dagruve;1;2;49;0;14;morreu
KIND;m0;shar_pacto_perda;leoric;4;0;0;0
CSV;m0;shar_pacto_perda;leoric;5;dagruve;1;2;73;0;16;morreu
KIND;m0;shar_pacto_perda;leoric;5;0;0;0
CSV;m0;shar_pacto_perda;leoric;6;dagruve;1;15;583;37;128;passou
CSV;m0;shar_pacto_perda;leoric;6;docas;15;19;360;0;222;morreu
KIND;m0;shar_pacto_perda;leoric;6;0;0;0
CSV;m1;shar_pacto_perda;leoric;1;dagruve;1;3;63;0;22;morreu
KIND;m1;shar_pacto_perda;leoric;1;0;0;0
CSV;m1;shar_pacto_perda;leoric;2;dagruve;1;3;103;0;22;morreu
KIND;m1;shar_pacto_perda;leoric;2;0;0;0
CSV;m1;shar_pacto_perda;leoric;3;dagruve;1;4;77;0;22;morreu
KIND;m1;shar_pacto_perda;leoric;3;0;0;0
CSV;m1;shar_pacto_perda;leoric;4;dagruve;1;9;132;0;22;morreu
KIND;m1;shar_pacto_perda;leoric;4;0;0;0
CSV;m1;shar_pacto_perda;leoric;5;dagruve;1;5;77;0;22;morreu
KIND;m1;shar_pacto_perda;leoric;5;0;0;0
CSV;m1;shar_pacto_perda;leoric;6;dagruve;1;15;311;60;51;passou
CSV;m1;shar_pacto_perda;leoric;6;docas;15;19;340;14;166;passou
CSV;m1;shar_pacto_perda;leoric;6;shedaklah;19;20;153;0;137;morreu
KIND;m1;shar_pacto_perda;leoric;6;0;0;0
CSV;m0;shar_pacto_perda;maelor;1;dagruve;1;3;69;0;35;morreu
KIND;m0;shar_pacto_perda;maelor;1;0;0;0
CSV;m0;shar_pacto_perda;maelor;2;dagruve;1;5;141;0;47;morreu
KIND;m0;shar_pacto_perda;maelor;2;0;0;0
CSV;m0;shar_pacto_perda;maelor;3;dagruve;1;6;77;0;37;morreu
KIND;m0;shar_pacto_perda;maelor;3;0;0;0
CSV;m0;shar_pacto_perda;maelor;4;dagruve;1;10;408;26;107;passou
CSV;m0;shar_pacto_perda;maelor;4;docas;10;11;55;0;42;morreu
KIND;m0;shar_pacto_perda;maelor;4;0;0;0
CSV;m0;shar_pacto_perda;maelor;5;dagruve;1;11;401;41;70;passou
CSV;m0;shar_pacto_perda;maelor;5;docas;11;12;31;0;21;morreu
KIND;m0;shar_pacto_perda;maelor;5;0;0;0
CSV;m0;shar_pacto_perda;maelor;6;dagruve;1;11;353;28;119;passou
CSV;m0;shar_pacto_perda;maelor;6;docas;11;12;115;0;33;morreu
KIND;m0;shar_pacto_perda;maelor;6;0;0;0
CSV;m1;shar_pacto_perda;maelor;1;dagruve;1;12;320;13;85;passou
CSV;m1;shar_pacto_perda;maelor;1;docas;12;14;145;0;107;morreu
KIND;m1;shar_pacto_perda;maelor;1;0;0;0
CSV;m1;shar_pacto_perda;maelor;2;dagruve;1;10;354;18;143;passou
CSV;m1;shar_pacto_perda;maelor;2;docas;10;10;76;0;75;morreu
KIND;m1;shar_pacto_perda;maelor;2;0;0;0
CSV;m1;shar_pacto_perda;maelor;3;dagruve;1;4;73;0;51;morreu
KIND;m1;shar_pacto_perda;maelor;3;0;0;0
CSV;m1;shar_pacto_perda;maelor;4;dagruve;1;11;434;57;95;passou
CSV;m1;shar_pacto_perda;maelor;4;docas;11;13;273;0;187;morreu
KIND;m1;shar_pacto_perda;maelor;4;0;0;0
CSV;m1;shar_pacto_perda;maelor;5;dagruve;1;12;481;35;136;passou
CSV;m1;shar_pacto_perda;maelor;5;docas;12;12;83;0;71;morreu
KIND;m1;shar_pacto_perda;maelor;5;0;0;0
CSV;m1;shar_pacto_perda;maelor;6;dagruve;1;12;399;28;158;passou
CSV;m1;shar_pacto_perda;maelor;6;docas;12;13;95;0;84;morreu
KIND;m1;shar_pacto_perda;maelor;6;0;0;0
CSV;m0;shar_pacto_perda;nyrelia;1;dagruve;1;5;216;0;44;morreu
KIND;m0;shar_pacto_perda;nyrelia;1;0;0;0
CSV;m0;shar_pacto_perda;nyrelia;2;dagruve;1;1;148;0;14;morreu
KIND;m0;shar_pacto_perda;nyrelia;2;0;0;0
CSV;m0;shar_pacto_perda;nyrelia;3;dagruve;1;3;95;0;14;morreu
KIND;m0;shar_pacto_perda;nyrelia;3;0;0;0
CSV;m0;shar_pacto_perda;nyrelia;4;dagruve;1;3;184;0;14;morreu
KIND;m0;shar_pacto_perda;nyrelia;4;0;0;0
CSV;m0;shar_pacto_perda;nyrelia;5;dagruve;1;1;73;0;14;morreu
KIND;m0;shar_pacto_perda;nyrelia;5;0;0;0
CSV;m0;shar_pacto_perda;nyrelia;6;dagruve;1;1;50;0;14;morreu
KIND;m0;shar_pacto_perda;nyrelia;6;0;0;0
CSV;m1;shar_pacto_perda;nyrelia;1;dagruve;1;10;1253;0;286;morreu
KIND;m1;shar_pacto_perda;nyrelia;1;0;0;0
CSV;m1;shar_pacto_perda;nyrelia;2;dagruve;1;1;66;0;22;morreu
KIND;m1;shar_pacto_perda;nyrelia;2;0;0;0
CSV;m1;shar_pacto_perda;nyrelia;3;dagruve;1;3;94;0;22;morreu
KIND;m1;shar_pacto_perda;nyrelia;3;0;0;0
CSV;m1;shar_pacto_perda;nyrelia;4;dagruve;1;3;122;0;22;morreu
KIND;m1;shar_pacto_perda;nyrelia;4;0;0;0
CSV;m1;shar_pacto_perda;nyrelia;5;dagruve;1;6;384;0;39;morreu
KIND;m1;shar_pacto_perda;nyrelia;5;0;0;0
CSV;m1;shar_pacto_perda;nyrelia;6;dagruve;1;2;93;0;22;morreu
KIND;m1;shar_pacto_perda;nyrelia;6;0;0;0
CSV;m0;shar_pacto_perda;sylas;1;dagruve;1;5;57;0;18;morreu
KIND;m0;shar_pacto_perda;sylas;1;0;0;0
CSV;m0;shar_pacto_perda;sylas;2;dagruve;1;6;142;0;18;morreu
KIND;m0;shar_pacto_perda;sylas;2;0;0;0
CSV;m0;shar_pacto_perda;sylas;3;dagruve;1;12;340;25;96;passou
CSV;m0;shar_pacto_perda;sylas;3;docas;12;15;297;0;201;morreu
KIND;m0;shar_pacto_perda;sylas;3;0;0;0
CSV;m0;shar_pacto_perda;sylas;4;dagruve;1;5;65;0;18;morreu
KIND;m0;shar_pacto_perda;sylas;4;0;0;0
CSV;m0;shar_pacto_perda;sylas;5;dagruve;1;6;110;0;22;morreu
KIND;m0;shar_pacto_perda;sylas;5;0;0;0
CSV;m0;shar_pacto_perda;sylas;6;dagruve;1;4;51;0;18;morreu
KIND;m0;shar_pacto_perda;sylas;6;0;0;0
CSV;m1;shar_pacto_perda;sylas;1;dagruve;1;12;419;3;115;passou
CSV;m1;shar_pacto_perda;sylas;1;docas;12;16;513;39;187;passou
CSV;m1;shar_pacto_perda;sylas;1;shedaklah;16;17;407;0;168;morreu
KIND;m1;shar_pacto_perda;sylas;1;0;0;0
CSV;m1;shar_pacto_perda;sylas;2;dagruve;1;6;104;0;26;morreu
KIND;m1;shar_pacto_perda;sylas;2;0;0;0
CSV;m1;shar_pacto_perda;sylas;3;dagruve;1;11;345;23;88;passou
CSV;m1;shar_pacto_perda;sylas;3;docas;11;12;59;0;51;morreu
KIND;m1;shar_pacto_perda;sylas;3;0;0;0
CSV;m1;shar_pacto_perda;sylas;4;dagruve;1;9;157;0;26;morreu
KIND;m1;shar_pacto_perda;sylas;4;0;0;0
CSV;m1;shar_pacto_perda;sylas;5;dagruve;1;5;94;0;28;morreu
KIND;m1;shar_pacto_perda;sylas;5;0;0;0
CSV;m1;shar_pacto_perda;sylas;6;dagruve;1;6;110;0;30;morreu
KIND;m1;shar_pacto_perda;sylas;6;0;0;0
CSV;m0;shar_pacto_perda;zynara;1;dagruve;1;4;163;0;16;morreu
KIND;m0;shar_pacto_perda;zynara;1;0;0;0
CSV;m0;shar_pacto_perda;zynara;2;dagruve;1;7;311;0;89;morreu
KIND;m0;shar_pacto_perda;zynara;2;0;0;0
CSV;m0;shar_pacto_perda;zynara;3;dagruve;1;2;40;0;16;morreu
KIND;m0;shar_pacto_perda;zynara;3;0;0;0
CSV;m0;shar_pacto_perda;zynara;4;dagruve;1;4;152;0;16;morreu
KIND;m0;shar_pacto_perda;zynara;4;0;0;0
CSV;m0;shar_pacto_perda;zynara;5;dagruve;1;2;111;0;16;morreu
KIND;m0;shar_pacto_perda;zynara;5;0;0;0
CSV;m0;shar_pacto_perda;zynara;6;dagruve;1;2;57;0;17;morreu
KIND;m0;shar_pacto_perda;zynara;6;0;0;0
CSV;m1;shar_pacto_perda;zynara;1;dagruve;1;3;50;0;27;morreu
KIND;m1;shar_pacto_perda;zynara;1;0;0;0
CSV;m1;shar_pacto_perda;zynara;2;dagruve;1;4;114;0;30;morreu
KIND;m1;shar_pacto_perda;zynara;2;0;0;0
CSV;m1;shar_pacto_perda;zynara;3;dagruve;1;3;67;0;30;morreu
KIND;m1;shar_pacto_perda;zynara;3;0;0;0
CSV;m1;shar_pacto_perda;zynara;4;dagruve;1;3;96;0;24;morreu
KIND;m1;shar_pacto_perda;zynara;4;0;0;0
CSV;m1;shar_pacto_perda;zynara;5;dagruve;1;3;95;0;26;morreu
KIND;m1;shar_pacto_perda;zynara;5;0;0;0
CSV;m1;shar_pacto_perda;zynara;6;dagruve;1;9;333;13;59;passou
CSV;m1;shar_pacto_perda;zynara;6;docas;9;10;92;0;33;morreu
KIND;m1;shar_pacto_perda;zynara;6;0;0;0
CSV;m0;shar_veu_noite;bromnor;1;dagruve;1;8;557;0;60;morreu
KIND;m0;shar_veu_noite;bromnor;1;0;0;0
CSV;m0;shar_veu_noite;bromnor;2;dagruve;1;12;2410;58;249;passou
CSV;m0;shar_veu_noite;bromnor;2;docas;12;13;481;75;64;passou
CSV;m0;shar_veu_noite;bromnor;2;shedaklah;13;15;1541;0;394;morreu
KIND;m0;shar_veu_noite;bromnor;2;0;0;0
CSV;m0;shar_veu_noite;bromnor;3;dagruve;1;8;1065;66;73;passou
CSV;m0;shar_veu_noite;bromnor;3;docas;8;11;770;42;197;passou
CSV;m0;shar_veu_noite;bromnor;3;shedaklah;11;13;1751;0;422;morreu
KIND;m0;shar_veu_noite;bromnor;3;0;0;0
CSV;m0;shar_veu_noite;bromnor;4;dagruve;1;12;1917;58;286;passou
CSV;m0;shar_veu_noite;bromnor;4;docas;12;14;725;35;251;passou
CSV;m0;shar_veu_noite;bromnor;4;shedaklah;14;15;706;0;160;morreu
KIND;m0;shar_veu_noite;bromnor;4;0;0;0
CSV;m0;shar_veu_noite;bromnor;5;dagruve;1;12;2080;52;254;passou
CSV;m0;shar_veu_noite;bromnor;5;docas;12;13;259;0;142;morreu
KIND;m0;shar_veu_noite;bromnor;5;0;0;0
CSV;m0;shar_veu_noite;bromnor;6;dagruve;1;11;631;30;57;passou
CSV;m0;shar_veu_noite;bromnor;6;docas;11;15;460;23;122;passou
CSV;m0;shar_veu_noite;bromnor;6;shedaklah;15;18;487;0;147;morreu
KIND;m0;shar_veu_noite;bromnor;6;0;0;0
CSV;m1;shar_veu_noite;bromnor;1;dagruve;1;13;1091;51;71;passou
CSV;m1;shar_veu_noite;bromnor;1;docas;13;14;531;0;164;morreu
KIND;m1;shar_veu_noite;bromnor;1;0;0;0
CSV;m1;shar_veu_noite;bromnor;2;dagruve;1;12;328;80;48;passou
CSV;m1;shar_veu_noite;bromnor;2;docas;12;13;168;0;83;morreu
KIND;m1;shar_veu_noite;bromnor;2;0;0;0
CSV;m1;shar_veu_noite;bromnor;3;dagruve;1;11;495;71;38;passou
CSV;m1;shar_veu_noite;bromnor;3;docas;11;12;158;0;107;morreu
KIND;m1;shar_veu_noite;bromnor;3;0;0;0
CSV;m1;shar_veu_noite;bromnor;4;dagruve;1;11;1723;55;201;passou
CSV;m1;shar_veu_noite;bromnor;4;docas;11;13;667;53;123;passou
CSV;m1;shar_veu_noite;bromnor;4;shedaklah;13;14;758;0;236;morreu
KIND;m1;shar_veu_noite;bromnor;4;0;0;0
CSV;m1;shar_veu_noite;bromnor;5;dagruve;1;11;1493;83;142;passou
CSV;m1;shar_veu_noite;bromnor;5;docas;11;14;631;39;196;passou
CSV;m1;shar_veu_noite;bromnor;5;shedaklah;14;19;6876;4;3137;cap_tempo
KIND;m1;shar_veu_noite;bromnor;5;0;0;0
CSV;m1;shar_veu_noite;bromnor;6;dagruve;1;13;1612;40;197;passou
CSV;m1;shar_veu_noite;bromnor;6;docas;13;14;119;0;69;morreu
KIND;m1;shar_veu_noite;bromnor;6;0;0;0
CSV;m0;shar_veu_noite;brook;1;dagruve;1;5;303;0;56;morreu
KIND;m0;shar_veu_noite;brook;1;0;0;0
CSV;m0;shar_veu_noite;brook;2;dagruve;1;5;392;0;40;morreu
KIND;m0;shar_veu_noite;brook;2;0;0;0
CSV;m0;shar_veu_noite;brook;3;dagruve;1;3;206;0;42;morreu
KIND;m0;shar_veu_noite;brook;3;0;0;0
CSV;m0;shar_veu_noite;brook;4;dagruve;1;5;650;0;90;morreu
KIND;m0;shar_veu_noite;brook;4;0;0;0
CSV;m0;shar_veu_noite;brook;5;dagruve;1;5;533;0;44;morreu
KIND;m0;shar_veu_noite;brook;5;0;0;0
CSV;m0;shar_veu_noite;brook;6;dagruve;1;3;53;0;40;morreu
KIND;m0;shar_veu_noite;brook;6;0;0;0
CSV;m1;shar_veu_noite;brook;1;dagruve;1;14;1810;0;429;passou
CSV;m1;shar_veu_noite;brook;1;docas;14;14;72;0;68;morreu
KIND;m1;shar_veu_noite;brook;1;0;0;0
CSV;m1;shar_veu_noite;brook;2;dagruve;1;11;638;28;58;passou
CSV;m1;shar_veu_noite;brook;2;docas;11;14;592;45;232;passou
CSV;m1;shar_veu_noite;brook;2;shedaklah;14;14;49;0;51;morreu
KIND;m1;shar_veu_noite;brook;2;0;0;0
CSV;m1;shar_veu_noite;brook;3;dagruve;1;4;55;0;48;morreu
KIND;m1;shar_veu_noite;brook;3;0;0;0
CSV;m1;shar_veu_noite;brook;4;dagruve;1;11;2701;19;358;passou
CSV;m1;shar_veu_noite;brook;4;docas;11;12;721;28;113;passou
CSV;m1;shar_veu_noite;brook;4;shedaklah;12;12;43;0;53;morreu
KIND;m1;shar_veu_noite;brook;4;0;0;0
CSV;m1;shar_veu_noite;brook;5;dagruve;1;11;817;27;141;passou
CSV;m1;shar_veu_noite;brook;5;docas;11;14;750;43;314;passou
CSV;m1;shar_veu_noite;brook;5;shedaklah;14;15;360;0;229;morreu
KIND;m1;shar_veu_noite;brook;5;0;0;0
CSV;m1;shar_veu_noite;brook;6;dagruve;1;10;1737;68;192;passou
CSV;m1;shar_veu_noite;brook;6;docas;10;12;958;46;235;passou
CSV;m1;shar_veu_noite;brook;6;shedaklah;12;12;494;0;138;morreu
KIND;m1;shar_veu_noite;brook;6;0;0;0
CSV;m0;shar_veu_noite;durvall;1;dagruve;1;3;146;0;38;morreu
KIND;m0;shar_veu_noite;durvall;1;0;0;0
CSV;m0;shar_veu_noite;durvall;2;dagruve;1;3;288;0;53;morreu
KIND;m0;shar_veu_noite;durvall;2;0;0;0
CSV;m0;shar_veu_noite;durvall;3;dagruve;1;3;128;0;38;morreu
KIND;m0;shar_veu_noite;durvall;3;0;0;0
CSV;m0;shar_veu_noite;durvall;4;dagruve;1;11;1407;26;354;passou
CSV;m0;shar_veu_noite;durvall;4;docas;11;11;572;13;206;passou
CSV;m0;shar_veu_noite;durvall;4;shedaklah;11;12;896;0;441;morreu
KIND;m0;shar_veu_noite;durvall;4;0;0;0
CSV;m0;shar_veu_noite;durvall;5;dagruve;1;7;790;0;184;morreu
KIND;m0;shar_veu_noite;durvall;5;0;0;0
CSV;m0;shar_veu_noite;durvall;6;dagruve;1;2;38;0;38;morreu
KIND;m0;shar_veu_noite;durvall;6;0;0;0
CSV;m1;shar_veu_noite;durvall;1;dagruve;1;4;196;0;46;morreu
KIND;m1;shar_veu_noite;durvall;1;0;0;0
CSV;m1;shar_veu_noite;durvall;2;dagruve;1;12;2048;0;760;morreu
KIND;m1;shar_veu_noite;durvall;2;0;0;0
CSV;m1;shar_veu_noite;durvall;3;dagruve;1;3;51;0;46;morreu
KIND;m1;shar_veu_noite;durvall;3;0;0;0
CSV;m1;shar_veu_noite;durvall;4;dagruve;1;11;1700;0;360;morreu
KIND;m1;shar_veu_noite;durvall;4;0;0;0
CSV;m1;shar_veu_noite;durvall;5;dagruve;1;10;1266;0;129;morreu
KIND;m1;shar_veu_noite;durvall;5;0;0;0
CSV;m1;shar_veu_noite;durvall;6;dagruve;1;13;3109;0;1206;morreu
KIND;m1;shar_veu_noite;durvall;6;0;0;0
CSV;m0;shar_veu_noite;kayron;1;dagruve;1;7;292;0;38;morreu
KIND;m0;shar_veu_noite;kayron;1;0;0;0
CSV;m0;shar_veu_noite;kayron;2;dagruve;1;4;69;0;50;morreu
KIND;m0;shar_veu_noite;kayron;2;0;0;0
CSV;m0;shar_veu_noite;kayron;3;dagruve;1;14;1167;62;288;passou
CSV;m0;shar_veu_noite;kayron;3;docas;14;17;373;71;125;passou
CSV;m0;shar_veu_noite;kayron;3;shedaklah;17;21;917;0;437;morreu
KIND;m0;shar_veu_noite;kayron;3;0;0;0
CSV;m0;shar_veu_noite;kayron;4;dagruve;1;2;87;0;38;morreu
KIND;m0;shar_veu_noite;kayron;4;0;0;0
CSV;m0;shar_veu_noite;kayron;5;dagruve;1;11;817;38;118;passou
CSV;m0;shar_veu_noite;kayron;5;docas;11;11;70;0;45;morreu
KIND;m0;shar_veu_noite;kayron;5;0;0;0
CSV;m0;shar_veu_noite;kayron;6;dagruve;1;7;446;7;100;passou
CSV;m0;shar_veu_noite;kayron;6;docas;7;16;360;63;148;passou
CSV;m0;shar_veu_noite;kayron;6;shedaklah;16;23;568;43;261;passou
CSV;m0;shar_veu_noite;kayron;6;molor;23;31;630;0;628;morreu
KIND;m0;shar_veu_noite;kayron;6;0;0;0
CSV;m1;shar_veu_noite;kayron;1;dagruve;1;5;207;0;58;morreu
KIND;m1;shar_veu_noite;kayron;1;0;0;0
CSV;m1;shar_veu_noite;kayron;2;dagruve;1;5;72;0;50;morreu
KIND;m1;shar_veu_noite;kayron;2;0;0;0
CSV;m1;shar_veu_noite;kayron;3;dagruve;1;4;80;0;46;morreu
KIND;m1;shar_veu_noite;kayron;3;0;0;0
CSV;m1;shar_veu_noite;kayron;4;dagruve;1;11;773;39;231;passou
CSV;m1;shar_veu_noite;kayron;4;docas;11;15;556;47;339;passou
CSV;m1;shar_veu_noite;kayron;4;shedaklah;15;23;1965;13;1391;passou
CSV;m1;shar_veu_noite;kayron;4;molor;23;28;779;0;819;morreu
KIND;m1;shar_veu_noite;kayron;4;0;0;0
CSV;m1;shar_veu_noite;kayron;5;dagruve;1;7;162;0;46;morreu
KIND;m1;shar_veu_noite;kayron;5;0;0;0
CSV;m1;shar_veu_noite;kayron;6;dagruve;1;12;366;41;59;passou
CSV;m1;shar_veu_noite;kayron;6;docas;12;16;388;38;163;passou
CSV;m1;shar_veu_noite;kayron;6;shedaklah;16;19;834;0;228;morreu
KIND;m1;shar_veu_noite;kayron;6;0;0;0
CSV;m0;shar_veu_noite;korrak;1;dagruve;1;13;1346;54;336;passou
CSV;m0;shar_veu_noite;korrak;1;docas;13;15;406;49;264;passou
CSV;m0;shar_veu_noite;korrak;1;shedaklah;15;20;4059;0;1885;morreu
KIND;m0;shar_veu_noite;korrak;1;0;0;0
CSV;m0;shar_veu_noite;korrak;2;dagruve;1;8;565;77;97;passou
CSV;m0;shar_veu_noite;korrak;2;docas;8;12;602;53;354;passou
CSV;m0;shar_veu_noite;korrak;2;shedaklah;12;24;4959;0;5312;morreu
KIND;m0;shar_veu_noite;korrak;2;0;0;0
CSV;m0;shar_veu_noite;korrak;3;dagruve;1;11;665;61;193;passou
CSV;m0;shar_veu_noite;korrak;3;docas;11;14;519;50;199;passou
CSV;m0;shar_veu_noite;korrak;3;shedaklah;14;17;1589;0;1169;morreu
KIND;m0;shar_veu_noite;korrak;3;0;0;0
CSV;m0;shar_veu_noite;korrak;4;dagruve;1;12;862;58;187;passou
CSV;m0;shar_veu_noite;korrak;4;docas;12;16;373;79;128;passou
CSV;m0;shar_veu_noite;korrak;4;shedaklah;16;19;1221;0;882;morreu
KIND;m0;shar_veu_noite;korrak;4;0;0;0
CSV;m0;shar_veu_noite;korrak;5;dagruve;1;10;686;73;74;passou
CSV;m0;shar_veu_noite;korrak;5;docas;10;14;418;63;145;passou
CSV;m0;shar_veu_noite;korrak;5;shedaklah;14;19;1314;0;801;morreu
KIND;m0;shar_veu_noite;korrak;5;0;0;0
CSV;m0;shar_veu_noite;korrak;6;dagruve;1;11;820;67;256;passou
CSV;m0;shar_veu_noite;korrak;6;docas;11;15;495;43;512;passou
CSV;m0;shar_veu_noite;korrak;6;shedaklah;15;18;1741;0;1023;morreu
KIND;m0;shar_veu_noite;korrak;6;0;0;0
CSV;m1;shar_veu_noite;korrak;1;dagruve;1;11;1041;76;252;passou
CSV;m1;shar_veu_noite;korrak;1;docas;11;14;471;48;244;passou
CSV;m1;shar_veu_noite;korrak;1;shedaklah;14;19;1801;0;799;morreu
KIND;m1;shar_veu_noite;korrak;1;0;0;0
CSV;m1;shar_veu_noite;korrak;2;dagruve;1;11;992;73;265;passou
CSV;m1;shar_veu_noite;korrak;2;docas;11;14;580;44;363;passou
CSV;m1;shar_veu_noite;korrak;2;shedaklah;14;17;975;0;500;morreu
KIND;m1;shar_veu_noite;korrak;2;0;0;0
CSV;m1;shar_veu_noite;korrak;3;dagruve;1;9;344;66;75;passou
CSV;m1;shar_veu_noite;korrak;3;docas;9;15;384;66;156;passou
CSV;m1;shar_veu_noite;korrak;3;shedaklah;15;27;4926;0;5554;morreu
KIND;m1;shar_veu_noite;korrak;3;0;0;0
CSV;m1;shar_veu_noite;korrak;4;dagruve;1;13;1222;62;376;passou
CSV;m1;shar_veu_noite;korrak;4;docas;13;15;438;2;245;passou
CSV;m1;shar_veu_noite;korrak;4;shedaklah;15;19;1597;0;1696;morreu
KIND;m1;shar_veu_noite;korrak;4;0;0;0
CSV;m1;shar_veu_noite;korrak;5;dagruve;1;14;1997;66;522;passou
CSV;m1;shar_veu_noite;korrak;5;docas;14;16;722;31;276;passou
CSV;m1;shar_veu_noite;korrak;5;shedaklah;16;18;941;0;422;morreu
KIND;m1;shar_veu_noite;korrak;5;0;0;0
CSV;m1;shar_veu_noite;korrak;6;dagruve;1;10;485;76;71;passou
CSV;m1;shar_veu_noite;korrak;6;docas;10;15;422;23;281;passou
CSV;m1;shar_veu_noite;korrak;6;shedaklah;15;36;8094;20;9521;cap_tempo
KIND;m1;shar_veu_noite;korrak;6;0;0;0
CSV;m0;shar_veu_noite;leoric;1;dagruve;1;11;756;5;200;passou
CSV;m0;shar_veu_noite;leoric;1;docas;11;12;62;0;65;morreu
KIND;m0;shar_veu_noite;leoric;1;0;0;0
CSV;m0;shar_veu_noite;leoric;2;dagruve;1;3;51;0;40;morreu
KIND;m0;shar_veu_noite;leoric;2;0;0;0
CSV;m0;shar_veu_noite;leoric;3;dagruve;1;2;93;0;38;morreu
KIND;m0;shar_veu_noite;leoric;3;0;0;0
CSV;m0;shar_veu_noite;leoric;4;dagruve;1;12;873;39;183;passou
CSV;m0;shar_veu_noite;leoric;4;docas;12;13;68;0;49;morreu
KIND;m0;shar_veu_noite;leoric;4;0;0;0
CSV;m0;shar_veu_noite;leoric;5;dagruve;1;2;50;0;34;morreu
KIND;m0;shar_veu_noite;leoric;5;0;0;0
CSV;m0;shar_veu_noite;leoric;6;dagruve;1;15;334;77;51;passou
CSV;m0;shar_veu_noite;leoric;6;docas;15;18;648;51;166;passou
CSV;m0;shar_veu_noite;leoric;6;shedaklah;18;20;788;0;374;morreu
KIND;m0;shar_veu_noite;leoric;6;0;0;0
CSV;m1;shar_veu_noite;leoric;1;dagruve;1;12;562;11;119;passou
CSV;m1;shar_veu_noite;leoric;1;docas;12;14;407;20;163;passou
CSV;m1;shar_veu_noite;leoric;1;shedaklah;14;14;75;0;65;morreu
KIND;m1;shar_veu_noite;leoric;1;0;0;0
CSV;m1;shar_veu_noite;leoric;2;dagruve;1;10;515;68;162;passou
CSV;m1;shar_veu_noite;leoric;2;docas;10;11;133;0;50;morreu
KIND;m1;shar_veu_noite;leoric;2;0;0;0
CSV;m1;shar_veu_noite;leoric;3;dagruve;1;10;619;39;149;passou
CSV;m1;shar_veu_noite;leoric;3;docas;10;13;478;0;260;morreu
KIND;m1;shar_veu_noite;leoric;3;0;0;0
CSV;m1;shar_veu_noite;leoric;4;dagruve;1;7;221;0;40;morreu
KIND;m1;shar_veu_noite;leoric;4;0;0;0
CSV;m1;shar_veu_noite;leoric;5;dagruve;1;5;135;0;59;morreu
KIND;m1;shar_veu_noite;leoric;5;0;0;0
CSV;m1;shar_veu_noite;leoric;6;dagruve;1;11;137;0;48;morreu
KIND;m1;shar_veu_noite;leoric;6;0;0;0
CSV;m0;shar_veu_noite;maelor;1;dagruve;1;11;344;74;84;?
KIND;m0;shar_veu_noite;maelor;1;0;0;0
CSV;m0;shar_veu_noite;maelor;2;dagruve;1;11;663;43;177;passou
CSV;m0;shar_veu_noite;maelor;2;docas;11;14;459;55;212;passou
CSV;m0;shar_veu_noite;maelor;2;shedaklah;14;19;1290;0;462;morreu
KIND;m0;shar_veu_noite;maelor;2;0;0;0
CSV;m0;shar_veu_noite;maelor;3;dagruve;1;7;235;0;125;morreu
KIND;m0;shar_veu_noite;maelor;3;0;0;0
CSV;m0;shar_veu_noite;maelor;4;dagruve;1;10;385;57;95;passou
CSV;m0;shar_veu_noite;maelor;4;docas;10;11;80;0;58;morreu
KIND;m0;shar_veu_noite;maelor;4;0;0;0
CSV;m0;shar_veu_noite;maelor;5;dagruve;1;10;356;36;91;passou
CSV;m0;shar_veu_noite;maelor;5;docas;10;15;372;26;171;passou
CSV;m0;shar_veu_noite;maelor;5;shedaklah;15;23;711;4;372;passou
CSV;m0;shar_veu_noite;maelor;5;molor;23;28;888;48;601;passou
KIND;m0;shar_veu_noite;maelor;5;0;0;0
CSV;m0;shar_veu_noite;maelor;6;dagruve;1;11;330;71;84;passou
CSV;m0;shar_veu_noite;maelor;6;docas;11;12;74;0;45;morreu
KIND;m0;shar_veu_noite;maelor;6;0;0;0
CSV;m1;shar_veu_noite;maelor;1;dagruve;1;12;730;57;99;passou
CSV;m1;shar_veu_noite;maelor;1;docas;12;15;560;61;137;passou
CSV;m1;shar_veu_noite;maelor;1;shedaklah;15;17;889;0;192;morreu
KIND;m1;shar_veu_noite;maelor;1;0;0;0
CSV;m1;shar_veu_noite;maelor;2;dagruve;1;2;49;0;52;morreu
KIND;m1;shar_veu_noite;maelor;2;0;0;0
CSV;m1;shar_veu_noite;maelor;3;dagruve;1;12;603;18;152;passou
CSV;m1;shar_veu_noite;maelor;3;docas;12;14;497;15;241;passou
CSV;m1;shar_veu_noite;maelor;3;shedaklah;14;14;47;0;49;morreu
KIND;m1;shar_veu_noite;maelor;3;0;0;0
CSV;m1;shar_veu_noite;maelor;4;dagruve;1;11;781;37;183;passou
CSV;m1;shar_veu_noite;maelor;4;docas;11;14;587;18;299;passou
CSV;m1;shar_veu_noite;maelor;4;shedaklah;14;16;546;0;344;morreu
KIND;m1;shar_veu_noite;maelor;4;0;0;0
CSV;m1;shar_veu_noite;maelor;5;dagruve;1;13;867;55;253;passou
CSV;m1;shar_veu_noite;maelor;5;docas;13;16;705;23;341;passou
CSV;m1;shar_veu_noite;maelor;5;shedaklah;16;18;895;0;584;morreu
KIND;m1;shar_veu_noite;maelor;5;0;0;0
CSV;m1;shar_veu_noite;maelor;6;dagruve;1;10;558;80;83;passou
CSV;m1;shar_veu_noite;maelor;6;docas;10;16;373;37;285;passou
CSV;m1;shar_veu_noite;maelor;6;shedaklah;16;23;669;31;353;passou
CSV;m1;shar_veu_noite;maelor;6;molor;23;25;192;0;144;morreu
KIND;m1;shar_veu_noite;maelor;6;0;0;0
CSV;m0;shar_veu_noite;nyrelia;1;dagruve;1;2;128;0;32;morreu
KIND;m0;shar_veu_noite;nyrelia;1;0;0;0
CSV;m0;shar_veu_noite;nyrelia;2;dagruve;1;7;473;0;45;morreu
KIND;m0;shar_veu_noite;nyrelia;2;0;0;0
CSV;m0;shar_veu_noite;nyrelia;3;dagruve;1;1;50;0;32;morreu
KIND;m0;shar_veu_noite;nyrelia;3;0;0;0
CSV;m0;shar_veu_noite;nyrelia;4;dagruve;1;5;263;0;34;morreu
KIND;m0;shar_veu_noite;nyrelia;4;0;0;0
CSV;m0;shar_veu_noite;nyrelia;5;dagruve;1;1;82;0;32;morreu
KIND;m0;shar_veu_noite;nyrelia;5;0;0;0
CSV;m0;shar_veu_noite;nyrelia;6;dagruve;1;2;139;0;32;morreu
KIND;m0;shar_veu_noite;nyrelia;6;0;0;0
CSV;m1;shar_veu_noite;nyrelia;1;dagruve;1;5;363;0;53;morreu
KIND;m1;shar_veu_noite;nyrelia;1;0;0;0
CSV;m1;shar_veu_noite;nyrelia;2;dagruve;1;4;294;0;50;morreu
KIND;m1;shar_veu_noite;nyrelia;2;0;0;0
CSV;m1;shar_veu_noite;nyrelia;3;dagruve;1;7;562;0;139;morreu
KIND;m1;shar_veu_noite;nyrelia;3;0;0;0
CSV;m1;shar_veu_noite;nyrelia;4;dagruve;1;1;52;0;40;morreu
KIND;m1;shar_veu_noite;nyrelia;4;0;0;0
CSV;m1;shar_veu_noite;nyrelia;5;dagruve;1;7;614;0;196;morreu
KIND;m1;shar_veu_noite;nyrelia;5;0;0;0
CSV;m1;shar_veu_noite;nyrelia;6;dagruve;1;1;60;0;40;morreu
KIND;m1;shar_veu_noite;nyrelia;6;0;0;0
CSV;m0;shar_veu_noite;sylas;1;dagruve;1;12;335;76;47;passou
CSV;m0;shar_veu_noite;sylas;1;docas;12;16;393;11;130;passou
CSV;m0;shar_veu_noite;sylas;1;shedaklah;16;22;690;70;187;passou
CSV;m0;shar_veu_noite;sylas;1;molor;22;23;139;0;84;morreu
KIND;m0;shar_veu_noite;sylas;1;0;0;0
CSV;m0;shar_veu_noite;sylas;2;dagruve;1;12;325;38;62;passou
CSV;m0;shar_veu_noite;sylas;2;docas;12;16;418;55;99;passou
CSV;m0;shar_veu_noite;sylas;2;shedaklah;16;18;267;0;183;morreu
KIND;m0;shar_veu_noite;sylas;2;0;0;0
CSV;m0;shar_veu_noite;sylas;3;dagruve;1;12;347;35;115;passou
CSV;m0;shar_veu_noite;sylas;3;docas;12;14;126;0;61;morreu
KIND;m0;shar_veu_noite;sylas;3;0;0;0
CSV;m0;shar_veu_noite;sylas;4;dagruve;1;8;136;0;42;morreu
KIND;m0;shar_veu_noite;sylas;4;0;0;0
CSV;m0;shar_veu_noite;sylas;5;dagruve;1;12;336;41;80;?
KIND;m0;shar_veu_noite;sylas;5;0;0;0
CSV;m0;shar_veu_noite;sylas;6;dagruve;1;5;93;0;36;morreu
KIND;m0;shar_veu_noite;sylas;6;0;0;0
CSV;m1;shar_veu_noite;sylas;1;dagruve;1;13;456;74;81;passou
CSV;m1;shar_veu_noite;sylas;1;docas;13;14;114;0;103;morreu
KIND;m1;shar_veu_noite;sylas;1;0;0;0
CSV;m1;shar_veu_noite;sylas;2;dagruve;1;11;459;64;61;passou
CSV;m1;shar_veu_noite;sylas;2;docas;11;15;390;48;149;passou
CSV;m1;shar_veu_noite;sylas;2;shedaklah;15;20;738;0;329;morreu
KIND;m1;shar_veu_noite;sylas;2;0;0;0
CSV;m1;shar_veu_noite;sylas;3;dagruve;1;4;82;0;44;morreu
KIND;m1;shar_veu_noite;sylas;3;0;0;0
CSV;m1;shar_veu_noite;sylas;4;dagruve;1;6;117;0;44;morreu
KIND;m1;shar_veu_noite;sylas;4;0;0;0
CSV;m1;shar_veu_noite;sylas;5;dagruve;1;10;219;0;46;morreu
KIND;m1;shar_veu_noite;sylas;5;0;0;0
CSV;m1;shar_veu_noite;sylas;6;dagruve;1;11;459;64;82;passou
CSV;m1;shar_veu_noite;sylas;6;docas;11;15;523;35;233;passou
CSV;m1;shar_veu_noite;sylas;6;shedaklah;15;15;95;0;81;morreu
KIND;m1;shar_veu_noite;sylas;6;0;0;0
CSV;m0;shar_veu_noite;zynara;1;dagruve;1;12;368;14;110;passou
CSV;m0;shar_veu_noite;zynara;1;docas;12;17;437;12;223;passou
CSV;m0;shar_veu_noite;zynara;1;shedaklah;17;21;721;0;352;morreu
KIND;m0;shar_veu_noite;zynara;1;0;0;0
CSV;m0;shar_veu_noite;zynara;2;dagruve;1;3;68;0;40;morreu
KIND;m0;shar_veu_noite;zynara;2;0;0;0
CSV;m0;shar_veu_noite;zynara;3;dagruve;1;9;484;32;62;passou
CSV;m0;shar_veu_noite;zynara;3;docas;9;10;95;0;38;morreu
KIND;m0;shar_veu_noite;zynara;3;0;0;0
CSV;m0;shar_veu_noite;zynara;4;dagruve;1;4;312;0;43;morreu
KIND;m0;shar_veu_noite;zynara;4;0;0;0
CSV;m0;shar_veu_noite;zynara;5;dagruve;1;2;190;0;34;morreu
KIND;m0;shar_veu_noite;zynara;5;0;0;0
CSV;m0;shar_veu_noite;zynara;6;dagruve;1;13;2243;13;519;passou
CSV;m0;shar_veu_noite;zynara;6;docas;13;14;502;0;129;morreu
KIND;m0;shar_veu_noite;zynara;6;0;0;0
CSV;m1;shar_veu_noite;zynara;1;dagruve;1;3;86;0;50;morreu
KIND;m1;shar_veu_noite;zynara;1;0;0;0
CSV;m1;shar_veu_noite;zynara;2;dagruve;1;8;158;0;46;morreu
KIND;m1;shar_veu_noite;zynara;2;0;0;0
CSV;m1;shar_veu_noite;zynara;3;dagruve;1;4;211;0;42;morreu
KIND;m1;shar_veu_noite;zynara;3;0;0;0
CSV;m1;shar_veu_noite;zynara;4;dagruve;1;8;263;0;42;morreu
KIND;m1;shar_veu_noite;zynara;4;0;0;0
CSV;m1;shar_veu_noite;zynara;5;dagruve;1;11;510;52;96;passou
CSV;m1;shar_veu_noite;zynara;5;docas;11;16;621;26;160;passou
CSV;m1;shar_veu_noite;zynara;5;shedaklah;16;19;1146;0;566;morreu
KIND;m1;shar_veu_noite;zynara;5;0;0;0
CSV;m1;shar_veu_noite;zynara;6;dagruve;1;11;501;77;78;passou
CSV;m1;shar_veu_noite;zynara;6;docas;11;15;505;72;72;passou
CSV;m1;shar_veu_noite;zynara;6;shedaklah;15;18;1183;0;403;morreu
KIND;m1;shar_veu_noite;zynara;6;0;0;0
