CSV;m0;ghaunadaur_fome;bromnor;1;dagruve;1;4;66;0;68;morreu
KIND;m0;ghaunadaur_fome;bromnor;1;0;0;0
CSV;m0;ghaunadaur_fome;bromnor;2;dagruve;1;14;2084;15;505;passou
CSV;m0;ghaunadaur_fome;bromnor;2;docas;14;16;507;8;112;passou
CSV;m0;ghaunadaur_fome;bromnor;2;shedaklah;16;17;458;0;169;morreu
KIND;m0;ghaunadaur_fome;bromnor;2;0;0;0
CSV;m0;ghaunadaur_fome;bromnor;3;dagruve;1;12;1645;55;186;passou
CSV;m0;ghaunadaur_fome;bromnor;3;docas;12;14;580;73;84;passou
CSV;m0;ghaunadaur_fome;bromnor;3;shedaklah;14;16;559;0;101;morreu
KIND;m0;ghaunadaur_fome;bromnor;3;0;0;0
CSV;m0;ghaunadaur_fome;bromnor;4;dagruve;1;13;1517;25;192;passou
CSV;m0;ghaunadaur_fome;bromnor;4;docas;13;16;502;28;183;passou
CSV;m0;ghaunadaur_fome;bromnor;4;shedaklah;16;21;624;0;412;morreu
KIND;m0;ghaunadaur_fome;bromnor;4;0;0;0
CSV;m0;ghaunadaur_fome;bromnor;5;dagruve;1;10;504;29;85;passou
CSV;m0;ghaunadaur_fome;bromnor;5;docas;10;17;398;78;66;passou
CSV;m0;ghaunadaur_fome;bromnor;5;shedaklah;17;22;599;0;232;morreu
KIND;m0;ghaunadaur_fome;bromnor;5;0;0;0
CSV;m0;ghaunadaur_fome;bromnor;6;dagruve;1;13;2245;17;387;passou
CSV;m0;ghaunadaur_fome;bromnor;6;docas;13;15;784;32;195;passou
CSV;m0;ghaunadaur_fome;bromnor;6;shedaklah;15;17;1198;0;234;morreu
KIND;m0;ghaunadaur_fome;bromnor;6;0;0;0
CSV;m1;ghaunadaur_fome;bromnor;1;dagruve;1;12;1449;52;242;passou
CSV;m1;ghaunadaur_fome;bromnor;1;docas;12;16;434;67;87;passou
CSV;m1;ghaunadaur_fome;bromnor;1;shedaklah;16;24;1086;0;813;morreu
KIND;m1;ghaunadaur_fome;bromnor;1;0;0;0
CSV;m1;ghaunadaur_fome;bromnor;2;dagruve;1;12;868;74;129;passou
CSV;m1;ghaunadaur_fome;bromnor;2;docas;12;16;578;32;204;passou
CSV;m1;ghaunadaur_fome;bromnor;2;shedaklah;16;19;713;0;392;morreu
KIND;m1;ghaunadaur_fome;bromnor;2;0;0;0
CSV;m1;ghaunadaur_fome;bromnor;3;dagruve;1;12;736;59;101;passou
CSV;m1;ghaunadaur_fome;bromnor;3;docas;12;16;623;68;104;passou
CSV;m1;ghaunadaur_fome;bromnor;3;shedaklah;16;19;897;0;249;morreu
KIND;m1;ghaunadaur_fome;bromnor;3;0;0;0
CSV;m1;ghaunadaur_fome;bromnor;4;dagruve;1;10;571;62;81;passou
CSV;m1;ghaunadaur_fome;bromnor;4;docas;10;14;554;68;121;passou
CSV;m1;ghaunadaur_fome;bromnor;4;shedaklah;14;15;448;0;107;morreu
KIND;m1;ghaunadaur_fome;bromnor;4;0;0;0
CSV;m1;ghaunadaur_fome;bromnor;5;dagruve;1;12;1607;59;243;passou
CSV;m1;ghaunadaur_fome;bromnor;5;docas;12;15;447;73;96;passou
CSV;m1;ghaunadaur_fome;bromnor;5;shedaklah;15;19;3162;0;954;morreu
KIND;m1;ghaunadaur_fome;bromnor;5;0;0;0
CSV;m1;ghaunadaur_fome;bromnor;6;dagruve;1;9;706;59;98;passou
CSV;m1;ghaunadaur_fome;bromnor;6;docas;9;14;471;32;118;passou
CSV;m1;ghaunadaur_fome;bromnor;6;shedaklah;14;19;563;0;229;morreu
KIND;m1;ghaunadaur_fome;bromnor;6;0;0;0
CSV;m0;ghaunadaur_fome;brook;1;dagruve;1;2;45;0;33;morreu
KIND;m0;ghaunadaur_fome;brook;1;0;0;0
CSV;m0;ghaunadaur_fome;brook;2;dagruve;1;10;629;37;102;passou
CSV;m0;ghaunadaur_fome;brook;2;docas;10;15;527;12;118;passou
CSV;m0;ghaunadaur_fome;brook;2;shedaklah;15;17;418;0;188;morreu
KIND;m0;ghaunadaur_fome;brook;2;0;0;0
CSV;m0;ghaunadaur_fome;brook;3;dagruve;1;2;219;0;40;morreu
KIND;m0;ghaunadaur_fome;brook;3;0;0;0
CSV;m0;ghaunadaur_fome;brook;4;dagruve;1;1;46;0;27;morreu
KIND;m0;ghaunadaur_fome;brook;4;0;0;0
CSV;m0;ghaunadaur_fome;brook;5;dagruve;1;2;53;0;34;morreu
KIND;m0;ghaunadaur_fome;brook;5;0;0;0
CSV;m0;ghaunadaur_fome;brook;6;dagruve;1;11;2391;13;706;passou
CSV;m0;ghaunadaur_fome;brook;6;docas;11;13;838;26;341;passou
CSV;m0;ghaunadaur_fome;brook;6;shedaklah;13;13;38;0;49;morreu
KIND;m0;ghaunadaur_fome;brook;6;0;0;0
CSV;m1;ghaunadaur_fome;brook;1;dagruve;1;11;579;58;58;passou
CSV;m1;ghaunadaur_fome;brook;1;docas;11;14;655;32;181;passou
CSV;m1;ghaunadaur_fome;brook;1;shedaklah;14;15;245;0;92;morreu
KIND;m1;ghaunadaur_fome;brook;1;0;0;0
CSV;m1;ghaunadaur_fome;brook;2;dagruve;1;12;883;60;169;passou
CSV;m1;ghaunadaur_fome;brook;2;docas;12;16;518;0;267;passou
CSV;m1;ghaunadaur_fome;brook;2;shedaklah;16;16;92;0;58;morreu
KIND;m1;ghaunadaur_fome;brook;2;0;0;0
CSV;m1;ghaunadaur_fome;brook;3;dagruve;1;11;1547;30;194;passou
CSV;m1;ghaunadaur_fome;brook;3;docas;11;13;349;0;94;morreu
KIND;m1;ghaunadaur_fome;brook;3;0;0;0
CSV;m1;ghaunadaur_fome;brook;4;dagruve;1;5;571;0;101;morreu
KIND;m1;ghaunadaur_fome;brook;4;0;0;0
CSV;m1;ghaunadaur_fome;brook;5;dagruve;1;2;229;0;42;morreu
KIND;m1;ghaunadaur_fome;brook;5;0;0;0
CSV;m1;ghaunadaur_fome;brook;6;dagruve;1;12;1647;31;416;passou
CSV;m1;ghaunadaur_fome;brook;6;docas;12;13;407;0;86;morreu
KIND;m1;ghaunadaur_fome;brook;6;0;0;0
CSV;m0;ghaunadaur_fome;durvall;1;dagruve;1;3;73;0;28;morreu
KIND;m0;ghaunadaur_fome;durvall;1;0;0;0
CSV;m0;ghaunadaur_fome;durvall;2;dagruve;1;10;742;0;161;morreu
KIND;m0;ghaunadaur_fome;durvall;2;0;0;0
CSV;m0;ghaunadaur_fome;durvall;3;dagruve;1;2;106;0;31;morreu
KIND;m0;ghaunadaur_fome;durvall;3;0;0;0
CSV;m0;ghaunadaur_fome;durvall;4;dagruve;1;5;261;0;75;morreu
KIND;m0;ghaunadaur_fome;durvall;4;0;0;0
CSV;m0;ghaunadaur_fome;durvall;5;dagruve;1;2;97;0;36;morreu
KIND;m0;ghaunadaur_fome;durvall;5;0;0;0
CSV;m0;ghaunadaur_fome;durvall;6;dagruve;1;3;93;0;35;morreu
KIND;m0;ghaunadaur_fome;durvall;6;0;0;0
CSV;m1;ghaunadaur_fome;durvall;1;dagruve;1;4;58;0;44;morreu
KIND;m1;ghaunadaur_fome;durvall;1;0;0;0
CSV;m1;ghaunadaur_fome;durvall;2;dagruve;1;9;743;0;192;morreu
KIND;m1;ghaunadaur_fome;durvall;2;0;0;0
CSV;m1;ghaunadaur_fome;durvall;3;dagruve;1;7;418;0;95;morreu
KIND;m1;ghaunadaur_fome;durvall;3;0;0;0
CSV;m1;ghaunadaur_fome;durvall;4;dagruve;1;4;193;0;63;morreu
KIND;m1;ghaunadaur_fome;durvall;4;0;0;0
CSV;m1;ghaunadaur_fome;durvall;5;dagruve;1;8;412;18;79;passou
CSV;m1;ghaunadaur_fome;durvall;5;docas;8;15;354;0;215;morreu
KIND;m1;ghaunadaur_fome;durvall;5;0;0;0
CSV;m1;ghaunadaur_fome;durvall;6;dagruve;1;9;645;0;222;morreu
KIND;m1;ghaunadaur_fome;durvall;6;0;0;0
CSV;m0;ghaunadaur_fome;kayron;1;dagruve;1;11;407;42;111;passou
CSV;m0;ghaunadaur_fome;kayron;1;docas;11;17;333;61;143;passou
CSV;m0;ghaunadaur_fome;kayron;1;shedaklah;17;25;573;47;249;passou
CSV;m0;ghaunadaur_fome;kayron;1;molor;25;31;705;48;544;passou
KIND;m0;ghaunadaur_fome;kayron;1;0;0;0
CSV;m0;ghaunadaur_fome;kayron;2;dagruve;1;2;51;0;35;morreu
KIND;m0;ghaunadaur_fome;kayron;2;0;0;0
CSV;m0;ghaunadaur_fome;kayron;3;dagruve;1;2;53;0;32;morreu
KIND;m0;ghaunadaur_fome;kayron;3;0;0;0
CSV;m0;ghaunadaur_fome;kayron;4;dagruve;1;11;605;54;131;passou
CSV;m0;ghaunadaur_fome;kayron;4;docas;11;11;53;0;37;morreu
KIND;m0;ghaunadaur_fome;kayron;4;0;0;0
CSV;m0;ghaunadaur_fome;kayron;5;dagruve;1;9;329;69;31;passou
CSV;m0;ghaunadaur_fome;kayron;5;docas;9;16;334;47;101;passou
CSV;m0;ghaunadaur_fome;kayron;5;shedaklah;16;16;35;0;59;morreu
KIND;m0;ghaunadaur_fome;kayron;5;0;0;0
CSV;m0;ghaunadaur_fome;kayron;6;dagruve;1;6;263;0;90;morreu
KIND;m0;ghaunadaur_fome;kayron;6;0;0;0
CSV;m1;ghaunadaur_fome;kayron;1;dagruve;1;12;562;19;154;passou
CSV;m1;ghaunadaur_fome;kayron;1;docas;12;13;111;0;79;morreu
KIND;m1;ghaunadaur_fome;kayron;1;0;0;0
CSV;m1;ghaunadaur_fome;kayron;2;dagruve;1;10;530;66;130;passou
CSV;m1;ghaunadaur_fome;kayron;2;docas;10;12;109;0;185;morreu
KIND;m1;ghaunadaur_fome;kayron;2;0;0;0
CSV;m1;ghaunadaur_fome;kayron;3;dagruve;1;1;43;0;37;morreu
KIND;m1;ghaunadaur_fome;kayron;3;0;0;0
CSV;m1;ghaunadaur_fome;kayron;4;dagruve;1;13;348;2;157;passou
CSV;m1;ghaunadaur_fome;kayron;4;docas;13;16;235;0;267;morreu
KIND;m1;ghaunadaur_fome;kayron;4;0;0;0
CSV;m1;ghaunadaur_fome;kayron;5;dagruve;1;11;385;27;163;passou
CSV;m1;ghaunadaur_fome;kayron;5;docas;11;17;347;33;100;passou
CSV;m1;ghaunadaur_fome;kayron;5;shedaklah;17;24;568;43;332;passou
CSV;m1;ghaunadaur_fome;kayron;5;molor;24;30;586;53;298;passou
KIND;m1;ghaunadaur_fome;kayron;5;0;0;0
CSV;m1;ghaunadaur_fome;kayron;6;dagruve;1;11;333;64;78;passou
CSV;m1;ghaunadaur_fome;kayron;6;docas;11;17;330;7;205;passou
CSV;m1;ghaunadaur_fome;kayron;6;shedaklah;17;21;624;0;467;morreu
KIND;m1;ghaunadaur_fome;kayron;6;0;0;0
CSV;m0;ghaunadaur_fome;korrak;1;dagruve;1;13;335;42;192;passou
CSV;m0;ghaunadaur_fome;korrak;1;docas;13;14;67;0;76;morreu
KIND;m0;ghaunadaur_fome;korrak;1;0;0;0
CSV;m0;ghaunadaur_fome;korrak;2;dagruve;1;12;886;43;252;passou
CSV;m0;ghaunadaur_fome;korrak;2;docas;12;15;455;19;321;passou
CSV;m0;ghaunadaur_fome;korrak;2;shedaklah;15;15;71;0;64;morreu
KIND;m0;ghaunadaur_fome;korrak;2;0;0;0
CSV;m0;ghaunadaur_fome;korrak;3;dagruve;1;14;1813;57;457;passou
CSV;m0;ghaunadaur_fome;korrak;3;docas;14;16;675;69;74;passou
CSV;m0;ghaunadaur_fome;korrak;3;shedaklah;16;21;2950;0;1890;morreu
KIND;m0;ghaunadaur_fome;korrak;3;0;0;0
CSV;m0;ghaunadaur_fome;korrak;4;dagruve;1;12;659;50;192;passou
CSV;m0;ghaunadaur_fome;korrak;4;docas;12;18;410;36;188;passou
CSV;m0;ghaunadaur_fome;korrak;4;shedaklah;18;19;226;0;289;morreu
KIND;m0;ghaunadaur_fome;korrak;4;0;0;0
CSV;m0;ghaunadaur_fome;korrak;5;dagruve;1;11;582;40;184;passou
CSV;m0;ghaunadaur_fome;korrak;5;docas;11;12;169;0;125;morreu
KIND;m0;ghaunadaur_fome;korrak;5;0;0;0
CSV;m0;ghaunadaur_fome;korrak;6;dagruve;1;14;1118;56;216;passou
CSV;m0;ghaunadaur_fome;korrak;6;docas;14;16;443;4;208;passou
CSV;m0;ghaunadaur_fome;korrak;6;shedaklah;16;18;542;0;180;morreu
KIND;m0;ghaunadaur_fome;korrak;6;0;0;0
CSV;m1;ghaunadaur_fome;korrak;1;dagruve;1;12;354;45;199;passou
CSV;m1;ghaunadaur_fome;korrak;1;docas;12;15;194;0;200;morreu
KIND;m1;ghaunadaur_fome;korrak;1;0;0;0
CSV;m1;ghaunadaur_fome;korrak;2;dagruve;1;11;467;72;116;passou
CSV;m1;ghaunadaur_fome;korrak;2;docas;11;16;379;36;269;passou
CSV;m1;ghaunadaur_fome;korrak;2;shedaklah;16;17;54;0;81;morreu
KIND;m1;ghaunadaur_fome;korrak;2;0;0;0
CSV;m1;ghaunadaur_fome;korrak;3;dagruve;1;11;589;23;191;passou
CSV;m1;ghaunadaur_fome;korrak;3;docas;11;15;492;41;281;passou
CSV;m1;ghaunadaur_fome;korrak;3;shedaklah;15;20;1873;0;1494;morreu
KIND;m1;ghaunadaur_fome;korrak;3;0;0;0
CSV;m1;ghaunadaur_fome;korrak;4;dagruve;1;10;405;65;172;passou
CSV;m1;ghaunadaur_fome;korrak;4;docas;10;15;388;59;235;passou
CSV;m1;ghaunadaur_fome;korrak;4;shedaklah;15;21;909;0;1083;morreu
KIND;m1;ghaunadaur_fome;korrak;4;0;0;0
CSV;m1;ghaunadaur_fome;korrak;5;dagruve;1;9;353;67;48;passou
CSV;m1;ghaunadaur_fome;korrak;5;docas;9;15;418;36;206;passou
CSV;m1;ghaunadaur_fome;korrak;5;shedaklah;15;22;1359;0;1200;morreu
KIND;m1;ghaunadaur_fome;korrak;5;0;0;0
CSV;m1;ghaunadaur_fome;korrak;6;dagruve;1;10;651;62;136;passou
CSV;m1;ghaunadaur_fome;korrak;6;docas;10;13;454;54;213;passou
CSV;m1;ghaunadaur_fome;korrak;6;shedaklah;13;15;703;0;432;morreu
KIND;m1;ghaunadaur_fome;korrak;6;0;0;0
CSV;m0;ghaunadaur_fome;leoric;1;dagruve;1;12;736;4;163;passou
CSV;m0;ghaunadaur_fome;leoric;1;docas;12;14;618;0;108;morreu
KIND;m0;ghaunadaur_fome;leoric;1;0;0;0
CSV;m0;ghaunadaur_fome;leoric;2;dagruve;1;13;1322;36;229;passou
CSV;m0;ghaunadaur_fome;leoric;2;docas;13;15;483;0;153;morreu
KIND;m0;ghaunadaur_fome;leoric;2;0;0;0
CSV;m0;ghaunadaur_fome;leoric;3;dagruve;1;4;144;0;42;morreu
KIND;m0;ghaunadaur_fome;leoric;3;0;0;0
CSV;m0;ghaunadaur_fome;leoric;4;dagruve;1;2;50;0;21;morreu
KIND;m0;ghaunadaur_fome;leoric;4;0;0;0
CSV;m0;ghaunadaur_fome;leoric;5;dagruve;1;11;561;32;111;passou
CSV;m0;ghaunadaur_fome;leoric;5;docas;11;12;148;0;89;morreu
KIND;m0;ghaunadaur_fome;leoric;5;0;0;0
CSV;m0;ghaunadaur_fome;leoric;6;dagruve;1;14;530;54;144;passou
CSV;m0;ghaunadaur_fome;leoric;6;docas;14;15;147;0;113;morreu
KIND;m0;ghaunadaur_fome;leoric;6;0;0;0
CSV;m1;ghaunadaur_fome;leoric;1;dagruve;1;4;118;0;47;morreu
KIND;m1;ghaunadaur_fome;leoric;1;0;0;0
CSV;m1;ghaunadaur_fome;leoric;2;dagruve;1;9;145;0;106;morreu
KIND;m1;ghaunadaur_fome;leoric;2;0;0;0
CSV;m1;ghaunadaur_fome;leoric;3;dagruve;1;8;348;0;112;morreu
KIND;m1;ghaunadaur_fome;leoric;3;0;0;0
CSV;m1;ghaunadaur_fome;leoric;4;dagruve;1;11;590;4;105;passou
CSV;m1;ghaunadaur_fome;leoric;4;docas;11;13;278;0;92;morreu
KIND;m1;ghaunadaur_fome;leoric;4;0;0;0
CSV;m1;ghaunadaur_fome;leoric;5;dagruve;1;2;91;0;31;morreu
KIND;m1;ghaunadaur_fome;leoric;5;0;0;0
CSV;m1;ghaunadaur_fome;leoric;6;dagruve;1;14;365;51;112;passou
CSV;m1;ghaunadaur_fome;leoric;6;docas;14;15;92;0;140;morreu
KIND;m1;ghaunadaur_fome;leoric;6;0;0;0
CSV;m0;ghaunadaur_fome;maelor;1;dagruve;1;2;48;0;40;morreu
KIND;m0;ghaunadaur_fome;maelor;1;0;0;0
CSV;m0;ghaunadaur_fome;maelor;2;dagruve;1;11;329;50;70;passou
CSV;m0;ghaunadaur_fome;maelor;2;docas;11;16;487;16;180;passou
CSV;m0;ghaunadaur_fome;maelor;2;shedaklah;16;20;730;0;198;morreu
KIND;m0;ghaunadaur_fome;maelor;2;0;0;0
CSV;m0;ghaunadaur_fome;maelor;3;dagruve;1;11;512;26;170;passou
CSV;m0;ghaunadaur_fome;maelor;3;docas;11;12;324;0;93;morreu
KIND;m0;ghaunadaur_fome;maelor;3;0;0;0
CSV;m0;ghaunadaur_fome;maelor;4;dagruve;1;7;249;0;129;morreu
KIND;m0;ghaunadaur_fome;maelor;4;0;0;0
CSV;m0;ghaunadaur_fome;maelor;5;dagruve;1;2;47;0;27;morreu
KIND;m0;ghaunadaur_fome;maelor;5;0;0;0
CSV;m0;ghaunadaur_fome;maelor;6;dagruve;1;11;562;43;145;passou
CSV;m0;ghaunadaur_fome;maelor;6;docas;11;12;83;0;80;morreu
KIND;m0;ghaunadaur_fome;maelor;6;0;0;0
CSV;m1;ghaunadaur_fome;maelor;1;dagruve;1;2;47;0;34;morreu
KIND;m1;ghaunadaur_fome;maelor;1;0;0;0
CSV;m1;ghaunadaur_fome;maelor;2;dagruve;1;11;340;77;57;passou
CSV;m1;ghaunadaur_fome;maelor;2;docas;11;15;332;45;168;passou
CSV;m1;ghaunadaur_fome;maelor;2;shedaklah;15;16;67;0;90;morreu
KIND;m1;ghaunadaur_fome;maelor;2;0;0;0
CSV;m1;ghaunadaur_fome;maelor;3;dagruve;1;4;91;0;39;morreu
KIND;m1;ghaunadaur_fome;maelor;3;0;0;0
CSV;m1;ghaunadaur_fome;maelor;4;dagruve;1;6;90;0;97;morreu
KIND;m1;ghaunadaur_fome;maelor;4;0;0;0
CSV;m1;ghaunadaur_fome;maelor;5;dagruve;1;12;688;45;84;passou
CSV;m1;ghaunadaur_fome;maelor;5;docas;12;14;163;0;65;morreu
KIND;m1;ghaunadaur_fome;maelor;5;0;0;0
CSV;m1;ghaunadaur_fome;maelor;6;dagruve;1;3;76;0;49;morreu
KIND;m1;ghaunadaur_fome;maelor;6;0;0;0
CSV;m0;ghaunadaur_fome;nyrelia;1;dagruve;1;1;86;0;20;morreu
KIND;m0;ghaunadaur_fome;nyrelia;1;0;0;0
CSV;m0;ghaunadaur_fome;nyrelia;2;dagruve;1;5;327;0;33;morreu
KIND;m0;ghaunadaur_fome;nyrelia;2;0;0;0
CSV;m0;ghaunadaur_fome;nyrelia;3;dagruve;1;10;417;24;104;passou
CSV;m0;ghaunadaur_fome;nyrelia;3;docas;10;11;75;0;47;morreu
KIND;m0;ghaunadaur_fome;nyrelia;3;0;0;0
CSV;m0;ghaunadaur_fome;nyrelia;4;dagruve;1;2;103;0;20;morreu
KIND;m0;ghaunadaur_fome;nyrelia;4;0;0;0
CSV;m0;ghaunadaur_fome;nyrelia;5;dagruve;1;1;90;0;21;morreu
KIND;m0;ghaunadaur_fome;nyrelia;5;0;0;0
CSV;m0;ghaunadaur_fome;nyrelia;6;dagruve;1;1;51;0;18;morreu
KIND;m0;ghaunadaur_fome;nyrelia;6;0;0;0
CSV;m1;ghaunadaur_fome;nyrelia;1;dagruve;1;12;1395;2;395;passou
CSV;m1;ghaunadaur_fome;nyrelia;1;docas;12;13;124;0;52;morreu
KIND;m1;ghaunadaur_fome;nyrelia;1;0;0;0
CSV;m1;ghaunadaur_fome;nyrelia;2;dagruve;1;3;110;0;34;morreu
KIND;m1;ghaunadaur_fome;nyrelia;2;0;0;0
CSV;m1;ghaunadaur_fome;nyrelia;3;dagruve;1;1;51;0;27;morreu
KIND;m1;ghaunadaur_fome;nyrelia;3;0;0;0
CSV;m1;ghaunadaur_fome;nyrelia;4;dagruve;1;11;594;12;126;passou
CSV;m1;ghaunadaur_fome;nyrelia;4;docas;11;11;102;0;49;morreu
KIND;m1;ghaunadaur_fome;nyrelia;4;0;0;0
CSV;m1;ghaunadaur_fome;nyrelia;5;dagruve;1;1;53;0;28;morreu
KIND;m1;ghaunadaur_fome;nyrelia;5;0;0;0
CSV;m1;ghaunadaur_fome;nyrelia;6;dagruve;1;2;141;0;31;morreu
KIND;m1;ghaunadaur_fome;nyrelia;6;0;0;0
CSV;m0;ghaunadaur_fome;sylas;1;dagruve;1;12;517;52;56;passou
CSV;m0;ghaunadaur_fome;sylas;1;docas;12;15;251;0;120;morreu
KIND;m0;ghaunadaur_fome;sylas;1;0;0;0
CSV;m0;ghaunadaur_fome;sylas;2;dagruve;1;2;59;0;24;morreu
KIND;m0;ghaunadaur_fome;sylas;2;0;0;0
CSV;m0;ghaunadaur_fome;sylas;3;dagruve;1;13;488;57;135;passou
CSV;m0;ghaunadaur_fome;sylas;3;docas;13;15;456;4;223;passou
CSV;m0;ghaunadaur_fome;sylas;3;shedaklah;15;18;962;0;337;morreu
KIND;m0;ghaunadaur_fome;sylas;3;0;0;0
CSV;m0;ghaunadaur_fome;sylas;4;dagruve;1;12;555;69;65;passou
CSV;m0;ghaunadaur_fome;sylas;4;docas;12;12;59;0;23;morreu
KIND;m0;ghaunadaur_fome;sylas;4;0;0;0
CSV;m0;ghaunadaur_fome;sylas;5;dagruve;1;12;337;49;83;passou
CSV;m0;ghaunadaur_fome;sylas;5;docas;12;17;233;0;168;morreu
KIND;m0;ghaunadaur_fome;sylas;5;0;0;0
CSV;m0;ghaunadaur_fome;sylas;6;dagruve;1;2;25;0;23;morreu
KIND;m0;ghaunadaur_fome;sylas;6;0;0;0
CSV;m1;ghaunadaur_fome;sylas;1;dagruve;1;11;327;6;97;passou
CSV;m1;ghaunadaur_fome;sylas;1;docas;11;15;380;36;200;passou
CSV;m1;ghaunadaur_fome;sylas;1;shedaklah;15;19;567;0;316;morreu
KIND;m1;ghaunadaur_fome;sylas;1;0;0;0
CSV;m1;ghaunadaur_fome;sylas;2;dagruve;1;12;340;70;67;passou
CSV;m1;ghaunadaur_fome;sylas;2;docas;12;13;114;0;80;morreu
KIND;m1;ghaunadaur_fome;sylas;2;0;0;0
CSV;m1;ghaunadaur_fome;sylas;3;dagruve;1;12;344;66;56;passou
CSV;m1;ghaunadaur_fome;sylas;3;docas;12;13;112;0;101;morreu
KIND;m1;ghaunadaur_fome;sylas;3;0;0;0
CSV;m1;ghaunadaur_fome;sylas;4;dagruve;1;12;328;70;59;passou
CSV;m1;ghaunadaur_fome;sylas;4;docas;12;18;342;0;224;morreu
KIND;m1;ghaunadaur_fome;sylas;4;0;0;0
CSV;m1;ghaunadaur_fome;sylas;5;dagruve;1;12;334;44;108;passou
CSV;m1;ghaunadaur_fome;sylas;5;docas;12;17;352;30;225;passou
CSV;m1;ghaunadaur_fome;sylas;5;shedaklah;17;25;928;29;300;passou
CSV;m1;ghaunadaur_fome;sylas;5;molor;25;31;1026;32;703;passou
KIND;m1;ghaunadaur_fome;sylas;5;0;0;0
CSV;m1;ghaunadaur_fome;sylas;6;dagruve;1;4;62;0;43;morreu
KIND;m1;ghaunadaur_fome;sylas;6;0;0;0
CSV;m0;ghaunadaur_fome;zynara;1;dagruve;1;2;57;0;26;morreu
KIND;m0;ghaunadaur_fome;zynara;1;0;0;0
CSV;m0;ghaunadaur_fome;zynara;2;dagruve;1;9;413;54;63;passou
CSV;m0;ghaunadaur_fome;zynara;2;docas;9;13;453;18;96;passou
CSV;m0;ghaunadaur_fome;zynara;2;shedaklah;13;22;1219;0;314;morreu
KIND;m0;ghaunadaur_fome;zynara;2;0;0;0
CSV;m0;ghaunadaur_fome;zynara;3;dagruve;1;10;503;31;75;passou
CSV;m0;ghaunadaur_fome;zynara;3;docas;10;16;342;54;41;passou
CSV;m0;ghaunadaur_fome;zynara;3;shedaklah;16;17;213;0;73;morreu
KIND;m0;ghaunadaur_fome;zynara;3;0;0;0
CSV;m0;ghaunadaur_fome;zynara;4;dagruve;1;3;171;0;40;morreu
KIND;m0;ghaunadaur_fome;zynara;4;0;0;0
CSV;m0;ghaunadaur_fome;zynara;5;dagruve;1;9;826;0;171;morreu
KIND;m0;ghaunadaur_fome;zynara;5;0;0;0
CSV;m0;ghaunadaur_fome;zynara;6;dagruve;1;11;727;26;107;passou
CSV;m0;ghaunadaur_fome;zynara;6;docas;11;16;527;11;191;passou
CSV;m0;ghaunadaur_fome;zynara;6;shedaklah;16;16;170;0;66;morreu
KIND;m0;ghaunadaur_fome;zynara;6;0;0;0
CSV;m1;ghaunadaur_fome;zynara;1;dagruve;1;11;724;56;124;passou
CSV;m1;ghaunadaur_fome;zynara;1;docas;11;15;451;46;93;passou
CSV;m1;ghaunadaur_fome;zynara;1;shedaklah;15;19;1186;0;307;morreu
KIND;m1;ghaunadaur_fome;zynara;1;0;0;0
CSV;m1;ghaunadaur_fome;zynara;2;dagruve;1;4;299;0;61;morreu
KIND;m1;ghaunadaur_fome;zynara;2;0;0;0
CSV;m1;ghaunadaur_fome;zynara;3;dagruve;1;8;363;23;75;passou
CSV;m1;ghaunadaur_fome;zynara;3;docas;8;10;107;0;59;morreu
KIND;m1;ghaunadaur_fome;zynara;3;0;0;0
CSV;m1;ghaunadaur_fome;zynara;4;dagruve;1;9;417;37;70;passou
CSV;m1;ghaunadaur_fome;zynara;4;docas;9;15;582;6;254;passou
CSV;m1;ghaunadaur_fome;zynara;4;shedaklah;15;16;212;0;142;morreu
KIND;m1;ghaunadaur_fome;zynara;4;0;0;0
CSV;m1;ghaunadaur_fome;zynara;5;dagruve;1;4;148;0;43;morreu
KIND;m1;ghaunadaur_fome;zynara;5;0;0;0
CSV;m1;ghaunadaur_fome;zynara;6;dagruve;1;13;1086;26;374;passou
CSV;m1;ghaunadaur_fome;zynara;6;docas;13;17;500;21;198;passou
CSV;m1;ghaunadaur_fome;zynara;6;shedaklah;17;21;663;0;285;morreu
KIND;m1;ghaunadaur_fome;zynara;6;0;0;0
CSV;m0;helion_tarn;bromnor;1;dagruve;1;6;350;0;50;morreu
KIND;m0;helion_tarn;bromnor;1;0;0;0
CSV;m0;helion_tarn;bromnor;2;dagruve;1;8;564;0;60;morreu
KIND;m0;helion_tarn;bromnor;2;0;0;0
CSV;m0;helion_tarn;bromnor;3;dagruve;1;11;695;50;33;passou
CSV;m0;helion_tarn;bromnor;3;docas;11;14;439;77;29;passou
CSV;m0;helion_tarn;bromnor;3;shedaklah;14;16;759;0;128;morreu
KIND;m0;helion_tarn;bromnor;3;0;0;0
CSV;m0;helion_tarn;bromnor;4;dagruve;1;13;3312;18;132;passou
CSV;m0;helion_tarn;bromnor;4;docas;13;14;621;39;61;passou
CSV;m0;helion_tarn;bromnor;4;shedaklah;14;16;777;0;140;morreu
KIND;m0;helion_tarn;bromnor;4;0;0;0
CSV;m0;helion_tarn;bromnor;5;dagruve;1;12;1089;84;48;passou
CSV;m0;helion_tarn;bromnor;5;docas;12;15;626;49;123;passou
CSV;m0;helion_tarn;bromnor;5;shedaklah;15;20;1955;0;429;morreu
KIND;m0;helion_tarn;bromnor;5;0;0;0
CSV;m0;helion_tarn;bromnor;6;dagruve;1;12;1964;74;34;passou
CSV;m0;helion_tarn;bromnor;6;docas;12;14;660;0;178;morreu
KIND;m0;helion_tarn;bromnor;6;0;0;0
CSV;m1;helion_tarn;bromnor;1;dagruve;1;12;1982;83;39;passou
CSV;m1;helion_tarn;bromnor;1;docas;12;14;645;97;2;passou
CSV;m1;helion_tarn;bromnor;1;shedaklah;14;15;675;0;141;morreu
KIND;m1;helion_tarn;bromnor;1;0;0;0
CSV;m1;helion_tarn;bromnor;2;dagruve;1;11;1257;100;0;passou
CSV;m1;helion_tarn;bromnor;2;docas;11;14;537;17;61;passou
CSV;m1;helion_tarn;bromnor;2;shedaklah;14;19;535;0;94;morreu
KIND;m1;helion_tarn;bromnor;2;0;0;0
CSV;m1;helion_tarn;bromnor;3;dagruve;1;12;1077;69;18;passou
CSV;m1;helion_tarn;bromnor;3;docas;12;15;465;69;56;passou
CSV;m1;helion_tarn;bromnor;3;shedaklah;15;16;272;0;91;morreu
KIND;m1;helion_tarn;bromnor;3;0;0;0
CSV;m1;helion_tarn;bromnor;4;dagruve;1;10;710;80;11;passou
CSV;m1;helion_tarn;bromnor;4;docas;10;14;773;80;32;passou
CSV;m1;helion_tarn;bromnor;4;shedaklah;14;14;55;0;63;morreu
KIND;m1;helion_tarn;bromnor;4;0;0;0
CSV;m1;helion_tarn;bromnor;5;dagruve;1;11;516;75;18;passou
CSV;m1;helion_tarn;bromnor;5;docas;11;14;535;0;81;morreu
KIND;m1;helion_tarn;bromnor;5;0;0;0
CSV;m1;helion_tarn;bromnor;6;dagruve;1;11;515;77;19;passou
CSV;m1;helion_tarn;bromnor;6;docas;11;14;512;50;50;passou
CSV;m1;helion_tarn;bromnor;6;shedaklah;14;18;1106;0;294;morreu
KIND;m1;helion_tarn;bromnor;6;0;0;0
CSV;m0;helion_tarn;brook;1;dagruve;1;1;45;0;40;morreu
KIND;m0;helion_tarn;brook;1;0;0;0
CSV;m0;helion_tarn;brook;2;dagruve;1;11;1344;15;96;passou
CSV;m0;helion_tarn;brook;2;docas;11;13;497;0;89;morreu
KIND;m0;helion_tarn;brook;2;0;0;0
CSV;m0;helion_tarn;brook;3;dagruve;1;14;1460;65;119;passou
CSV;m0;helion_tarn;brook;3;docas;14;16;682;39;126;passou
CSV;m0;helion_tarn;brook;3;shedaklah;16;20;931;0;146;morreu
KIND;m0;helion_tarn;brook;3;0;0;0
CSV;m0;helion_tarn;brook;4;dagruve;1;5;390;0;46;morreu
KIND;m0;helion_tarn;brook;4;0;0;0
CSV;m0;helion_tarn;brook;5;dagruve;1;8;410;0;56;morreu
KIND;m0;helion_tarn;brook;5;0;0;0
CSV;m0;helion_tarn;brook;6;dagruve;1;10;326;54;37;passou
CSV;m0;helion_tarn;brook;6;docas;10;16;469;78;45;passou
CSV;m0;helion_tarn;brook;6;shedaklah;16;19;1024;0;187;morreu
KIND;m0;helion_tarn;brook;6;0;0;0
CSV;m1;helion_tarn;brook;1;dagruve;1;7;362;0;63;morreu
KIND;m1;helion_tarn;brook;1;0;0;0
CSV;m1;helion_tarn;brook;2;dagruve;1;13;1235;65;34;passou
CSV;m1;helion_tarn;brook;2;docas;13;16;584;40;91;passou
CSV;m1;helion_tarn;brook;2;shedaklah;16;20;956;0;185;morreu
KIND;m1;helion_tarn;brook;2;0;0;0
CSV;m1;helion_tarn;brook;3;dagruve;1;11;526;28;56;passou
CSV;m1;helion_tarn;brook;3;docas;11;14;370;0;76;morreu
KIND;m1;helion_tarn;brook;3;0;0;0
CSV;m1;helion_tarn;brook;4;dagruve;1;4;218;0;48;morreu
KIND;m1;helion_tarn;brook;4;0;0;0
CSV;m1;helion_tarn;brook;5;dagruve;1;13;1441;3;197;passou
CSV;m1;helion_tarn;brook;5;docas;13;14;49;0;44;morreu
KIND;m1;helion_tarn;brook;5;0;0;0
CSV;m1;helion_tarn;brook;6;dagruve;1;9;1066;0;109;morreu
KIND;m1;helion_tarn;brook;6;0;0;0
CSV;m0;helion_tarn;durvall;1;dagruve;1;4;225;0;38;morreu
KIND;m0;helion_tarn;durvall;1;0;0;0
CSV;m0;helion_tarn;durvall;2;dagruve;1;5;360;0;42;morreu
KIND;m0;helion_tarn;durvall;2;0;0;0
CSV;m0;helion_tarn;durvall;3;dagruve;1;11;1349;0;100;morreu
KIND;m0;helion_tarn;durvall;3;0;0;0
CSV;m0;helion_tarn;durvall;4;dagruve;1;2;53;0;47;morreu
KIND;m0;helion_tarn;durvall;4;0;0;0
CSV;m0;helion_tarn;durvall;5;dagruve;1;5;187;0;42;morreu
KIND;m0;helion_tarn;durvall;5;0;0;0
CSV;m0;helion_tarn;durvall;6;dagruve;1;5;184;0;65;morreu
KIND;m0;helion_tarn;durvall;6;0;0;0
CSV;m1;helion_tarn;durvall;1;dagruve;1;4;298;0;46;morreu
KIND;m1;helion_tarn;durvall;1;0;0;0
CSV;m1;helion_tarn;durvall;2;dagruve;1;4;237;0;55;morreu
KIND;m1;helion_tarn;durvall;2;0;0;0
CSV;m1;helion_tarn;durvall;3;dagruve;1;5;179;0;46;morreu
KIND;m1;helion_tarn;durvall;3;0;0;0
CSV;m1;helion_tarn;durvall;4;dagruve;1;13;1591;39;108;passou
CSV;m1;helion_tarn;durvall;4;docas;13;16;459;0;100;morreu
KIND;m1;helion_tarn;durvall;4;0;0;0
CSV;m1;helion_tarn;durvall;5;dagruve;1;6;427;0;69;morreu
KIND;m1;helion_tarn;durvall;5;0;0;0
CSV;m1;helion_tarn;durvall;6;dagruve;1;5;58;0;60;morreu
KIND;m1;helion_tarn;durvall;6;0;0;0
CSV;m0;helion_tarn;kayron;1;dagruve;1;12;336;67;32;passou
CSV;m0;helion_tarn;kayron;1;docas;12;17;526;51;85;passou
CSV;m0;helion_tarn;kayron;1;shedaklah;17;20;756;0;152;morreu
KIND;m0;helion_tarn;kayron;1;0;0;0
CSV;m0;helion_tarn;kayron;2;dagruve;1;8;212;0;52;morreu
KIND;m0;helion_tarn;kayron;2;0;0;0
CSV;m0;helion_tarn;kayron;3;dagruve;1;6;104;0;38;morreu
KIND;m0;helion_tarn;kayron;3;0;0;0
CSV;m0;helion_tarn;kayron;4;dagruve;1;11;489;39;53;passou
CSV;m0;helion_tarn;kayron;4;docas;11;14;512;0;167;morreu
KIND;m0;helion_tarn;kayron;4;0;0;0
CSV;m0;helion_tarn;kayron;5;dagruve;1;10;581;76;52;passou
CSV;m0;helion_tarn;kayron;5;docas;10;12;98;0;152;morreu
KIND;m0;helion_tarn;kayron;5;0;0;0
CSV;m0;helion_tarn;kayron;6;dagruve;1;5;157;0;48;morreu
KIND;m0;helion_tarn;kayron;6;0;0;0
CSV;m1;helion_tarn;kayron;1;dagruve;1;12;325;0;87;passou
CSV;m1;helion_tarn;kayron;1;docas;12;17;328;62;50;passou
CSV;m1;helion_tarn;kayron;1;shedaklah;17;20;191;0;81;morreu
KIND;m1;helion_tarn;kayron;1;0;0;0
CSV;m1;helion_tarn;kayron;2;dagruve;1;4;94;0;50;morreu
KIND;m1;helion_tarn;kayron;2;0;0;0
CSV;m1;helion_tarn;kayron;3;dagruve;1;15;316;67;35;passou
CSV;m1;helion_tarn;kayron;3;docas;15;20;319;36;46;passou
CSV;m1;helion_tarn;kayron;3;shedaklah;20;26;564;51;89;passou
CSV;m1;helion_tarn;kayron;3;molor;26;32;614;79;114;passou
KIND;m1;helion_tarn;kayron;3;0;0;0
CSV;m1;helion_tarn;kayron;4;dagruve;1;6;75;0;46;morreu
KIND;m1;helion_tarn;kayron;4;0;0;0
CSV;m1;helion_tarn;kayron;5;dagruve;1;12;534;7;64;passou
CSV;m1;helion_tarn;kayron;5;docas;12;13;67;0;46;morreu
KIND;m1;helion_tarn;kayron;5;0;0;0
CSV;m1;helion_tarn;kayron;6;dagruve;1;14;318;76;18;passou
CSV;m1;helion_tarn;kayron;6;docas;14;19;324;83;13;passou
CSV;m1;helion_tarn;kayron;6;shedaklah;19;25;728;66;79;passou
CSV;m1;helion_tarn;kayron;6;molor;25;26;185;0;128;morreu
KIND;m1;helion_tarn;kayron;6;0;0;0
CSV;m0;helion_tarn;korrak;1;dagruve;1;13;1151;70;107;passou
CSV;m0;helion_tarn;korrak;1;docas;13;16;396;63;83;passou
CSV;m0;helion_tarn;korrak;1;shedaklah;16;19;2402;0;434;morreu
KIND;m0;helion_tarn;korrak;1;0;0;0
CSV;m0;helion_tarn;korrak;2;dagruve;1;13;325;60;126;passou
CSV;m0;helion_tarn;korrak;2;docas;13;17;341;31;217;passou
CSV;m0;helion_tarn;korrak;2;shedaklah;17;23;716;45;242;passou
CSV;m0;helion_tarn;korrak;2;molor;23;27;661;0;608;morreu
KIND;m0;helion_tarn;korrak;2;0;0;0
CSV;m0;helion_tarn;korrak;3;dagruve;1;13;972;66;184;passou
CSV;m0;helion_tarn;korrak;3;docas;13;17;330;78;90;passou
CSV;m0;helion_tarn;korrak;3;shedaklah;17;24;1032;0;416;morreu
KIND;m0;helion_tarn;korrak;3;0;0;0
CSV;m0;helion_tarn;korrak;4;dagruve;1;12;343;43;85;passou
CSV;m0;helion_tarn;korrak;4;docas;12;17;384;70;111;passou
CSV;m0;helion_tarn;korrak;4;shedaklah;17;18;66;0;178;morreu
KIND;m0;helion_tarn;korrak;4;0;0;0
CSV;m0;helion_tarn;korrak;5;dagruve;1;11;676;85;66;passou
CSV;m0;helion_tarn;korrak;5;docas;11;17;386;60;181;passou
CSV;m0;helion_tarn;korrak;5;shedaklah;17;22;1837;0;436;morreu
KIND;m0;helion_tarn;korrak;5;0;0;0
CSV;m0;helion_tarn;korrak;6;dagruve;1;11;584;52;90;passou
CSV;m0;helion_tarn;korrak;6;docas;11;14;410;58;87;passou
CSV;m0;helion_tarn;korrak;6;shedaklah;14;21;1636;13;686;passou
CSV;m0;helion_tarn;korrak;6;molor;21;23;1292;0;588;morreu
KIND;m0;helion_tarn;korrak;6;0;0;0
CSV;m1;helion_tarn;korrak;1;dagruve;1;12;348;76;53;passou
CSV;m1;helion_tarn;korrak;1;docas;12;17;357;80;38;passou
CSV;m1;helion_tarn;korrak;1;shedaklah;17;24;1079;42;550;passou
CSV;m1;helion_tarn;korrak;1;molor;24;27;658;0;421;morreu
KIND;m1;helion_tarn;korrak;1;0;0;0
CSV;m1;helion_tarn;korrak;2;dagruve;1;12;474;68;143;passou
CSV;m1;helion_tarn;korrak;2;docas;12;16;362;96;12;passou
CSV;m1;helion_tarn;korrak;2;shedaklah;16;18;286;0;188;morreu
KIND;m1;helion_tarn;korrak;2;0;0;0
CSV;m1;helion_tarn;korrak;3;dagruve;1;11;614;72;67;passou
CSV;m1;helion_tarn;korrak;3;docas;11;15;362;80;47;passou
CSV;m1;helion_tarn;korrak;3;shedaklah;15;24;5285;0;3475;morreu
KIND;m1;helion_tarn;korrak;3;0;0;0
CSV;m1;helion_tarn;korrak;4;dagruve;1;11;517;72;123;passou
CSV;m1;helion_tarn;korrak;4;docas;11;15;424;53;301;passou
CSV;m1;helion_tarn;korrak;4;shedaklah;15;26;8059;4;9225;cap_tempo
KIND;m1;helion_tarn;korrak;4;0;0;0
CSV;m1;helion_tarn;korrak;5;dagruve;1;9;601;88;19;passou
CSV;m1;helion_tarn;korrak;5;docas;9;15;427;81;35;passou
CSV;m1;helion_tarn;korrak;5;shedaklah;15;23;2027;0;816;morreu
KIND;m1;helion_tarn;korrak;5;0;0;0
CSV;m1;helion_tarn;korrak;6;dagruve;1;13;349;76;77;passou
CSV;m1;helion_tarn;korrak;6;docas;13;17;412;56;125;passou
CSV;m1;helion_tarn;korrak;6;shedaklah;17;21;580;0;249;morreu
KIND;m1;helion_tarn;korrak;6;0;0;0
CSV;m0;helion_tarn;leoric;1;dagruve;1;4;123;0;34;morreu
KIND;m0;helion_tarn;leoric;1;0;0;0
CSV;m0;helion_tarn;leoric;2;dagruve;1;3;188;0;42;morreu
KIND;m0;helion_tarn;leoric;2;0;0;0
CSV;m0;helion_tarn;leoric;3;dagruve;1;7;222;0;32;morreu
KIND;m0;helion_tarn;leoric;3;0;0;0
CSV;m0;helion_tarn;leoric;4;dagruve;1;9;648;0;165;morreu
KIND;m0;helion_tarn;leoric;4;0;0;0
CSV;m0;helion_tarn;leoric;5;dagruve;1;5;170;0;32;morreu
KIND;m0;helion_tarn;leoric;5;0;0;0
CSV;m0;helion_tarn;leoric;6;dagruve;1;15;334;75;14;passou
CSV;m0;helion_tarn;leoric;6;docas;15;19;349;27;103;passou
CSV;m0;helion_tarn;leoric;6;shedaklah;19;23;903;0;304;morreu
KIND;m0;helion_tarn;leoric;6;0;0;0
CSV;m1;helion_tarn;leoric;1;dagruve;1;11;433;54;70;passou
CSV;m1;helion_tarn;leoric;1;docas;11;15;441;67;63;passou
CSV;m1;helion_tarn;leoric;1;shedaklah;15;18;432;0;195;morreu
KIND;m1;helion_tarn;leoric;1;0;0;0
CSV;m1;helion_tarn;leoric;2;dagruve;1;13;336;60;51;passou
CSV;m1;helion_tarn;leoric;2;docas;13;16;194;0;116;morreu
KIND;m1;helion_tarn;leoric;2;0;0;0
CSV;m1;helion_tarn;leoric;3;dagruve;1;5;100;0;40;morreu
KIND;m1;helion_tarn;leoric;3;0;0;0
CSV;m1;helion_tarn;leoric;4;dagruve;1;12;683;29;125;passou
CSV;m1;helion_tarn;leoric;4;docas;12;15;553;59;148;passou
CSV;m1;helion_tarn;leoric;4;shedaklah;15;15;32;0;64;morreu
KIND;m1;helion_tarn;leoric;4;0;0;0
CSV;m1;helion_tarn;leoric;5;dagruve;1;3;110;0;40;morreu
KIND;m1;helion_tarn;leoric;5;0;0;0
CSV;m1;helion_tarn;leoric;6;dagruve;1;15;331;6;71;passou
CSV;m1;helion_tarn;leoric;6;docas;15;16;61;0;37;morreu
KIND;m1;helion_tarn;leoric;6;0;0;0
CSV;m0;helion_tarn;maelor;1;dagruve;1;13;875;71;20;passou
CSV;m0;helion_tarn;maelor;1;docas;13;16;731;78;75;passou
CSV;m0;helion_tarn;maelor;1;shedaklah;16;18;708;0;239;morreu
KIND;m0;helion_tarn;maelor;1;0;0;0
CSV;m0;helion_tarn;maelor;2;dagruve;1;9;474;52;32;passou
CSV;m0;helion_tarn;maelor;2;docas;9;13;435;35;87;passou
CSV;m0;helion_tarn;maelor;2;shedaklah;13;15;278;0;104;morreu
KIND;m0;helion_tarn;maelor;2;0;0;0
CSV;m0;helion_tarn;maelor;3;dagruve;1;4;144;0;66;morreu
KIND;m0;helion_tarn;maelor;3;0;0;0
CSV;m0;helion_tarn;maelor;4;dagruve;1;11;332;40;78;passou
CSV;m0;helion_tarn;maelor;4;docas;11;12;53;0;58;morreu
KIND;m0;helion_tarn;maelor;4;0;0;0
CSV;m0;helion_tarn;maelor;5;dagruve;1;11;421;3;95;passou
CSV;m0;helion_tarn;maelor;5;docas;11;12;88;0;62;morreu
KIND;m0;helion_tarn;maelor;5;0;0;0
CSV;m0;helion_tarn;maelor;6;dagruve;1;11;451;70;31;passou
CSV;m0;helion_tarn;maelor;6;docas;11;15;385;45;66;passou
CSV;m0;helion_tarn;maelor;6;shedaklah;15;20;793;0;290;morreu
KIND;m0;helion_tarn;maelor;6;0;0;0
CSV;m1;helion_tarn;maelor;1;dagruve;1;13;1165;79;22;passou
CSV;m1;helion_tarn;maelor;1;docas;13;13;78;0;58;morreu
KIND;m1;helion_tarn;maelor;1;0;0;0
CSV;m1;helion_tarn;maelor;2;dagruve;1;10;323;82;18;passou
CSV;m1;helion_tarn;maelor;2;docas;10;15;352;57;47;passou
CSV;m1;helion_tarn;maelor;2;shedaklah;15;15;58;0;58;morreu
KIND;m1;helion_tarn;maelor;2;0;0;0
CSV;m1;helion_tarn;maelor;3;dagruve;1;11;401;63;37;passou
CSV;m1;helion_tarn;maelor;3;docas;11;14;421;79;51;passou
CSV;m1;helion_tarn;maelor;3;shedaklah;14;18;816;0;308;morreu
KIND;m1;helion_tarn;maelor;3;0;0;0
CSV;m1;helion_tarn;maelor;4;dagruve;1;12;395;45;35;passou
CSV;m1;helion_tarn;maelor;4;docas;12;13;204;0;62;morreu
KIND;m1;helion_tarn;maelor;4;0;0;0
CSV;m1;helion_tarn;maelor;5;dagruve;1;11;611;97;1;passou
CSV;m1;helion_tarn;maelor;5;docas;11;15;609;65;51;passou
CSV;m1;helion_tarn;maelor;5;shedaklah;15;17;553;0;97;morreu
KIND;m1;helion_tarn;maelor;5;0;0;0
CSV;m1;helion_tarn;maelor;6;dagruve;1;11;492;13;99;passou
CSV;m1;helion_tarn;maelor;6;docas;11;16;458;60;107;passou
CSV;m1;helion_tarn;maelor;6;shedaklah;16;16;55;0;59;morreu
KIND;m1;helion_tarn;maelor;6;0;0;0
CSV;m0;helion_tarn;nyrelia;1;dagruve;1;13;2503;26;243;passou
CSV;m0;helion_tarn;nyrelia;1;docas;13;18;783;23;277;passou
CSV;m0;helion_tarn;nyrelia;1;shedaklah;18;20;1445;0;477;morreu
KIND;m0;helion_tarn;nyrelia;1;0;0;0
CSV;m0;helion_tarn;nyrelia;2;dagruve;1;1;83;0;32;morreu
KIND;m0;helion_tarn;nyrelia;2;0;0;0
CSV;m0;helion_tarn;nyrelia;3;dagruve;1;5;329;0;45;morreu
KIND;m0;helion_tarn;nyrelia;3;0;0;0
CSV;m0;helion_tarn;nyrelia;4;dagruve;1;3;154;0;32;morreu
KIND;m0;helion_tarn;nyrelia;4;0;0;0
CSV;m0;helion_tarn;nyrelia;5;dagruve;1;7;630;0;152;morreu
KIND;m0;helion_tarn;nyrelia;5;0;0;0
CSV;m0;helion_tarn;nyrelia;6;dagruve;1;3;209;0;32;morreu
KIND;m0;helion_tarn;nyrelia;6;0;0;0
CSV;m1;helion_tarn;nyrelia;1;dagruve;1;14;1525;61;21;passou
CSV;m1;helion_tarn;nyrelia;1;docas;14;17;839;28;48;passou
CSV;m1;helion_tarn;nyrelia;1;shedaklah;17;19;819;0;167;morreu
KIND;m1;helion_tarn;nyrelia;1;0;0;0
CSV;m1;helion_tarn;nyrelia;2;dagruve;1;9;465;50;43;passou
CSV;m1;helion_tarn;nyrelia;2;docas;9;10;61;0;55;morreu
KIND;m1;helion_tarn;nyrelia;2;0;0;0
CSV;m1;helion_tarn;nyrelia;3;dagruve;1;7;630;0;112;morreu
KIND;m1;helion_tarn;nyrelia;3;0;0;0
CSV;m1;helion_tarn;nyrelia;4;dagruve;1;1;52;0;40;morreu
KIND;m1;helion_tarn;nyrelia;4;0;0;0
CSV;m1;helion_tarn;nyrelia;5;dagruve;1;11;1187;43;45;passou
CSV;m1;helion_tarn;nyrelia;5;docas;11;12;604;88;10;passou
CSV;m1;helion_tarn;nyrelia;5;shedaklah;12;12;39;0;51;morreu
KIND;m1;helion_tarn;nyrelia;5;0;0;0
CSV;m1;helion_tarn;nyrelia;6;dagruve;1;14;3888;17;413;passou
CSV;m1;helion_tarn;nyrelia;6;docas;14;16;1235;10;105;passou
CSV;m1;helion_tarn;nyrelia;6;shedaklah;16;17;890;0;148;morreu
KIND;m1;helion_tarn;nyrelia;6;0;0;0
CSV;m0;helion_tarn;sylas;1;dagruve;1;2;63;0;36;morreu
KIND;m0;helion_tarn;sylas;1;0;0;0
CSV;m0;helion_tarn;sylas;2;dagruve;1;12;322;33;68;passou
CSV;m0;helion_tarn;sylas;2;docas;12;16;413;53;67;passou
CSV;m0;helion_tarn;sylas;2;shedaklah;16;22;744;0;236;morreu
KIND;m0;helion_tarn;sylas;2;0;0;0
CSV;m0;helion_tarn;sylas;3;dagruve;1;8;156;0;36;morreu
KIND;m0;helion_tarn;sylas;3;0;0;0
CSV;m0;helion_tarn;sylas;4;dagruve;1;12;458;7;62;passou
CSV;m0;helion_tarn;sylas;4;docas;12;13;155;0;67;morreu
KIND;m0;helion_tarn;sylas;4;0;0;0
CSV;m0;helion_tarn;sylas;5;dagruve;1;4;138;0;49;morreu
KIND;m0;helion_tarn;sylas;5;0;0;0
CSV;m0;helion_tarn;sylas;6;dagruve;1;12;329;65;81;passou
CSV;m0;helion_tarn;sylas;6;docas;12;18;365;39;158;passou
CSV;m0;helion_tarn;sylas;6;shedaklah;18;18;65;0;71;morreu
KIND;m0;helion_tarn;sylas;6;0;0;0
CSV;m1;helion_tarn;sylas;1;dagruve;1;12;476;94;10;passou
CSV;m1;helion_tarn;sylas;1;docas;12;16;369;45;69;passou
CSV;m1;helion_tarn;sylas;1;shedaklah;16;22;802;0;150;morreu
KIND;m1;helion_tarn;sylas;1;0;0;0
CSV;m1;helion_tarn;sylas;2;dagruve;1;12;216;0;59;morreu
KIND;m1;helion_tarn;sylas;2;0;0;0
CSV;m1;helion_tarn;sylas;3;dagruve;1;12;503;58;35;passou
CSV;m1;helion_tarn;sylas;3;docas;12;15;530;40;77;passou
CSV;m1;helion_tarn;sylas;3;shedaklah;15;17;621;0;83;morreu
KIND;m1;helion_tarn;sylas;3;0;0;0
CSV;m1;helion_tarn;sylas;4;dagruve;1;11;326;97;1;passou
CSV;m1;helion_tarn;sylas;4;docas;11;18;346;90;13;passou
CSV;m1;helion_tarn;sylas;4;shedaklah;18;19;203;0;94;morreu
KIND;m1;helion_tarn;sylas;4;0;0;0
CSV;m1;helion_tarn;sylas;5;dagruve;1;12;401;55;43;passou
CSV;m1;helion_tarn;sylas;5;docas;12;14;293;0;128;morreu
KIND;m1;helion_tarn;sylas;5;0;0;0
CSV;m1;helion_tarn;sylas;6;dagruve;1;10;332;81;8;passou
CSV;m1;helion_tarn;sylas;6;docas;10;15;391;21;130;passou
CSV;m1;helion_tarn;sylas;6;shedaklah;15;23;1447;0;225;morreu
KIND;m1;helion_tarn;sylas;6;0;0;0
CSV;m0;helion_tarn;zynara;1;dagruve;1;9;222;0;44;morreu
KIND;m0;helion_tarn;zynara;1;0;0;0
CSV;m0;helion_tarn;zynara;2;dagruve;1;10;857;28;104;passou
CSV;m0;helion_tarn;zynara;2;docas;10;15;397;67;67;passou
CSV;m0;helion_tarn;zynara;2;shedaklah;15;19;719;0;169;morreu
KIND;m0;helion_tarn;zynara;2;0;0;0
CSV;m0;helion_tarn;zynara;3;dagruve;1;1;101;0;34;morreu
KIND;m0;helion_tarn;zynara;3;0;0;0
CSV;m0;helion_tarn;zynara;4;dagruve;1;10;771;82;10;passou
CSV;m0;helion_tarn;zynara;4;docas;10;16;481;77;54;passou
CSV;m0;helion_tarn;zynara;4;shedaklah;16;19;472;0;116;morreu
KIND;m0;helion_tarn;zynara;4;0;0;0
CSV;m0;helion_tarn;zynara;5;dagruve;1;4;203;0;34;morreu
KIND;m0;helion_tarn;zynara;5;0;0;0
CSV;m0;helion_tarn;zynara;6;dagruve;1;11;680;2;116;passou
CSV;m0;helion_tarn;zynara;6;docas;11;14;669;22;79;passou
CSV;m0;helion_tarn;zynara;6;shedaklah;14;14;67;0;40;morreu
KIND;m0;helion_tarn;zynara;6;0;0;0
CSV;m1;helion_tarn;zynara;1;dagruve;1;4;152;0;42;morreu
KIND;m1;helion_tarn;zynara;1;0;0;0
CSV;m1;helion_tarn;zynara;2;dagruve;1;6;417;0;91;morreu
KIND;m1;helion_tarn;zynara;2;0;0;0
CSV;m1;helion_tarn;zynara;3;dagruve;1;12;734;2;70;passou
CSV;m1;helion_tarn;zynara;3;docas;12;12;115;0;45;morreu
KIND;m1;helion_tarn;zynara;3;0;0;0
CSV;m1;helion_tarn;zynara;4;dagruve;1;6;224;0;42;morreu
KIND;m1;helion_tarn;zynara;4;0;0;0
CSV;m1;helion_tarn;zynara;5;dagruve;1;3;167;0;42;morreu
KIND;m1;helion_tarn;zynara;5;0;0;0
CSV;m1;helion_tarn;zynara;6;dagruve;1;12;326;41;56;passou
CSV;m1;helion_tarn;zynara;6;docas;12;15;180;0;100;morreu
KIND;m1;helion_tarn;zynara;6;0;0;0
CSV;m0;lu_yueh_praga;bromnor;1;dagruve;1;4;190;0;40;morreu
KIND;m0;lu_yueh_praga;bromnor;1;0;0;0
CSV;m0;lu_yueh_praga;bromnor;2;dagruve;1;10;833;77;51;passou
CSV;m0;lu_yueh_praga;bromnor;2;docas;10;13;458;44;84;passou
CSV;m0;lu_yueh_praga;bromnor;2;shedaklah;13;14;640;0;192;morreu
KIND;m0;lu_yueh_praga;bromnor;2;0;0;0
CSV;m0;lu_yueh_praga;bromnor;3;dagruve;1;11;1562;0;217;morreu
KIND;m0;lu_yueh_praga;bromnor;3;0;0;0
CSV;m0;lu_yueh_praga;bromnor;4;dagruve;1;7;374;40;32;passou
CSV;m0;lu_yueh_praga;bromnor;4;docas;7;11;306;0;86;morreu
KIND;m0;lu_yueh_praga;bromnor;4;0;0;0
CSV;m0;lu_yueh_praga;bromnor;5;dagruve;1;11;373;27;31;passou
CSV;m0;lu_yueh_praga;bromnor;5;docas;11;17;330;27;145;passou
CSV;m0;lu_yueh_praga;bromnor;5;shedaklah;17;24;575;61;125;passou
CSV;m0;lu_yueh_praga;bromnor;5;molor;24;30;597;0;260;morreu
KIND;m0;lu_yueh_praga;bromnor;5;0;0;0
CSV;m0;lu_yueh_praga;bromnor;6;dagruve;1;12;570;42;78;passou
CSV;m0;lu_yueh_praga;bromnor;6;docas;12;15;513;16;148;passou
CSV;m0;lu_yueh_praga;bromnor;6;shedaklah;15;16;79;0;80;morreu
KIND;m0;lu_yueh_praga;bromnor;6;0;0;0
CSV;m1;lu_yueh_praga;bromnor;1;dagruve;1;11;960;68;110;passou
CSV;m1;lu_yueh_praga;bromnor;1;docas;11;15;433;58;124;passou
CSV;m1;lu_yueh_praga;bromnor;1;shedaklah;15;17;568;0;204;morreu
KIND;m1;lu_yueh_praga;bromnor;1;0;0;0
CSV;m1;lu_yueh_praga;bromnor;2;dagruve;1;9;744;56;106;passou
CSV;m1;lu_yueh_praga;bromnor;2;docas;9;13;509;0;198;morreu
KIND;m1;lu_yueh_praga;bromnor;2;0;0;0
CSV;m1;lu_yueh_praga;bromnor;3;dagruve;1;12;1782;54;222;passou
CSV;m1;lu_yueh_praga;bromnor;3;docas;12;13;132;0;80;morreu
KIND;m1;lu_yueh_praga;bromnor;3;0;0;0
CSV;m1;lu_yueh_praga;bromnor;4;dagruve;1;12;1850;35;291;passou
CSV;m1;lu_yueh_praga;bromnor;4;docas;12;15;639;71;68;passou
CSV;m1;lu_yueh_praga;bromnor;4;shedaklah;15;17;1096;0;372;morreu
KIND;m1;lu_yueh_praga;bromnor;4;0;0;0
CSV;m1;lu_yueh_praga;bromnor;5;dagruve;1;14;1928;45;272;passou
CSV;m1;lu_yueh_praga;bromnor;5;docas;14;16;502;89;46;passou
CSV;m1;lu_yueh_praga;bromnor;5;shedaklah;16;18;1792;0;570;morreu
KIND;m1;lu_yueh_praga;bromnor;5;0;0;0
CSV;m1;lu_yueh_praga;bromnor;6;dagruve;1;11;1155;70;181;passou
CSV;m1;lu_yueh_praga;bromnor;6;docas;11;12;103;0;111;morreu
KIND;m1;lu_yueh_praga;bromnor;6;0;0;0
CSV;m0;lu_yueh_praga;brook;1;dagruve;1;3;91;0;32;morreu
KIND;m0;lu_yueh_praga;brook;1;0;0;0
CSV;m0;lu_yueh_praga;brook;2;dagruve;1;6;212;0;32;morreu
KIND;m0;lu_yueh_praga;brook;2;0;0;0
CSV;m0;lu_yueh_praga;brook;3;dagruve;1;2;71;0;32;morreu
KIND;m0;lu_yueh_praga;brook;3;0;0;0
CSV;m0;lu_yueh_praga;brook;4;dagruve;1;10;627;40;82;passou
CSV;m0;lu_yueh_praga;brook;4;docas;10;17;523;48;188;passou
CSV;m0;lu_yueh_praga;brook;4;shedaklah;17;18;336;0;157;morreu
KIND;m0;lu_yueh_praga;brook;4;0;0;0
CSV;m0;lu_yueh_praga;brook;5;dagruve;1;2;53;0;32;morreu
KIND;m0;lu_yueh_praga;brook;5;0;0;0
CSV;m0;lu_yueh_praga;brook;6;dagruve;1;10;699;75;46;passou
CSV;m0;lu_yueh_praga;brook;6;docas;10;13;461;0;223;morreu
KIND;m0;lu_yueh_praga;brook;6;0;0;0
CSV;m1;lu_yueh_praga;brook;1;dagruve;1;3;132;0;44;morreu
KIND;m1;lu_yueh_praga;brook;1;0;0;0
CSV;m1;lu_yueh_praga;brook;2;dagruve;1;11;1933;0;491;morreu
KIND;m1;lu_yueh_praga;brook;2;0;0;0
CSV;m1;lu_yueh_praga;brook;3;dagruve;1;12;1081;31;196;passou
CSV;m1;lu_yueh_praga;brook;3;docas;12;15;569;25;175;passou
CSV;m1;lu_yueh_praga;brook;3;shedaklah;15;19;659;0;227;morreu
KIND;m1;lu_yueh_praga;brook;3;0;0;0
CSV;m1;lu_yueh_praga;brook;4;dagruve;1;11;592;60;47;passou
CSV;m1;lu_yueh_praga;brook;4;docas;11;12;75;0;46;morreu
KIND;m1;lu_yueh_praga;brook;4;0;0;0
CSV;m1;lu_yueh_praga;brook;5;dagruve;1;4;452;0;42;morreu
KIND;m1;lu_yueh_praga;brook;5;0;0;0
CSV;m1;lu_yueh_praga;brook;6;dagruve;1;9;868;57;126;passou
CSV;m1;lu_yueh_praga;brook;6;docas;9;11;481;0;218;morreu
KIND;m1;lu_yueh_praga;brook;6;0;0;0
CSV;m0;lu_yueh_praga;durvall;1;dagruve;1;5;231;0;38;morreu
KIND;m0;lu_yueh_praga;durvall;1;0;0;0
CSV;m0;lu_yueh_praga;durvall;2;dagruve;1;4;233;0;30;morreu
KIND;m0;lu_yueh_praga;durvall;2;0;0;0
CSV;m0;lu_yueh_praga;durvall;3;dagruve;1;4;140;0;38;morreu
KIND;m0;lu_yueh_praga;durvall;3;0;0;0
CSV;m0;lu_yueh_praga;durvall;4;dagruve;1;2;55;0;30;morreu
KIND;m0;lu_yueh_praga;durvall;4;0;0;0
CSV;m0;lu_yueh_praga;durvall;5;dagruve;1;8;743;0;274;morreu
KIND;m0;lu_yueh_praga;durvall;5;0;0;0
CSV;m0;lu_yueh_praga;durvall;6;dagruve;1;3;47;0;36;morreu
KIND;m0;lu_yueh_praga;durvall;6;0;0;0
CSV;m1;lu_yueh_praga;durvall;1;dagruve;1;4;63;0;38;morreu
KIND;m1;lu_yueh_praga;durvall;1;0;0;0
CSV;m1;lu_yueh_praga;durvall;2;dagruve;1;3;166;0;38;morreu
KIND;m1;lu_yueh_praga;durvall;2;0;0;0
CSV;m1;lu_yueh_praga;durvall;3;dagruve;1;3;50;0;38;morreu
KIND;m1;lu_yueh_praga;durvall;3;0;0;0
CSV;m1;lu_yueh_praga;durvall;4;dagruve;1;4;235;0;38;morreu
KIND;m1;lu_yueh_praga;durvall;4;0;0;0
CSV;m1;lu_yueh_praga;durvall;5;dagruve;1;2;54;0;38;morreu
KIND;m1;lu_yueh_praga;durvall;5;0;0;0
CSV;m1;lu_yueh_praga;durvall;6;dagruve;1;4;135;0;44;morreu
KIND;m1;lu_yueh_praga;durvall;6;0;0;0
CSV;m0;lu_yueh_praga;kayron;1;dagruve;1;3;120;0;30;morreu
KIND;m0;lu_yueh_praga;kayron;1;0;0;0
CSV;m0;lu_yueh_praga;kayron;2;dagruve;1;3;51;0;34;morreu
KIND;m0;lu_yueh_praga;kayron;2;0;0;0
CSV;m0;lu_yueh_praga;kayron;3;dagruve;1;5;233;0;30;morreu
KIND;m0;lu_yueh_praga;kayron;3;0;0;0
CSV;m0;lu_yueh_praga;kayron;4;dagruve;1;8;242;0;38;morreu
KIND;m0;lu_yueh_praga;kayron;4;0;0;0
CSV;m0;lu_yueh_praga;kayron;5;dagruve;1;6;87;0;36;morreu
KIND;m0;lu_yueh_praga;kayron;5;0;0;0
CSV;m0;lu_yueh_praga;kayron;6;dagruve;1;3;55;0;32;morreu
KIND;m0;lu_yueh_praga;kayron;6;0;0;0
CSV;m1;lu_yueh_praga;kayron;1;dagruve;1;4;78;0;40;morreu
KIND;m1;lu_yueh_praga;kayron;1;0;0;0
CSV;m1;lu_yueh_praga;kayron;2;dagruve;1;10;496;62;97;passou
CSV;m1;lu_yueh_praga;kayron;2;docas;10;11;174;0;116;morreu
KIND;m1;lu_yueh_praga;kayron;2;0;0;0
CSV;m1;lu_yueh_praga;kayron;3;dagruve;1;1;43;0;38;morreu
KIND;m1;lu_yueh_praga;kayron;3;0;0;0
CSV;m1;lu_yueh_praga;kayron;4;dagruve;1;6;75;0;48;morreu
KIND;m1;lu_yueh_praga;kayron;4;0;0;0
CSV;m1;lu_yueh_praga;kayron;5;dagruve;1;10;472;40;86;passou
CSV;m1;lu_yueh_praga;kayron;5;docas;10;12;118;0;70;morreu
KIND;m1;lu_yueh_praga;kayron;5;0;0;0
CSV;m1;lu_yueh_praga;kayron;6;dagruve;1;3;91;0;38;morreu
KIND;m1;lu_yueh_praga;kayron;6;0;0;0
CSV;m0;lu_yueh_praga;korrak;1;dagruve;1;11;791;30;159;passou
CSV;m0;lu_yueh_praga;korrak;1;docas;11;15;454;29;308;passou
CSV;m0;lu_yueh_praga;korrak;1;shedaklah;15;20;1428;0;685;morreu
KIND;m0;lu_yueh_praga;korrak;1;0;0;0
CSV;m0;lu_yueh_praga;korrak;2;dagruve;1;11;382;57;98;passou
CSV;m0;lu_yueh_praga;korrak;2;docas;11;17;391;36;286;passou
CSV;m0;lu_yueh_praga;korrak;2;shedaklah;17;22;703;11;815;passou
CSV;m0;lu_yueh_praga;korrak;2;molor;22;23;295;0;260;morreu
KIND;m0;lu_yueh_praga;korrak;2;0;0;0
CSV;m0;lu_yueh_praga;korrak;3;dagruve;1;11;406;73;142;passou
CSV;m0;lu_yueh_praga;korrak;3;docas;11;16;554;33;250;passou
CSV;m0;lu_yueh_praga;korrak;3;shedaklah;16;21;784;0;554;morreu
KIND;m0;lu_yueh_praga;korrak;3;0;0;0
CSV;m0;lu_yueh_praga;korrak;4;dagruve;1;12;661;64;180;passou
CSV;m0;lu_yueh_praga;korrak;4;docas;12;17;361;19;386;passou
CSV;m0;lu_yueh_praga;korrak;4;shedaklah;17;20;957;0;396;morreu
KIND;m0;lu_yueh_praga;korrak;4;0;0;0
CSV;m0;lu_yueh_praga;korrak;5;dagruve;1;11;515;44;137;passou
CSV;m0;lu_yueh_praga;korrak;5;docas;11;15;357;60;144;passou
CSV;m0;lu_yueh_praga;korrak;5;shedaklah;15;16;50;0;67;morreu
KIND;m0;lu_yueh_praga;korrak;5;0;0;0
CSV;m0;lu_yueh_praga;korrak;6;dagruve;1;12;657;65;190;passou
CSV;m0;lu_yueh_praga;korrak;6;docas;12;14;395;42;183;passou
CSV;m0;lu_yueh_praga;korrak;6;shedaklah;14;18;980;0;608;morreu
KIND;m0;lu_yueh_praga;korrak;6;0;0;0
CSV;m1;lu_yueh_praga;korrak;1;dagruve;1;12;361;52;193;passou
CSV;m1;lu_yueh_praga;korrak;1;docas;12;16;415;50;335;passou
CSV;m1;lu_yueh_praga;korrak;1;shedaklah;16;18;404;0;419;morreu
KIND;m1;lu_yueh_praga;korrak;1;0;0;0
CSV;m1;lu_yueh_praga;korrak;2;dagruve;1;12;928;66;168;passou
CSV;m1;lu_yueh_praga;korrak;2;docas;12;16;450;25;206;passou
CSV;m1;lu_yueh_praga;korrak;2;shedaklah;16;18;513;0;612;morreu
KIND;m1;lu_yueh_praga;korrak;2;0;0;0
CSV;m1;lu_yueh_praga;korrak;3;dagruve;1;9;476;72;96;passou
CSV;m1;lu_yueh_praga;korrak;3;docas;9;14;380;43;226;passou
CSV;m1;lu_yueh_praga;korrak;3;shedaklah;14;20;3195;0;1754;morreu
KIND;m1;lu_yueh_praga;korrak;3;0;0;0
CSV;m1;lu_yueh_praga;korrak;4;dagruve;1;10;660;54;230;passou
CSV;m1;lu_yueh_praga;korrak;4;docas;10;13;515;68;67;passou
CSV;m1;lu_yueh_praga;korrak;4;shedaklah;13;15;566;0;282;morreu
KIND;m1;lu_yueh_praga;korrak;4;0;0;0
CSV;m1;lu_yueh_praga;korrak;5;dagruve;1;10;368;79;59;passou
CSV;m1;lu_yueh_praga;korrak;5;docas;10;16;378;32;469;passou
CSV;m1;lu_yueh_praga;korrak;5;shedaklah;16;21;684;0;726;morreu
KIND;m1;lu_yueh_praga;korrak;5;0;0;0
CSV;m1;lu_yueh_praga;korrak;6;dagruve;1;11;588;72;131;passou
CSV;m1;lu_yueh_praga;korrak;6;docas;11;15;400;36;253;passou
CSV;m1;lu_yueh_praga;korrak;6;shedaklah;15;18;556;0;420;morreu
KIND;m1;lu_yueh_praga;korrak;6;0;0;0
CSV;m0;lu_yueh_praga;leoric;1;dagruve;1;6;261;0;38;morreu
KIND;m0;lu_yueh_praga;leoric;1;0;0;0
CSV;m0;lu_yueh_praga;leoric;2;dagruve;1;4;86;0;34;morreu
KIND;m0;lu_yueh_praga;leoric;2;0;0;0
CSV;m0;lu_yueh_praga;leoric;3;dagruve;1;10;443;41;116;passou
CSV;m0;lu_yueh_praga;leoric;3;docas;10;13;173;0;134;morreu
KIND;m0;lu_yueh_praga;leoric;3;0;0;0
CSV;m0;lu_yueh_praga;leoric;4;dagruve;1;4;159;0;26;morreu
KIND;m0;lu_yueh_praga;leoric;4;0;0;0
CSV;m0;lu_yueh_praga;leoric;5;dagruve;1;10;503;43;110;passou
CSV;m0;lu_yueh_praga;leoric;5;docas;10;11;58;0;42;morreu
KIND;m0;lu_yueh_praga;leoric;5;0;0;0
CSV;m0;lu_yueh_praga;leoric;6;dagruve;1;15;344;64;96;passou
CSV;m0;lu_yueh_praga;leoric;6;docas;15;16;630;14;243;passou
CSV;m0;lu_yueh_praga;leoric;6;shedaklah;16;16;56;0;59;morreu
KIND;m0;lu_yueh_praga;leoric;6;0;0;0
CSV;m1;lu_yueh_praga;leoric;1;dagruve;1;11;733;0;188;passou
CSV;m1;lu_yueh_praga;leoric;1;docas;11;16;472;29;266;passou
CSV;m1;lu_yueh_praga;leoric;1;shedaklah;16;20;963;0;388;morreu
KIND;m1;lu_yueh_praga;leoric;1;0;0;0
CSV;m1;lu_yueh_praga;leoric;2;dagruve;1;3;102;0;32;morreu
KIND;m1;lu_yueh_praga;leoric;2;0;0;0
CSV;m1;lu_yueh_praga;leoric;3;dagruve;1;4;116;0;40;morreu
KIND;m1;lu_yueh_praga;leoric;3;0;0;0
CSV;m1;lu_yueh_praga;leoric;4;dagruve;1;11;435;59;58;passou
CSV;m1;lu_yueh_praga;leoric;4;docas;11;15;556;22;164;passou
CSV;m1;lu_yueh_praga;leoric;4;shedaklah;15;18;670;0;299;morreu
KIND;m1;lu_yueh_praga;leoric;4;0;0;0
CSV;m1;lu_yueh_praga;leoric;5;dagruve;1;12;344;15;119;passou
CSV;m1;lu_yueh_praga;leoric;5;docas;12;13;96;0;55;morreu
KIND;m1;lu_yueh_praga;leoric;5;0;0;0
CSV;m1;lu_yueh_praga;leoric;6;dagruve;1;15;1100;24;301;passou
CSV;m1;lu_yueh_praga;leoric;6;docas;15;15;35;0;42;morreu
KIND;m1;lu_yueh_praga;leoric;6;0;0;0
CSV;m0;lu_yueh_praga;maelor;1;dagruve;1;11;338;38;122;passou
CSV;m0;lu_yueh_praga;maelor;1;docas;11;14;286;0;200;morreu
KIND;m0;lu_yueh_praga;maelor;1;0;0;0
CSV;m0;lu_yueh_praga;maelor;2;dagruve;1;2;66;0;45;morreu
KIND;m0;lu_yueh_praga;maelor;2;0;0;0
CSV;m0;lu_yueh_praga;maelor;3;dagruve;1;8;241;0;86;morreu
KIND;m0;lu_yueh_praga;maelor;3;0;0;0
CSV;m0;lu_yueh_praga;maelor;4;dagruve;1;10;569;24;148;passou
CSV;m0;lu_yueh_praga;maelor;4;docas;10;12;220;0;137;morreu
KIND;m0;lu_yueh_praga;maelor;4;0;0;0
CSV;m0;lu_yueh_praga;maelor;5;dagruve;1;11;658;49;148;passou
CSV;m0;lu_yueh_praga;maelor;5;docas;11;12;73;0;57;morreu
KIND;m0;lu_yueh_praga;maelor;5;0;0;0
CSV;m0;lu_yueh_praga;maelor;6;dagruve;1;12;557;75;83;passou
CSV;m0;lu_yueh_praga;maelor;6;docas;12;12;49;0;80;morreu
KIND;m0;lu_yueh_praga;maelor;6;0;0;0
CSV;m1;lu_yueh_praga;maelor;1;dagruve;1;2;47;0;39;morreu
KIND;m1;lu_yueh_praga;maelor;1;0;0;0
CSV;m1;lu_yueh_praga;maelor;2;dagruve;1;11;355;19;111;passou
CSV;m1;lu_yueh_praga;maelor;2;docas;11;15;562;3;216;passou
CSV;m1;lu_yueh_praga;maelor;2;shedaklah;15;18;517;0;197;morreu
KIND;m1;lu_yueh_praga;maelor;2;0;0;0
CSV;m1;lu_yueh_praga;maelor;3;dagruve;1;4;75;0;58;morreu
KIND;m1;lu_yueh_praga;maelor;3;0;0;0
CSV;m1;lu_yueh_praga;maelor;4;dagruve;1;11;351;17;154;passou
CSV;m1;lu_yueh_praga;maelor;4;docas;11;14;256;0;197;morreu
KIND;m1;lu_yueh_praga;maelor;4;0;0;0
CSV;m1;lu_yueh_praga;maelor;5;dagruve;1;11;334;53;117;passou
CSV;m1;lu_yueh_praga;maelor;5;docas;11;14;256;0;195;morreu
KIND;m1;lu_yueh_praga;maelor;5;0;0;0
CSV;m1;lu_yueh_praga;maelor;6;dagruve;1;10;355;58;101;passou
CSV;m1;lu_yueh_praga;maelor;6;docas;10;17;325;25;130;passou
CSV;m1;lu_yueh_praga;maelor;6;shedaklah;17;19;154;0;159;morreu
KIND;m1;lu_yueh_praga;maelor;6;0;0;0
CSV;m0;lu_yueh_praga;nyrelia;1;dagruve;1;1;114;0;24;morreu
KIND;m0;lu_yueh_praga;nyrelia;1;0;0;0
CSV;m0;lu_yueh_praga;nyrelia;2;dagruve;1;2;165;0;24;morreu
KIND;m0;lu_yueh_praga;nyrelia;2;0;0;0
CSV;m0;lu_yueh_praga;nyrelia;3;dagruve;1;14;1261;17;210;passou
CSV;m0;lu_yueh_praga;nyrelia;3;docas;14;15;166;0;55;morreu
KIND;m0;lu_yueh_praga;nyrelia;3;0;0;0
CSV;m0;lu_yueh_praga;nyrelia;4;dagruve;1;2;141;0;24;morreu
KIND;m0;lu_yueh_praga;nyrelia;4;0;0;0
CSV;m0;lu_yueh_praga;nyrelia;5;dagruve;1;2;123;0;24;morreu
KIND;m0;lu_yueh_praga;nyrelia;5;0;0;0
CSV;m0;lu_yueh_praga;nyrelia;6;dagruve;1;1;51;0;24;morreu
KIND;m0;lu_yueh_praga;nyrelia;6;0;0;0
CSV;m1;lu_yueh_praga;nyrelia;1;dagruve;1;3;128;0;32;morreu
KIND;m1;lu_yueh_praga;nyrelia;1;0;0;0
CSV;m1;lu_yueh_praga;nyrelia;2;dagruve;1;3;113;0;32;morreu
KIND;m1;lu_yueh_praga;nyrelia;2;0;0;0
CSV;m1;lu_yueh_praga;nyrelia;3;dagruve;1;6;329;0;40;morreu
KIND;m1;lu_yueh_praga;nyrelia;3;0;0;0
CSV;m1;lu_yueh_praga;nyrelia;4;dagruve;1;4;176;0;32;morreu
KIND;m1;lu_yueh_praga;nyrelia;4;0;0;0
CSV;m1;lu_yueh_praga;nyrelia;5;dagruve;1;3;194;0;32;morreu
KIND;m1;lu_yueh_praga;nyrelia;5;0;0;0
CSV;m1;lu_yueh_praga;nyrelia;6;dagruve;1;8;480;43;81;passou
CSV;m1;lu_yueh_praga;nyrelia;6;docas;8;10;109;0;53;morreu
KIND;m1;lu_yueh_praga;nyrelia;6;0;0;0
CSV;m0;lu_yueh_praga;sylas;1;dagruve;1;10;287;0;28;morreu
KIND;m0;lu_yueh_praga;sylas;1;0;0;0
CSV;m0;lu_yueh_praga;sylas;2;dagruve;1;2;54;0;28;morreu
KIND;m0;lu_yueh_praga;sylas;2;0;0;0
CSV;m0;lu_yueh_praga;sylas;3;dagruve;1;12;490;52;162;passou
CSV;m0;lu_yueh_praga;sylas;3;docas;12;17;340;31;201;passou
CSV;m0;lu_yueh_praga;sylas;3;shedaklah;17;21;1299;0;696;morreu
KIND;m0;lu_yueh_praga;sylas;3;0;0;0
CSV;m0;lu_yueh_praga;sylas;4;dagruve;1;7;148;0;42;morreu
KIND;m0;lu_yueh_praga;sylas;4;0;0;0
CSV;m0;lu_yueh_praga;sylas;5;dagruve;1;8;224;0;81;morreu
KIND;m0;lu_yueh_praga;sylas;5;0;0;0
CSV;m0;lu_yueh_praga;sylas;6;dagruve;1;6;98;0;28;morreu
KIND;m0;lu_yueh_praga;sylas;6;0;0;0
CSV;m1;lu_yueh_praga;sylas;1;dagruve;1;6;139;0;36;morreu
KIND;m1;lu_yueh_praga;sylas;1;0;0;0
CSV;m1;lu_yueh_praga;sylas;2;dagruve;1;7;183;0;38;morreu
KIND;m1;lu_yueh_praga;sylas;2;0;0;0
CSV;m1;lu_yueh_praga;sylas;3;dagruve;1;6;103;0;45;morreu
KIND;m1;lu_yueh_praga;sylas;3;0;0;0
CSV;m1;lu_yueh_praga;sylas;4;dagruve;1;10;365;18;64;passou
CSV;m1;lu_yueh_praga;sylas;4;docas;10;16;357;62;109;passou
CSV;m1;lu_yueh_praga;sylas;4;shedaklah;16;20;526;0;220;morreu
KIND;m1;lu_yueh_praga;sylas;4;0;0;0
CSV;m1;lu_yueh_praga;sylas;5;dagruve;1;7;135;0;42;morreu
KIND;m1;lu_yueh_praga;sylas;5;0;0;0
CSV;m1;lu_yueh_praga;sylas;6;dagruve;1;12;318;24;67;passou
CSV;m1;lu_yueh_praga;sylas;6;docas;12;13;131;0;62;morreu
KIND;m1;lu_yueh_praga;sylas;6;0;0;0
CSV;m0;lu_yueh_praga;zynara;1;dagruve;1;3;108;0;26;morreu
KIND;m0;lu_yueh_praga;zynara;1;0;0;0
CSV;m0;lu_yueh_praga;zynara;2;dagruve;1;2;56;0;30;morreu
KIND;m0;lu_yueh_praga;zynara;2;0;0;0
CSV;m0;lu_yueh_praga;zynara;3;dagruve;1;5;110;0;43;morreu
KIND;m0;lu_yueh_praga;zynara;3;0;0;0
CSV;m0;lu_yueh_praga;zynara;4;dagruve;1;2;149;0;26;morreu
KIND;m0;lu_yueh_praga;zynara;4;0;0;0
CSV;m0;lu_yueh_praga;zynara;5;dagruve;1;10;590;61;73;passou
CSV;m0;lu_yueh_praga;zynara;5;docas;10;11;88;0;27;morreu
KIND;m0;lu_yueh_praga;zynara;5;0;0;0
CSV;m0;lu_yueh_praga;zynara;6;dagruve;1;11;874;69;91;passou
CSV;m0;lu_yueh_praga;zynara;6;docas;11;12;87;0;52;morreu
KIND;m0;lu_yueh_praga;zynara;6;0;0;0
CSV;m1;lu_yueh_praga;zynara;1;dagruve;1;4;54;0;36;morreu
KIND;m1;lu_yueh_praga;zynara;1;0;0;0
CSV;m1;lu_yueh_praga;zynara;2;dagruve;1;5;123;0;43;morreu
KIND;m1;lu_yueh_praga;zynara;2;0;0;0
CSV;m1;lu_yueh_praga;zynara;3;dagruve;1;3;68;0;34;morreu
KIND;m1;lu_yueh_praga;zynara;3;0;0;0
CSV;m1;lu_yueh_praga;zynara;4;dagruve;1;3;109;0;34;morreu
KIND;m1;lu_yueh_praga;zynara;4;0;0;0
CSV;m1;lu_yueh_praga;zynara;5;dagruve;1;3;93;0;34;morreu
KIND;m1;lu_yueh_praga;zynara;5;0;0;0
CSV;m1;lu_yueh_praga;zynara;6;dagruve;1;6;326;0;55;morreu
KIND;m1;lu_yueh_praga;zynara;6;0;0;0
CSV;m0;selune_prata;bromnor;1;dagruve;1;11;1464;48;185;passou
CSV;m0;selune_prata;bromnor;1;docas;11;13;551;0;213;morreu
KIND;m0;selune_prata;bromnor;1;0;0;0
CSV;m0;selune_prata;bromnor;2;dagruve;1;12;663;81;45;passou
CSV;m0;selune_prata;bromnor;2;docas;12;15;604;68;89;passou
CSV;m0;selune_prata;bromnor;2;shedaklah;15;18;875;0;214;morreu
KIND;m0;selune_prata;bromnor;2;0;0;0
CSV;m0;selune_prata;bromnor;3;dagruve;1;11;1512;78;145;passou
CSV;m0;selune_prata;bromnor;3;docas;11;15;652;72;96;passou
CSV;m0;selune_prata;bromnor;3;shedaklah;15;15;96;0;98;morreu
KIND;m0;selune_prata;bromnor;3;0;0;0
CSV;m0;selune_prata;bromnor;4;dagruve;1;13;1724;69;284;passou
CSV;m0;selune_prata;bromnor;4;docas;13;15;595;24;184;passou
CSV;m0;selune_prata;bromnor;4;shedaklah;15;17;1358;0;417;morreu
KIND;m0;selune_prata;bromnor;4;0;0;0
CSV;m0;selune_prata;bromnor;5;dagruve;1;12;1266;56;166;passou
CSV;m0;selune_prata;bromnor;5;docas;12;14;495;81;63;passou
CSV;m0;selune_prata;bromnor;5;shedaklah;14;17;1199;0;324;morreu
KIND;m0;selune_prata;bromnor;5;0;0;0
CSV;m0;selune_prata;bromnor;6;dagruve;1;10;1303;68;228;passou
CSV;m0;selune_prata;bromnor;6;docas;10;12;649;30;265;passou
CSV;m0;selune_prata;bromnor;6;shedaklah;12;15;681;0;320;morreu
KIND;m0;selune_prata;bromnor;6;0;0;0
CSV;m1;selune_prata;bromnor;1;dagruve;1;12;833;81;61;passou
CSV;m1;selune_prata;bromnor;1;docas;12;15;643;0;269;morreu
KIND;m1;selune_prata;bromnor;1;0;0;0
CSV;m1;selune_prata;bromnor;2;dagruve;1;12;1981;62;213;passou
CSV;m1;selune_prata;bromnor;2;docas;12;14;488;0;106;morreu
KIND;m1;selune_prata;bromnor;2;0;0;0
CSV;m1;selune_prata;bromnor;3;dagruve;1;11;1044;61;147;passou
CSV;m1;selune_prata;bromnor;3;docas;11;14;407;0;165;morreu
KIND;m1;selune_prata;bromnor;3;0;0;0
CSV;m1;selune_prata;bromnor;4;dagruve;1;11;542;65;77;passou
CSV;m1;selune_prata;bromnor;4;docas;11;11;90;0;66;morreu
KIND;m1;selune_prata;bromnor;4;0;0;0
CSV;m1;selune_prata;bromnor;5;dagruve;1;10;611;53;91;passou
CSV;m1;selune_prata;bromnor;5;docas;10;13;448;68;75;passou
CSV;m1;selune_prata;bromnor;5;shedaklah;13;15;432;0;197;morreu
KIND;m1;selune_prata;bromnor;5;0;0;0
CSV;m1;selune_prata;bromnor;6;dagruve;1;10;735;92;32;passou
CSV;m1;selune_prata;bromnor;6;docas;10;16;472;74;174;passou
CSV;m1;selune_prata;bromnor;6;shedaklah;16;17;1215;0;560;morreu
KIND;m1;selune_prata;bromnor;6;0;0;0
CSV;m0;selune_prata;brook;1;dagruve;1;11;1853;7;525;passou
CSV;m0;selune_prata;brook;1;docas;11;13;178;0;112;morreu
KIND;m0;selune_prata;brook;1;0;0;0
CSV;m0;selune_prata;brook;2;dagruve;1;8;1055;0;213;morreu
KIND;m0;selune_prata;brook;2;0;0;0
CSV;m0;selune_prata;brook;3;dagruve;1;12;3595;45;636;passou
CSV;m0;selune_prata;brook;3;docas;12;13;635;70;141;passou
CSV;m0;selune_prata;brook;3;shedaklah;13;15;773;0;341;morreu
KIND;m0;selune_prata;brook;3;0;0;0
CSV;m0;selune_prata;brook;4;dagruve;1;3;52;0;42;morreu
KIND;m0;selune_prata;brook;4;0;0;0
CSV;m0;selune_prata;brook;5;dagruve;1;2;53;0;42;morreu
KIND;m0;selune_prata;brook;5;0;0;0
CSV;m0;selune_prata;brook;6;dagruve;1;12;2851;1;715;passou
CSV;m0;selune_prata;brook;6;docas;12;13;581;0;177;morreu
KIND;m0;selune_prata;brook;6;0;0;0
CSV;m1;selune_prata;brook;1;dagruve;1;4;71;0;59;morreu
KIND;m1;selune_prata;brook;1;0;0;0
CSV;m1;selune_prata;brook;2;dagruve;1;10;1040;0;245;morreu
KIND;m1;selune_prata;brook;2;0;0;0
CSV;m1;selune_prata;brook;3;dagruve;1;12;2997;19;796;passou
CSV;m1;selune_prata;brook;3;docas;12;14;552;50;123;passou
CSV;m1;selune_prata;brook;3;shedaklah;14;15;556;0;241;morreu
KIND;m1;selune_prata;brook;3;0;0;0
CSV;m1;selune_prata;brook;4;dagruve;1;11;1706;0;427;morreu
KIND;m1;selune_prata;brook;4;0;0;0
CSV;m1;selune_prata;brook;5;dagruve;1;11;2326;0;581;morreu
KIND;m1;selune_prata;brook;5;0;0;0
CSV;m1;selune_prata;brook;6;dagruve;1;13;1958;41;505;passou
CSV;m1;selune_prata;brook;6;docas;13;15;659;16;222;passou
CSV;m1;selune_prata;brook;6;shedaklah;15;15;365;0;206;morreu
KIND;m1;selune_prata;brook;6;0;0;0
CSV;m0;selune_prata;durvall;1;dagruve;1;5;324;0;107;morreu
KIND;m0;selune_prata;durvall;1;0;0;0
CSV;m0;selune_prata;durvall;2;dagruve;1;12;1467;0;485;morreu
KIND;m0;selune_prata;durvall;2;0;0;0
CSV;m0;selune_prata;durvall;3;dagruve;1;10;1505;0;533;morreu
KIND;m0;selune_prata;durvall;3;0;0;0
CSV;m0;selune_prata;durvall;4;dagruve;1;2;51;0;51;morreu
KIND;m0;selune_prata;durvall;4;0;0;0
CSV;m0;selune_prata;durvall;5;dagruve;1;8;143;0;66;morreu
KIND;m0;selune_prata;durvall;5;0;0;0
CSV;m0;selune_prata;durvall;6;dagruve;1;3;42;0;41;morreu
KIND;m0;selune_prata;durvall;6;0;0;0
CSV;m1;selune_prata;durvall;1;dagruve;1;5;338;0;103;morreu
KIND;m1;selune_prata;durvall;1;0;0;0
CSV;m1;selune_prata;durvall;2;dagruve;1;6;282;0;98;morreu
KIND;m1;selune_prata;durvall;2;0;0;0
CSV;m1;selune_prata;durvall;3;dagruve;1;9;364;41;93;passou
CSV;m1;selune_prata;durvall;3;docas;9;10;81;0;60;morreu
KIND;m1;selune_prata;durvall;3;0;0;0
CSV;m1;selune_prata;durvall;4;dagruve;1;11;2148;0;910;morreu
KIND;m1;selune_prata;durvall;4;0;0;0
CSV;m1;selune_prata;durvall;5;dagruve;1;11;1111;0;470;morreu
KIND;m1;selune_prata;durvall;5;0;0;0
CSV;m1;selune_prata;durvall;6;dagruve;1;13;1374;42;445;passou
CSV;m1;selune_prata;durvall;6;docas;13;15;493;11;389;passou
CSV;m1;selune_prata;durvall;6;shedaklah;15;16;466;0;141;morreu
KIND;m1;selune_prata;durvall;6;0;0;0
CSV;m0;selune_prata;kayron;1;dagruve;1;11;329;74;54;passou
CSV;m0;selune_prata;kayron;1;docas;11;17;340;55;201;passou
CSV;m0;selune_prata;kayron;1;shedaklah;17;18;86;0;193;morreu
KIND;m0;selune_prata;kayron;1;0;0;0
CSV;m0;selune_prata;kayron;2;dagruve;1;10;522;56;89;passou
CSV;m0;selune_prata;kayron;2;docas;10;13;489;0;97;morreu
KIND;m0;selune_prata;kayron;2;0;0;0
CSV;m0;selune_prata;kayron;3;dagruve;1;6;96;0;55;morreu
KIND;m0;selune_prata;kayron;3;0;0;0
CSV;m0;selune_prata;kayron;4;dagruve;1;4;110;0;51;morreu
KIND;m0;selune_prata;kayron;4;0;0;0
CSV;m0;selune_prata;kayron;5;dagruve;1;2;65;0;42;morreu
KIND;m0;selune_prata;kayron;5;0;0;0
CSV;m0;selune_prata;kayron;6;dagruve;1;11;510;2;156;passou
CSV;m0;selune_prata;kayron;6;docas;11;15;174;0;122;morreu
KIND;m0;selune_prata;kayron;6;0;0;0
CSV;m1;selune_prata;kayron;1;dagruve;1;12;328;54;63;passou
CSV;m1;selune_prata;kayron;1;docas;12;16;356;19;239;passou
CSV;m1;selune_prata;kayron;1;shedaklah;16;17;306;0;169;morreu
KIND;m1;selune_prata;kayron;1;0;0;0
CSV;m1;selune_prata;kayron;2;dagruve;1;12;429;12;118;passou
CSV;m1;selune_prata;kayron;2;docas;12;16;443;38;309;passou
CSV;m1;selune_prata;kayron;2;shedaklah;16;18;265;0;258;morreu
KIND;m1;selune_prata;kayron;2;0;0;0
CSV;m1;selune_prata;kayron;3;dagruve;1;11;758;66;150;passou
CSV;m1;selune_prata;kayron;3;docas;11;12;104;0;142;morreu
KIND;m1;selune_prata;kayron;3;0;0;0
CSV;m1;selune_prata;kayron;4;dagruve;1;12;1117;48;239;passou
CSV;m1;selune_prata;kayron;4;docas;12;14;576;21;149;passou
CSV;m1;selune_prata;kayron;4;shedaklah;14;16;573;0;211;morreu
KIND;m1;selune_prata;kayron;4;0;0;0
CSV;m1;selune_prata;kayron;5;dagruve;1;12;981;56;274;passou
CSV;m1;selune_prata;kayron;5;docas;12;16;403;32;266;passou
CSV;m1;selune_prata;kayron;5;shedaklah;16;19;1133;0;439;morreu
KIND;m1;selune_prata;kayron;5;0;0;0
CSV;m1;selune_prata;kayron;6;dagruve;1;9;412;73;67;passou
CSV;m1;selune_prata;kayron;6;docas;9;16;378;10;262;passou
CSV;m1;selune_prata;kayron;6;shedaklah;16;17;138;0;328;morreu
KIND;m1;selune_prata;kayron;6;0;0;0
CSV;m0;selune_prata;korrak;1;dagruve;1;12;1346;76;161;passou
CSV;m0;selune_prata;korrak;1;docas;12;16;707;43;275;passou
CSV;m0;selune_prata;korrak;1;shedaklah;16;20;1110;0;513;morreu
KIND;m0;selune_prata;korrak;1;0;0;0
CSV;m0;selune_prata;korrak;2;dagruve;1;12;999;47;326;passou
CSV;m0;selune_prata;korrak;2;docas;12;14;481;51;169;passou
CSV;m0;selune_prata;korrak;2;shedaklah;14;16;939;0;470;morreu
KIND;m0;selune_prata;korrak;2;0;0;0
CSV;m0;selune_prata;korrak;3;dagruve;1;10;365;51;73;passou
CSV;m0;selune_prata;korrak;3;docas;10;15;359;54;300;passou
CSV;m0;selune_prata;korrak;3;shedaklah;15;20;720;0;579;morreu
KIND;m0;selune_prata;korrak;3;0;0;0
CSV;m0;selune_prata;korrak;4;dagruve;1;12;648;58;295;passou
CSV;m0;selune_prata;korrak;4;docas;12;13;72;0;94;morreu
KIND;m0;selune_prata;korrak;4;0;0;0
CSV;m0;selune_prata;korrak;5;dagruve;1;9;478;65;101;passou
CSV;m0;selune_prata;korrak;5;docas;9;14;384;62;160;passou
CSV;m0;selune_prata;korrak;5;shedaklah;14;21;1306;0;1073;morreu
KIND;m0;selune_prata;korrak;5;0;0;0
CSV;m0;selune_prata;korrak;6;dagruve;1;11;721;77;141;passou
CSV;m0;selune_prata;korrak;6;docas;11;14;376;37;180;passou
CSV;m0;selune_prata;korrak;6;shedaklah;14;17;551;0;406;morreu
KIND;m0;selune_prata;korrak;6;0;0;0
CSV;m1;selune_prata;korrak;1;dagruve;1;11;847;65;202;passou
CSV;m1;selune_prata;korrak;1;docas;11;17;334;67;250;passou
CSV;m1;selune_prata;korrak;1;shedaklah;17;23;574;52;267;passou
CSV;m1;selune_prata;korrak;1;molor;23;34;2038;1;4068;passou
KIND;m1;selune_prata;korrak;1;0;0;0
CSV;m1;selune_prata;korrak;2;dagruve;1;11;749;55;118;passou
CSV;m1;selune_prata;korrak;2;docas;11;15;535;43;374;passou
CSV;m1;selune_prata;korrak;2;shedaklah;15;18;915;0;672;morreu
KIND;m1;selune_prata;korrak;2;0;0;0
CSV;m1;selune_prata;korrak;3;dagruve;1;9;332;78;82;passou
CSV;m1;selune_prata;korrak;3;docas;9;13;598;59;213;passou
CSV;m1;selune_prata;korrak;3;shedaklah;13;20;3217;33;1524;passou
CSV;m1;selune_prata;korrak;3;molor;20;24;1625;0;1560;morreu
KIND;m1;selune_prata;korrak;3;0;0;0
CSV;m1;selune_prata;korrak;4;dagruve;1;11;690;71;80;passou
CSV;m1;selune_prata;korrak;4;docas;11;14;554;78;129;passou
CSV;m1;selune_prata;korrak;4;shedaklah;14;18;1030;0;670;morreu
KIND;m1;selune_prata;korrak;4;0;0;0
CSV;m1;selune_prata;korrak;5;dagruve;1;9;330;81;58;passou
CSV;m1;selune_prata;korrak;5;docas;9;16;343;62;290;passou
CSV;m1;selune_prata;korrak;5;shedaklah;16;24;1188;25;844;passou
CSV;m1;selune_prata;korrak;5;molor;24;32;1759;15;1813;passou
KIND;m1;selune_prata;korrak;5;0;0;0
CSV;m1;selune_prata;korrak;6;dagruve;1;9;441;75;106;passou
CSV;m1;selune_prata;korrak;6;docas;9;13;437;67;212;passou
CSV;m1;selune_prata;korrak;6;shedaklah;13;16;779;0;749;morreu
KIND;m1;selune_prata;korrak;6;0;0;0
CSV;m0;selune_prata;leoric;1;dagruve;1;1;50;0;38;morreu
KIND;m0;selune_prata;leoric;1;0;0;0
CSV;m0;selune_prata;leoric;2;dagruve;1;10;351;63;61;passou
CSV;m0;selune_prata;leoric;2;docas;10;10;92;0;51;morreu
KIND;m0;selune_prata;leoric;2;0;0;0
CSV;m0;selune_prata;leoric;3;dagruve;1;10;823;0;233;morreu
KIND;m0;selune_prata;leoric;3;0;0;0
CSV;m0;selune_prata;leoric;4;dagruve;1;11;572;22;137;passou
CSV;m0;selune_prata;leoric;4;docas;11;12;62;0;55;morreu
KIND;m0;selune_prata;leoric;4;0;0;0
CSV;m0;selune_prata;leoric;5;dagruve;1;14;1588;0;391;passou
CSV;m0;selune_prata;leoric;5;docas;14;14;0;34;0;?
KIND;m0;selune_prata;leoric;5;0;0;0
CSV;m0;selune_prata;leoric;6;dagruve;1;3;50;0;33;morreu
KIND;m0;selune_prata;leoric;6;0;0;0
CSV;m1;selune_prata;leoric;1;dagruve;1;11;446;19;67;passou
CSV;m1;selune_prata;leoric;1;docas;11;17;295;2;83;morreu
KIND;m1;selune_prata;leoric;1;0;0;0
CSV;m1;selune_prata;leoric;2;dagruve;1;5;84;0;61;morreu
KIND;m1;selune_prata;leoric;2;0;0;0
CSV;m1;selune_prata;leoric;3;dagruve;1;14;1567;60;235;passou
CSV;m1;selune_prata;leoric;3;docas;14;17;629;67;84;passou
CSV;m1;selune_prata;leoric;3;shedaklah;17;18;236;0;134;morreu
KIND;m1;selune_prata;leoric;3;0;0;0
CSV;m1;selune_prata;leoric;4;dagruve;1;12;740;72;115;passou
CSV;m1;selune_prata;leoric;4;docas;12;15;800;72;102;passou
CSV;m1;selune_prata;leoric;4;shedaklah;15;15;45;0;62;morreu
KIND;m1;selune_prata;leoric;4;0;0;0
CSV;m1;selune_prata;leoric;5;dagruve;1;3;61;0;43;morreu
KIND;m1;selune_prata;leoric;5;0;0;0
CSV;m1;selune_prata;leoric;6;dagruve;1;14;328;16;139;passou
CSV;m1;selune_prata;leoric;6;docas;14;19;340;0;132;morreu
KIND;m1;selune_prata;leoric;6;0;0;0
CSV;m0;selune_prata;maelor;1;dagruve;1;12;680;34;135;passou
CSV;m0;selune_prata;maelor;1;docas;12;14;538;0;234;morreu
KIND;m0;selune_prata;maelor;1;0;0;0
CSV;m0;selune_prata;maelor;2;dagruve;1;2;50;0;50;morreu
KIND;m0;selune_prata;maelor;2;0;0;0
CSV;m0;selune_prata;maelor;3;dagruve;1;14;1925;30;612;passou
CSV;m0;selune_prata;maelor;3;docas;14;16;821;8;237;passou
CSV;m0;selune_prata;maelor;3;shedaklah;16;20;654;0;674;morreu
KIND;m0;selune_prata;maelor;3;0;0;0
CSV;m0;selune_prata;maelor;4;dagruve;1;12;581;13;181;passou
CSV;m0;selune_prata;maelor;4;docas;12;12;86;0;53;morreu
KIND;m0;selune_prata;maelor;4;0;0;0
CSV;m0;selune_prata;maelor;5;dagruve;1;15;2060;42;440;passou
CSV;m0;selune_prata;maelor;5;docas;15;15;82;0;44;morreu
KIND;m0;selune_prata;maelor;5;0;0;0
CSV;m0;selune_prata;maelor;6;dagruve;1;13;1169;44;460;passou
CSV;m0;selune_prata;maelor;6;docas;13;16;653;11;412;passou
CSV;m0;selune_prata;maelor;6;shedaklah;16;16;45;0;83;morreu
KIND;m0;selune_prata;maelor;6;0;0;0
CSV;m1;selune_prata;maelor;1;dagruve;1;14;1415;35;224;passou
CSV;m1;selune_prata;maelor;1;docas;14;16;315;0;195;morreu
KIND;m1;selune_prata;maelor;1;0;0;0
CSV;m1;selune_prata;maelor;2;dagruve;1;10;415;76;132;passou
CSV;m1;selune_prata;maelor;2;docas;10;12;134;0;109;morreu
KIND;m1;selune_prata;maelor;2;0;0;0
CSV;m1;selune_prata;maelor;3;dagruve;1;8;221;0;139;morreu
KIND;m1;selune_prata;maelor;3;0;0;0
CSV;m1;selune_prata;maelor;4;dagruve;1;3;75;0;58;morreu
KIND;m1;selune_prata;maelor;4;0;0;0
CSV;m1;selune_prata;maelor;5;dagruve;1;4;127;0;99;morreu
KIND;m1;selune_prata;maelor;5;0;0;0
CSV;m1;selune_prata;maelor;6;dagruve;1;14;1344;66;292;passou
CSV;m1;selune_prata;maelor;6;docas;14;15;113;0;84;morreu
KIND;m1;selune_prata;maelor;6;0;0;0
CSV;m0;selune_prata;nyrelia;1;dagruve;1;2;136;0;42;morreu
KIND;m0;selune_prata;nyrelia;1;0;0;0
CSV;m0;selune_prata;nyrelia;2;dagruve;1;10;660;35;100;passou
CSV;m0;selune_prata;nyrelia;2;docas;10;11;76;0;48;morreu
KIND;m0;selune_prata;nyrelia;2;0;0;0
CSV;m0;selune_prata;nyrelia;3;dagruve;1;7;601;0;141;morreu
KIND;m0;selune_prata;nyrelia;3;0;0;0
CSV;m0;selune_prata;nyrelia;4;dagruve;1;10;1704;0;483;morreu
KIND;m0;selune_prata;nyrelia;4;0;0;0
CSV;m0;selune_prata;nyrelia;5;dagruve;1;6;405;0;123;morreu
KIND;m0;selune_prata;nyrelia;5;0;0;0
CSV;m0;selune_prata;nyrelia;6;dagruve;1;3;186;0;59;morreu
KIND;m0;selune_prata;nyrelia;6;0;0;0
CSV;m1;selune_prata;nyrelia;1;dagruve;1;2;105;0;52;morreu
KIND;m1;selune_prata;nyrelia;1;0;0;0
CSV;m1;selune_prata;nyrelia;2;dagruve;1;12;1080;39;249;passou
CSV;m1;selune_prata;nyrelia;2;docas;12;12;50;0;53;morreu
KIND;m1;selune_prata;nyrelia;2;0;0;0
CSV;m1;selune_prata;nyrelia;3;dagruve;1;6;509;0;166;morreu
KIND;m1;selune_prata;nyrelia;3;0;0;0
CSV;m1;selune_prata;nyrelia;4;dagruve;1;6;355;0;99;morreu
KIND;m1;selune_prata;nyrelia;4;0;0;0
CSV;m1;selune_prata;nyrelia;5;dagruve;1;2;103;0;49;morreu
KIND;m1;selune_prata;nyrelia;5;0;0;0
CSV;m1;selune_prata;nyrelia;6;dagruve;1;10;1306;0;368;morreu
KIND;m1;selune_prata;nyrelia;6;0;0;0
CSV;m0;selune_prata;sylas;1;dagruve;1;7;194;0;65;morreu
KIND;m0;selune_prata;sylas;1;0;0;0
CSV;m0;selune_prata;sylas;2;dagruve;1;5;102;0;60;morreu
KIND;m0;selune_prata;sylas;2;0;0;0
CSV;m0;selune_prata;sylas;3;dagruve;1;12;476;61;102;passou
CSV;m0;selune_prata;sylas;3;docas;12;16;538;54;143;passou
CSV;m0;selune_prata;sylas;3;shedaklah;16;19;913;0;333;morreu
KIND;m0;selune_prata;sylas;3;0;0;0
CSV;m0;selune_prata;sylas;4;dagruve;1;7;168;0;94;morreu
KIND;m0;selune_prata;sylas;4;0;0;0
CSV;m0;selune_prata;sylas;5;dagruve;1;12;331;55;118;passou
CSV;m0;selune_prata;sylas;5;docas;12;16;447;40;275;passou
CSV;m0;selune_prata;sylas;5;shedaklah;16;21;767;0;518;morreu
KIND;m0;selune_prata;sylas;5;0;0;0
CSV;m0;selune_prata;sylas;6;dagruve;1;11;394;16;111;passou
CSV;m0;selune_prata;sylas;6;docas;11;12;182;0;97;morreu
KIND;m0;selune_prata;sylas;6;0;0;0
CSV;m1;selune_prata;sylas;1;dagruve;1;11;342;77;39;passou
CSV;m1;selune_prata;sylas;1;docas;11;16;442;10;247;passou
CSV;m1;selune_prata;sylas;1;shedaklah;16;16;149;0;177;morreu
KIND;m1;selune_prata;sylas;1;0;0;0
CSV;m1;selune_prata;sylas;2;dagruve;1;11;386;63;64;passou
CSV;m1;selune_prata;sylas;2;docas;11;15;429;7;206;passou
CSV;m1;selune_prata;sylas;2;shedaklah;15;15;44;0;62;morreu
KIND;m1;selune_prata;sylas;2;0;0;0
CSV;m1;selune_prata;sylas;3;dagruve;1;6;158;0;85;morreu
KIND;m1;selune_prata;sylas;3;0;0;0
CSV;m1;selune_prata;sylas;4;dagruve;1;12;312;78;45;passou
CSV;m1;selune_prata;sylas;4;docas;12;18;355;48;144;passou
CSV;m1;selune_prata;sylas;4;shedaklah;18;22;679;0;277;morreu
KIND;m1;selune_prata;sylas;4;0;0;0
CSV;m1;selune_prata;sylas;5;dagruve;1;12;403;87;57;passou
CSV;m1;selune_prata;sylas;5;docas;12;16;522;61;190;passou
CSV;m1;selune_prata;sylas;5;shedaklah;16;18;672;0;398;morreu
KIND;m1;selune_prata;sylas;5;0;0;0
CSV;m1;selune_prata;sylas;6;dagruve;1;15;322;4;105;passou
CSV;m1;selune_prata;sylas;6;docas;15;16;121;0;70;morreu
KIND;m1;selune_prata;sylas;6;0;0;0
CSV;m0;selune_prata;zynara;1;dagruve;1;2;67;0;37;morreu
KIND;m0;selune_prata;zynara;1;0;0;0
CSV;m0;selune_prata;zynara;2;dagruve;1;4;70;0;42;morreu
KIND;m0;selune_prata;zynara;2;0;0;0
CSV;m0;selune_prata;zynara;3;dagruve;1;10;703;68;114;passou
CSV;m0;selune_prata;zynara;3;docas;10;14;840;24;227;passou
CSV;m0;selune_prata;zynara;3;shedaklah;14;16;566;0;164;morreu
KIND;m0;selune_prata;zynara;3;0;0;0
CSV;m0;selune_prata;zynara;4;dagruve;1;3;179;0;59;morreu
KIND;m0;selune_prata;zynara;4;0;0;0
CSV;m0;selune_prata;zynara;5;dagruve;1;4;165;0;55;morreu
KIND;m0;selune_prata;zynara;5;0;0;0
CSV;m0;selune_prata;zynara;6;dagruve;1;5;193;0;71;morreu
KIND;m0;selune_prata;zynara;6;0;0;0
CSV;m1;selune_prata;zynara;1;dagruve;1;11;702;51;137;passou
CSV;m1;selune_prata;zynara;1;docas;11;13;168;0;142;morreu
KIND;m1;selune_prata;zynara;1;0;0;0
CSV;m1;selune_prata;zynara;2;dagruve;1;3;137;0;68;morreu
KIND;m1;selune_prata;zynara;2;0;0;0
CSV;m1;selune_prata;zynara;3;dagruve;1;8;461;0;120;morreu
KIND;m1;selune_prata;zynara;3;0;0;0
CSV;m1;selune_prata;zynara;4;dagruve;1;3;71;0;46;morreu
KIND;m1;selune_prata;zynara;4;0;0;0
CSV;m1;selune_prata;zynara;5;dagruve;1;11;712;58;148;passou
CSV;m1;selune_prata;zynara;5;docas;11;13;168;0;138;morreu
KIND;m1;selune_prata;zynara;5;0;0;0
CSV;m1;selune_prata;zynara;6;dagruve;1;7;104;0;73;morreu
KIND;m1;selune_prata;zynara;6;0;0;0
CSV;m0;sendrinah_cura;bromnor;1;dagruve;1;10;349;100;0;passou
CSV;m0;sendrinah_cura;bromnor;1;docas;10;14;448;0;169;passou
CSV;m0;sendrinah_cura;bromnor;1;shedaklah;14;23;1274;47;60;passou
CSV;m0;sendrinah_cura;bromnor;1;molor;23;23;105;0;94;morreu
KIND;m0;sendrinah_cura;bromnor;1;0;0;0
CSV;m0;sendrinah_cura;bromnor;2;dagruve;1;12;1549;81;35;passou
CSV;m0;sendrinah_cura;bromnor;2;docas;12;14;595;94;3;passou
CSV;m0;sendrinah_cura;bromnor;2;shedaklah;14;15;762;0;140;morreu
KIND;m0;sendrinah_cura;bromnor;2;0;0;0
CSV;m0;sendrinah_cura;bromnor;3;dagruve;1;17;3272;7;210;passou
CSV;m0;sendrinah_cura;bromnor;3;docas;17;18;453;64;54;passou
CSV;m0;sendrinah_cura;bromnor;3;shedaklah;18;20;1886;0;470;morreu
KIND;m0;sendrinah_cura;bromnor;3;0;0;0
CSV;m0;sendrinah_cura;bromnor;4;dagruve;1;13;1475;75;22;passou
CSV;m0;sendrinah_cura;bromnor;4;docas;13;15;491;45;65;passou
CSV;m0;sendrinah_cura;bromnor;4;shedaklah;15;18;792;0;99;morreu
KIND;m0;sendrinah_cura;bromnor;4;0;0;0
CSV;m0;sendrinah_cura;bromnor;5;dagruve;1;13;1556;79;14;passou
CSV;m0;sendrinah_cura;bromnor;5;docas;13;13;66;0;54;morreu
KIND;m0;sendrinah_cura;bromnor;5;0;0;0
CSV;m0;sendrinah_cura;bromnor;6;dagruve;1;12;1471;73;32;passou
CSV;m0;sendrinah_cura;bromnor;6;docas;12;15;567;84;41;passou
CSV;m0;sendrinah_cura;bromnor;6;shedaklah;15;17;820;0;195;morreu
KIND;m0;sendrinah_cura;bromnor;6;0;0;0
CSV;m1;sendrinah_cura;bromnor;1;dagruve;1;11;1452;100;0;passou
CSV;m1;sendrinah_cura;bromnor;1;docas;11;15;594;98;1;passou
CSV;m1;sendrinah_cura;bromnor;1;shedaklah;15;15;73;0;77;morreu
KIND;m1;sendrinah_cura;bromnor;1;0;0;0
CSV;m1;sendrinah_cura;bromnor;2;dagruve;1;12;1393;75;26;passou
CSV;m1;sendrinah_cura;bromnor;2;docas;12;15;474;100;0;passou
CSV;m1;sendrinah_cura;bromnor;2;shedaklah;15;18;606;0;109;morreu
KIND;m1;sendrinah_cura;bromnor;2;0;0;0
CSV;m1;sendrinah_cura;bromnor;3;dagruve;1;15;1513;37;55;passou
CSV;m1;sendrinah_cura;bromnor;3;docas;15;18;549;64;73;passou
CSV;m1;sendrinah_cura;bromnor;3;shedaklah;18;20;696;0;164;morreu
KIND;m1;sendrinah_cura;bromnor;3;0;0;0
CSV;m1;sendrinah_cura;bromnor;4;dagruve;1;13;2563;82;41;passou
CSV;m1;sendrinah_cura;bromnor;4;docas;13;16;472;74;24;passou
CSV;m1;sendrinah_cura;bromnor;4;shedaklah;16;20;995;0;146;morreu
KIND;m1;sendrinah_cura;bromnor;4;0;0;0
CSV;m1;sendrinah_cura;bromnor;5;dagruve;1;13;1522;93;11;passou
CSV;m1;sendrinah_cura;bromnor;5;docas;13;15;456;95;8;passou
CSV;m1;sendrinah_cura;bromnor;5;shedaklah;15;18;918;0;99;morreu
KIND;m1;sendrinah_cura;bromnor;5;0;0;0
CSV;m1;sendrinah_cura;bromnor;6;dagruve;1;13;1566;100;0;passou
CSV;m1;sendrinah_cura;bromnor;6;docas;13;17;486;87;18;passou
CSV;m1;sendrinah_cura;bromnor;6;shedaklah;17;18;1178;0;216;morreu
KIND;m1;sendrinah_cura;bromnor;6;0;0;0
CSV;m0;sendrinah_cura;brook;1;dagruve;1;3;51;0;42;morreu
KIND;m0;sendrinah_cura;brook;1;0;0;0
CSV;m0;sendrinah_cura;brook;2;dagruve;1;11;733;96;3;passou
CSV;m0;sendrinah_cura;brook;2;docas;11;14;604;75;72;passou
CSV;m0;sendrinah_cura;brook;2;shedaklah;14;15;570;0;182;morreu
KIND;m0;sendrinah_cura;brook;2;0;0;0
CSV;m0;sendrinah_cura;brook;3;dagruve;1;9;1706;0;208;morreu
KIND;m0;sendrinah_cura;brook;3;0;0;0
CSV;m0;sendrinah_cura;brook;4;dagruve;1;3;55;0;43;morreu
KIND;m0;sendrinah_cura;brook;4;0;0;0
CSV;m0;sendrinah_cura;brook;5;dagruve;1;10;679;4;61;passou
CSV;m0;sendrinah_cura;brook;5;docas;10;16;475;67;43;passou
CSV;m0;sendrinah_cura;brook;5;shedaklah;16;17;155;0;133;morreu
KIND;m0;sendrinah_cura;brook;5;0;0;0
CSV;m0;sendrinah_cura;brook;6;dagruve;1;11;1933;0;327;morreu
KIND;m0;sendrinah_cura;brook;6;0;0;0
CSV;m1;sendrinah_cura;brook;1;dagruve;1;4;72;0;53;morreu
KIND;m1;sendrinah_cura;brook;1;0;0;0
CSV;m1;sendrinah_cura;brook;2;dagruve;1;12;1037;92;10;passou
CSV;m1;sendrinah_cura;brook;2;docas;12;17;366;61;56;passou
CSV;m1;sendrinah_cura;brook;2;shedaklah;17;20;620;0;199;morreu
KIND;m1;sendrinah_cura;brook;2;0;0;0
CSV;m1;sendrinah_cura;brook;3;dagruve;1;12;1136;7;68;passou
CSV;m1;sendrinah_cura;brook;3;docas;12;15;521;0;213;morreu
KIND;m1;sendrinah_cura;brook;3;0;0;0
CSV;m1;sendrinah_cura;brook;4;dagruve;1;13;1420;30;73;passou
CSV;m1;sendrinah_cura;brook;4;docas;13;14;449;79;33;passou
CSV;m1;sendrinah_cura;brook;4;shedaklah;14;15;62;0;71;morreu
KIND;m1;sendrinah_cura;brook;4;0;0;0
CSV;m1;sendrinah_cura;brook;5;dagruve;1;13;1976;51;176;passou
CSV;m1;sendrinah_cura;brook;5;docas;13;16;674;36;115;passou
CSV;m1;sendrinah_cura;brook;5;shedaklah;16;19;994;0;351;morreu
KIND;m1;sendrinah_cura;brook;5;0;0;0
CSV;m1;sendrinah_cura;brook;6;dagruve;1;11;2054;0;160;morreu
KIND;m1;sendrinah_cura;brook;6;0;0;0
CSV;m0;sendrinah_cura;durvall;1;dagruve;1;9;794;0;183;morreu
KIND;m0;sendrinah_cura;durvall;1;0;0;0
CSV;m0;sendrinah_cura;durvall;2;dagruve;1;8;483;0;99;morreu
KIND;m0;sendrinah_cura;durvall;2;0;0;0
CSV;m0;sendrinah_cura;durvall;3;dagruve;1;10;1864;0;373;morreu
KIND;m0;sendrinah_cura;durvall;3;0;0;0
CSV;m0;sendrinah_cura;durvall;4;dagruve;1;9;807;0;306;morreu
KIND;m0;sendrinah_cura;durvall;4;0;0;0
CSV;m0;sendrinah_cura;durvall;5;dagruve;1;8;801;0;190;morreu
KIND;m0;sendrinah_cura;durvall;5;0;0;0
CSV;m0;sendrinah_cura;durvall;6;dagruve;1;3;42;0;39;morreu
KIND;m0;sendrinah_cura;durvall;6;0;0;0
CSV;m1;sendrinah_cura;durvall;1;dagruve;1;10;1637;0;420;morreu
KIND;m1;sendrinah_cura;durvall;1;0;0;0
CSV;m1;sendrinah_cura;durvall;2;dagruve;1;12;1963;13;193;passou
CSV;m1;sendrinah_cura;durvall;2;docas;12;13;321;0;145;morreu
KIND;m1;sendrinah_cura;durvall;2;0;0;0
CSV;m1;sendrinah_cura;durvall;3;dagruve;1;11;1760;0;452;morreu
KIND;m1;sendrinah_cura;durvall;3;0;0;0
CSV;m1;sendrinah_cura;durvall;4;dagruve;1;10;954;0;210;morreu
KIND;m1;sendrinah_cura;durvall;4;0;0;0
CSV;m1;sendrinah_cura;durvall;5;dagruve;1;12;1298;12;396;passou
CSV;m1;sendrinah_cura;durvall;5;docas;12;14;503;43;101;passou
CSV;m1;sendrinah_cura;durvall;5;shedaklah;14;14;213;0;103;morreu
KIND;m1;sendrinah_cura;durvall;5;0;0;0
CSV;m1;sendrinah_cura;durvall;6;dagruve;1;12;1014;88;23;passou
CSV;m1;sendrinah_cura;durvall;6;docas;12;13;147;0;91;morreu
KIND;m1;sendrinah_cura;durvall;6;0;0;0
CSV;m0;sendrinah_cura;kayron;1;dagruve;1;11;375;81;18;passou
CSV;m0;sendrinah_cura;kayron;1;docas;11;12;100;0;67;morreu
KIND;m0;sendrinah_cura;kayron;1;0;0;0
CSV;m0;sendrinah_cura;kayron;2;dagruve;1;9;455;0;95;morreu
KIND;m0;sendrinah_cura;kayron;2;0;0;0
CSV;m0;sendrinah_cura;kayron;3;dagruve;1;7;104;0;48;morreu
KIND;m0;sendrinah_cura;kayron;3;0;0;0
CSV;m0;sendrinah_cura;kayron;4;dagruve;1;6;158;0;76;morreu
KIND;m0;sendrinah_cura;kayron;4;0;0;0
CSV;m0;sendrinah_cura;kayron;5;dagruve;1;3;67;0;40;morreu
KIND;m0;sendrinah_cura;kayron;5;0;0;0
CSV;m0;sendrinah_cura;kayron;6;dagruve;1;11;572;29;65;passou
CSV;m0;sendrinah_cura;kayron;6;docas;11;14;578;52;86;passou
CSV;m0;sendrinah_cura;kayron;6;shedaklah;14;15;208;0;53;morreu
KIND;m0;sendrinah_cura;kayron;6;0;0;0
CSV;m1;sendrinah_cura;kayron;1;dagruve;1;12;474;23;50;passou
CSV;m1;sendrinah_cura;kayron;1;docas;12;14;141;0;72;morreu
KIND;m1;sendrinah_cura;kayron;1;0;0;0
CSV;m1;sendrinah_cura;kayron;2;dagruve;1;10;473;90;10;passou
CSV;m1;sendrinah_cura;kayron;2;docas;10;15;674;0;274;passou
CSV;m1;sendrinah_cura;kayron;2;shedaklah;15;15;90;0;84;morreu
KIND;m1;sendrinah_cura;kayron;2;0;0;0
CSV;m1;sendrinah_cura;kayron;3;dagruve;1;11;842;88;40;passou
CSV;m1;sendrinah_cura;kayron;3;docas;11;18;352;52;197;passou
CSV;m1;sendrinah_cura;kayron;3;shedaklah;18;24;576;54;190;passou
CSV;m1;sendrinah_cura;kayron;3;molor;24;29;626;63;183;passou
KIND;m1;sendrinah_cura;kayron;3;0;0;0
CSV;m1;sendrinah_cura;kayron;4;dagruve;1;12;1061;81;43;passou
CSV;m1;sendrinah_cura;kayron;4;docas;12;14;187;0;68;morreu
KIND;m1;sendrinah_cura;kayron;4;0;0;0
CSV;m1;sendrinah_cura;kayron;5;dagruve;1;12;1055;17;184;passou
CSV;m1;sendrinah_cura;kayron;5;docas;12;15;499;23;305;passou
CSV;m1;sendrinah_cura;kayron;5;shedaklah;15;16;277;0;133;morreu
KIND;m1;sendrinah_cura;kayron;5;0;0;0
CSV;m1;sendrinah_cura;kayron;6;dagruve;1;12;1205;66;65;passou
CSV;m1;sendrinah_cura;kayron;6;docas;12;13;78;0;69;morreu
KIND;m1;sendrinah_cura;kayron;6;0;0;0
CSV;m0;sendrinah_cura;korrak;1;dagruve;1;12;954;100;0;passou
CSV;m0;sendrinah_cura;korrak;1;docas;12;17;475;62;148;passou
CSV;m0;sendrinah_cura;korrak;1;shedaklah;17;22;1120;0;493;morreu
KIND;m0;sendrinah_cura;korrak;1;0;0;0
CSV;m0;sendrinah_cura;korrak;2;dagruve;1;11;698;71;24;passou
CSV;m0;sendrinah_cura;korrak;2;docas;11;15;543;30;129;passou
CSV;m0;sendrinah_cura;korrak;2;shedaklah;15;16;133;0;149;morreu
KIND;m0;sendrinah_cura;korrak;2;0;0;0
CSV;m0;sendrinah_cura;korrak;3;dagruve;1;11;379;90;17;passou
CSV;m0;sendrinah_cura;korrak;3;docas;11;15;402;79;62;passou
CSV;m0;sendrinah_cura;korrak;3;shedaklah;15;16;55;0;177;morreu
KIND;m0;sendrinah_cura;korrak;3;0;0;0
CSV;m0;sendrinah_cura;korrak;4;dagruve;1;11;484;76;95;passou
CSV;m0;sendrinah_cura;korrak;4;docas;11;14;419;58;117;passou
CSV;m0;sendrinah_cura;korrak;4;shedaklah;14;19;710;0;400;morreu
KIND;m0;sendrinah_cura;korrak;4;0;0;0
CSV;m0;sendrinah_cura;korrak;5;dagruve;1;13;1009;83;40;passou
CSV;m0;sendrinah_cura;korrak;5;docas;13;17;348;77;97;passou
CSV;m0;sendrinah_cura;korrak;5;shedaklah;17;18;284;0;170;morreu
KIND;m0;sendrinah_cura;korrak;5;0;0;0
CSV;m0;sendrinah_cura;korrak;6;dagruve;1;11;651;86;8;passou
CSV;m0;sendrinah_cura;korrak;6;docas;11;14;425;39;84;passou
CSV;m0;sendrinah_cura;korrak;6;shedaklah;14;15;60;0;128;morreu
KIND;m0;sendrinah_cura;korrak;6;0;0;0
CSV;m1;sendrinah_cura;korrak;1;dagruve;1;12;922;67;56;passou
CSV;m1;sendrinah_cura;korrak;1;docas;12;16;373;80;57;passou
CSV;m1;sendrinah_cura;korrak;1;shedaklah;16;22;2064;0;629;morreu
KIND;m1;sendrinah_cura;korrak;1;0;0;0
CSV;m1;sendrinah_cura;korrak;2;dagruve;1;13;1114;71;58;passou
CSV;m1;sendrinah_cura;korrak;2;docas;13;15;371;59;103;passou
CSV;m1;sendrinah_cura;korrak;2;shedaklah;15;20;1673;0;993;morreu
KIND;m1;sendrinah_cura;korrak;2;0;0;0
CSV;m1;sendrinah_cura;korrak;3;dagruve;1;14;1378;72;61;passou
CSV;m1;sendrinah_cura;korrak;3;docas;14;16;440;66;110;passou
CSV;m1;sendrinah_cura;korrak;3;shedaklah;16;18;1150;0;460;morreu
KIND;m1;sendrinah_cura;korrak;3;0;0;0
CSV;m1;sendrinah_cura;korrak;4;dagruve;1;9;441;99;0;passou
CSV;m1;sendrinah_cura;korrak;4;docas;9;14;457;85;13;passou
CSV;m1;sendrinah_cura;korrak;4;shedaklah;14;22;2664;12;767;passou
CSV;m1;sendrinah_cura;korrak;4;molor;22;23;128;0;175;morreu
KIND;m1;sendrinah_cura;korrak;4;0;0;0
CSV;m1;sendrinah_cura;korrak;5;dagruve;1;11;727;83;29;passou
CSV;m1;sendrinah_cura;korrak;5;docas;11;15;386;84;43;passou
CSV;m1;sendrinah_cura;korrak;5;shedaklah;15;22;1805;0;850;morreu
KIND;m1;sendrinah_cura;korrak;5;0;0;0
CSV;m1;sendrinah_cura;korrak;6;dagruve;1;12;853;86;11;passou
CSV;m1;sendrinah_cura;korrak;6;docas;12;16;488;93;7;passou
CSV;m1;sendrinah_cura;korrak;6;shedaklah;16;20;2020;0;286;morreu
KIND;m1;sendrinah_cura;korrak;6;0;0;0
CSV;m0;sendrinah_cura;leoric;1;dagruve;1;2;50;0;32;morreu
KIND;m0;sendrinah_cura;leoric;1;0;0;0
CSV;m0;sendrinah_cura;leoric;2;dagruve;1;12;803;83;29;passou
CSV;m0;sendrinah_cura;leoric;2;docas;12;12;72;0;43;morreu
KIND;m0;sendrinah_cura;leoric;2;0;0;0
CSV;m0;sendrinah_cura;leoric;3;dagruve;1;10;625;83;14;passou
CSV;m0;sendrinah_cura;leoric;3;docas;10;12;311;0;76;morreu
KIND;m0;sendrinah_cura;leoric;3;0;0;0
CSV;m0;sendrinah_cura;leoric;4;dagruve;1;3;102;0;51;morreu
KIND;m0;sendrinah_cura;leoric;4;0;0;0
CSV;m0;sendrinah_cura;leoric;5;dagruve;1;12;765;89;10;passou
CSV;m0;sendrinah_cura;leoric;5;docas;12;12;54;0;44;morreu
KIND;m0;sendrinah_cura;leoric;5;0;0;0
CSV;m0;sendrinah_cura;leoric;6;dagruve;1;3;51;0;33;morreu
KIND;m0;sendrinah_cura;leoric;6;0;0;0
CSV;m1;sendrinah_cura;leoric;1;dagruve;1;11;334;32;119;passou
CSV;m1;sendrinah_cura;leoric;1;docas;11;14;178;0;94;morreu
KIND;m1;sendrinah_cura;leoric;1;0;0;0
CSV;m1;sendrinah_cura;leoric;2;dagruve;1;8;141;0;95;morreu
KIND;m1;sendrinah_cura;leoric;2;0;0;0
CSV;m1;sendrinah_cura;leoric;3;dagruve;1;11;748;100;0;passou
CSV;m1;sendrinah_cura;leoric;3;docas;11;15;607;41;87;passou
CSV;m1;sendrinah_cura;leoric;3;shedaklah;15;17;572;0;260;morreu
KIND;m1;sendrinah_cura;leoric;3;0;0;0
CSV;m1;sendrinah_cura;leoric;4;dagruve;1;13;1513;78;54;passou
CSV;m1;sendrinah_cura;leoric;4;docas;13;15;613;0;165;morreu
KIND;m1;sendrinah_cura;leoric;4;0;0;0
CSV;m1;sendrinah_cura;leoric;5;dagruve;1;12;551;30;105;passou
CSV;m1;sendrinah_cura;leoric;5;docas;12;15;594;35;49;passou
CSV;m1;sendrinah_cura;leoric;5;shedaklah;15;16;104;0;89;morreu
KIND;m1;sendrinah_cura;leoric;5;0;0;0
CSV;m1;sendrinah_cura;leoric;6;dagruve;1;14;328;46;51;passou
CSV;m1;sendrinah_cura;leoric;6;docas;14;19;369;33;62;passou
CSV;m1;sendrinah_cura;leoric;6;shedaklah;19;21;521;0;155;morreu
KIND;m1;sendrinah_cura;leoric;6;0;0;0
CSV;m0;sendrinah_cura;maelor;1;dagruve;1;10;378;37;60;passou
CSV;m0;sendrinah_cura;maelor;1;docas;10;10;63;0;62;morreu
KIND;m0;sendrinah_cura;maelor;1;0;0;0
CSV;m0;sendrinah_cura;maelor;2;dagruve;1;2;51;0;40;morreu
KIND;m0;sendrinah_cura;maelor;2;0;0;0
CSV;m0;sendrinah_cura;maelor;3;dagruve;1;14;1688;64;39;passou
CSV;m0;sendrinah_cura;maelor;3;docas;14;15;622;66;26;passou
CSV;m0;sendrinah_cura;maelor;3;shedaklah;15;16;276;0;88;morreu
KIND;m0;sendrinah_cura;maelor;3;0;0;0
CSV;m0;sendrinah_cura;maelor;4;dagruve;1;12;673;44;81;passou
CSV;m0;sendrinah_cura;maelor;4;docas;12;15;530;0;189;morreu
KIND;m0;sendrinah_cura;maelor;4;0;0;0
CSV;m0;sendrinah_cura;maelor;5;dagruve;1;11;658;69;16;passou
CSV;m0;sendrinah_cura;maelor;5;docas;11;11;49;0;44;morreu
KIND;m0;sendrinah_cura;maelor;5;0;0;0
CSV;m0;sendrinah_cura;maelor;6;dagruve;1;11;591;72;44;passou
CSV;m0;sendrinah_cura;maelor;6;docas;11;13;133;0;58;morreu
KIND;m0;sendrinah_cura;maelor;6;0;0;0
CSV;m1;sendrinah_cura;maelor;1;dagruve;1;12;830;89;7;passou
CSV;m1;sendrinah_cura;maelor;1;docas;12;13;66;0;81;morreu
KIND;m1;sendrinah_cura;maelor;1;0;0;0
CSV;m1;sendrinah_cura;maelor;2;dagruve;1;12;825;90;26;passou
CSV;m1;sendrinah_cura;maelor;2;docas;12;16;426;64;58;passou
CSV;m1;sendrinah_cura;maelor;2;shedaklah;16;22;686;2;333;passou
CSV;m1;sendrinah_cura;maelor;2;molor;22;22;96;0;90;morreu
KIND;m1;sendrinah_cura;maelor;2;0;0;0
CSV;m1;sendrinah_cura;maelor;3;dagruve;1;11;666;89;8;passou
CSV;m1;sendrinah_cura;maelor;3;docas;11;13;167;0;61;morreu
KIND;m1;sendrinah_cura;maelor;3;0;0;0
CSV;m1;sendrinah_cura;maelor;4;dagruve;1;3;75;0;50;morreu
KIND;m1;sendrinah_cura;maelor;4;0;0;0
CSV;m1;sendrinah_cura;maelor;5;dagruve;1;10;427;15;58;passou
CSV;m1;sendrinah_cura;maelor;5;docas;10;10;71;0;58;morreu
KIND;m1;sendrinah_cura;maelor;5;0;0;0
CSV;m1;sendrinah_cura;maelor;6;dagruve;1;12;1066;89;5;passou
CSV;m1;sendrinah_cura;maelor;6;docas;12;15;486;52;76;passou
CSV;m1;sendrinah_cura;maelor;6;shedaklah;15;18;651;0;246;morreu
KIND;m1;sendrinah_cura;maelor;6;0;0;0
CSV;m0;sendrinah_cura;nyrelia;1;dagruve;1;12;1290;0;103;morreu
KIND;m0;sendrinah_cura;nyrelia;1;0;0;0
CSV;m0;sendrinah_cura;nyrelia;2;dagruve;1;10;660;66;17;passou
CSV;m0;sendrinah_cura;nyrelia;2;docas;10;14;506;19;236;passou
CSV;m0;sendrinah_cura;nyrelia;2;shedaklah;14;20;630;0;156;morreu
KIND;m0;sendrinah_cura;nyrelia;2;0;0;0
CSV;m0;sendrinah_cura;nyrelia;3;dagruve;1;12;1771;61;170;passou
CSV;m0;sendrinah_cura;nyrelia;3;docas;12;14;649;0;108;morreu
KIND;m0;sendrinah_cura;nyrelia;3;0;0;0
CSV;m0;sendrinah_cura;nyrelia;4;dagruve;1;10;1029;0;146;morreu
KIND;m0;sendrinah_cura;nyrelia;4;0;0;0
CSV;m0;sendrinah_cura;nyrelia;5;dagruve;1;6;655;0;146;morreu
KIND;m0;sendrinah_cura;nyrelia;5;0;0;0
CSV;m0;sendrinah_cura;nyrelia;6;dagruve;1;6;530;0;68;morreu
KIND;m0;sendrinah_cura;nyrelia;6;0;0;0
CSV;m1;sendrinah_cura;nyrelia;1;dagruve;1;13;1849;12;134;passou
CSV;m1;sendrinah_cura;nyrelia;1;docas;13;15;518;8;111;passou
CSV;m1;sendrinah_cura;nyrelia;1;shedaklah;15;17;664;0;227;morreu
KIND;m1;sendrinah_cura;nyrelia;1;0;0;0
CSV;m1;sendrinah_cura;nyrelia;2;dagruve;1;13;1831;28;190;passou
CSV;m1;sendrinah_cura;nyrelia;2;docas;13;17;249;0;149;morreu
KIND;m1;sendrinah_cura;nyrelia;2;0;0;0
CSV;m1;sendrinah_cura;nyrelia;3;dagruve;1;10;634;0;60;morreu
KIND;m1;sendrinah_cura;nyrelia;3;0;0;0
CSV;m1;sendrinah_cura;nyrelia;4;dagruve;1;5;409;0;111;morreu
KIND;m1;sendrinah_cura;nyrelia;4;0;0;0
CSV;m1;sendrinah_cura;nyrelia;5;dagruve;1;11;1524;0;273;morreu
KIND;m1;sendrinah_cura;nyrelia;5;0;0;0
CSV;m1;sendrinah_cura;nyrelia;6;dagruve;1;11;1559;9;333;passou
CSV;m1;sendrinah_cura;nyrelia;6;docas;11;13;932;77;27;passou
CSV;m1;sendrinah_cura;nyrelia;6;shedaklah;13;14;981;0;153;morreu
KIND;m1;sendrinah_cura;nyrelia;6;0;0;0
CSV;m0;sendrinah_cura;sylas;1;dagruve;1;12;342;55;25;passou
CSV;m0;sendrinah_cura;sylas;1;docas;12;15;343;0;92;morreu
KIND;m0;sendrinah_cura;sylas;1;0;0;0
CSV;m0;sendrinah_cura;sylas;2;dagruve;1;13;324;92;7;passou
CSV;m0;sendrinah_cura;sylas;2;docas;13;18;432;81;19;passou
CSV;m0;sendrinah_cura;sylas;2;shedaklah;18;19;145;0;81;morreu
KIND;m0;sendrinah_cura;sylas;2;0;0;0
CSV;m0;sendrinah_cura;sylas;3;dagruve;1;12;323;96;2;passou
CSV;m0;sendrinah_cura;sylas;3;docas;12;17;370;83;33;passou
CSV;m0;sendrinah_cura;sylas;3;shedaklah;17;24;600;26;88;passou
CSV;m0;sendrinah_cura;sylas;3;molor;24;29;610;59;198;passou
KIND;m0;sendrinah_cura;sylas;3;0;0;0
CSV;m0;sendrinah_cura;sylas;4;dagruve;1;11;389;87;13;passou
CSV;m0;sendrinah_cura;sylas;4;docas;11;15;405;35;60;passou
CSV;m0;sendrinah_cura;sylas;4;shedaklah;15;19;798;0;163;morreu
KIND;m0;sendrinah_cura;sylas;4;0;0;0
CSV;m0;sendrinah_cura;sylas;5;dagruve;1;13;330;81;11;passou
CSV;m0;sendrinah_cura;sylas;5;docas;13;18;397;78;46;passou
CSV;m0;sendrinah_cura;sylas;5;shedaklah;18;23;901;0;298;passou
CSV;m0;sendrinah_cura;sylas;5;molor;23;27;559;0;273;morreu
KIND;m0;sendrinah_cura;sylas;5;0;0;0
CSV;m0;sendrinah_cura;sylas;6;dagruve;1;11;394;49;39;passou
CSV;m0;sendrinah_cura;sylas;6;docas;11;13;229;0;94;morreu
KIND;m0;sendrinah_cura;sylas;6;0;0;0
CSV;m1;sendrinah_cura;sylas;1;dagruve;1;11;322;100;0;passou
CSV;m1;sendrinah_cura;sylas;1;docas;11;16;430;45;94;passou
CSV;m1;sendrinah_cura;sylas;1;shedaklah;16;20;755;0;145;morreu
KIND;m1;sendrinah_cura;sylas;1;0;0;0
CSV;m1;sendrinah_cura;sylas;2;dagruve;1;12;426;94;5;passou
CSV;m1;sendrinah_cura;sylas;2;docas;12;15;562;6;138;passou
CSV;m1;sendrinah_cura;sylas;2;shedaklah;15;23;609;76;42;passou
CSV;m1;sendrinah_cura;sylas;2;molor;23;29;631;0;305;morreu
KIND;m1;sendrinah_cura;sylas;2;0;0;0
CSV;m1;sendrinah_cura;sylas;3;dagruve;1;6;159;0;54;morreu
KIND;m1;sendrinah_cura;sylas;3;0;0;0
CSV;m1;sendrinah_cura;sylas;4;dagruve;1;12;312;100;6;passou
CSV;m1;sendrinah_cura;sylas;4;docas;12;18;337;74;33;passou
CSV;m1;sendrinah_cura;sylas;4;shedaklah;18;24;740;30;101;passou
CSV;m1;sendrinah_cura;sylas;4;molor;24;26;208;0;112;morreu
KIND;m1;sendrinah_cura;sylas;4;0;0;0
CSV;m1;sendrinah_cura;sylas;5;dagruve;1;12;425;100;0;passou
CSV;m1;sendrinah_cura;sylas;5;docas;12;15;500;21;161;passou
CSV;m1;sendrinah_cura;sylas;5;shedaklah;15;20;958;63;74;passou
CSV;m1;sendrinah_cura;sylas;5;molor;20;24;960;0;347;morreu
KIND;m1;sendrinah_cura;sylas;5;0;0;0
CSV;m1;sendrinah_cura;sylas;6;dagruve;1;11;355;100;0;passou
CSV;m1;sendrinah_cura;sylas;6;docas;11;14;421;70;59;passou
CSV;m1;sendrinah_cura;sylas;6;shedaklah;14;18;548;0;192;morreu
KIND;m1;sendrinah_cura;sylas;6;0;0;0
CSV;m0;sendrinah_cura;zynara;1;dagruve;1;2;58;0;35;morreu
KIND;m0;sendrinah_cura;zynara;1;0;0;0
CSV;m0;sendrinah_cura;zynara;2;dagruve;1;5;78;0;44;morreu
KIND;m0;sendrinah_cura;zynara;2;0;0;0
CSV;m0;sendrinah_cura;zynara;3;dagruve;1;13;1645;37;42;passou
CSV;m0;sendrinah_cura;zynara;3;docas;13;15;836;71;30;passou
CSV;m0;sendrinah_cura;zynara;3;shedaklah;15;16;377;0;74;morreu
KIND;m0;sendrinah_cura;zynara;3;0;0;0
CSV;m0;sendrinah_cura;zynara;4;dagruve;1;13;1554;8;140;passou
CSV;m0;sendrinah_cura;zynara;4;docas;13;15;571;21;154;passou
CSV;m0;sendrinah_cura;zynara;4;shedaklah;15;16;83;0;56;morreu
KIND;m0;sendrinah_cura;zynara;4;0;0;0
CSV;m0;sendrinah_cura;zynara;5;dagruve;1;13;2078;39;90;passou
CSV;m0;sendrinah_cura;zynara;5;docas;13;14;98;0;47;morreu
KIND;m0;sendrinah_cura;zynara;5;0;0;0
CSV;m0;sendrinah_cura;zynara;6;dagruve;1;11;439;91;5;passou
CSV;m0;sendrinah_cura;zynara;6;docas;11;12;114;0;62;morreu
KIND;m0;sendrinah_cura;zynara;6;0;0;0
CSV;m1;sendrinah_cura;zynara;1;dagruve;1;10;374;78;18;passou
CSV;m1;sendrinah_cura;zynara;1;docas;10;13;803;58;125;passou
CSV;m1;sendrinah_cura;zynara;1;shedaklah;13;13;142;0;51;morreu
KIND;m1;sendrinah_cura;zynara;1;0;0;0
CSV;m1;sendrinah_cura;zynara;2;dagruve;1;10;571;45;84;passou
CSV;m1;sendrinah_cura;zynara;2;docas;10;14;540;77;28;passou
CSV;m1;sendrinah_cura;zynara;2;shedaklah;14;17;910;0;129;morreu
KIND;m1;sendrinah_cura;zynara;2;0;0;0
CSV;m1;sendrinah_cura;zynara;3;dagruve;1;9;398;73;44;passou
CSV;m1;sendrinah_cura;zynara;3;docas;9;14;191;0;121;morreu
KIND;m1;sendrinah_cura;zynara;3;0;0;0
CSV;m1;sendrinah_cura;zynara;4;dagruve;1;4;183;0;96;morreu
KIND;m1;sendrinah_cura;zynara;4;0;0;0
CSV;m1;sendrinah_cura;zynara;5;dagruve;1;14;1490;59;69;passou
CSV;m1;sendrinah_cura;zynara;5;docas;14;15;117;0;87;morreu
KIND;m1;sendrinah_cura;zynara;5;0;0;0
CSV;m1;sendrinah_cura;zynara;6;dagruve;1;11;621;70;32;passou
CSV;m1;sendrinah_cura;zynara;6;docas;11;11;63;0;60;morreu
KIND;m1;sendrinah_cura;zynara;6;0;0;0
CSV;m0;shar_pacto_perda;bromnor;1;dagruve;1;6;315;0;38;morreu
KIND;m0;shar_pacto_perda;bromnor;1;0;0;0
CSV;m0;shar_pacto_perda;bromnor;2;dagruve;1;10;547;52;34;passou
CSV;m0;shar_pacto_perda;bromnor;2;docas;10;15;669;29;173;passou
CSV;m0;shar_pacto_perda;bromnor;2;shedaklah;15;16;211;0;80;morreu
KIND;m0;shar_pacto_perda;bromnor;2;0;0;0
CSV;m0;shar_pacto_perda;bromnor;3;dagruve;1;12;1291;63;178;passou
CSV;m0;shar_pacto_perda;bromnor;3;docas;12;14;426;30;106;passou
CSV;m0;shar_pacto_perda;bromnor;3;shedaklah;14;14;36;0;49;morreu
KIND;m0;shar_pacto_perda;bromnor;3;0;0;0
CSV;m0;shar_pacto_perda;bromnor;4;dagruve;1;5;214;0;36;morreu
KIND;m0;shar_pacto_perda;bromnor;4;0;0;0
CSV;m0;shar_pacto_perda;bromnor;5;dagruve;1;11;1076;38;180;passou
CSV;m0;shar_pacto_perda;bromnor;5;docas;11;13;475;26;106;passou
CSV;m0;shar_pacto_perda;bromnor;5;shedaklah;13;15;657;0;168;morreu
KIND;m0;shar_pacto_perda;bromnor;5;0;0;0
CSV;m0;shar_pacto_perda;bromnor;6;dagruve;1;13;1315;44;262;passou
CSV;m0;shar_pacto_perda;bromnor;6;docas;13;16;600;12;254;passou
CSV;m0;shar_pacto_perda;bromnor;6;shedaklah;16;16;71;0;103;morreu
KIND;m0;shar_pacto_perda;bromnor;6;0;0;0
CSV;m1;shar_pacto_perda;bromnor;1;dagruve;1;9;564;0;44;morreu
KIND;m1;shar_pacto_perda;bromnor;1;0;0;0
CSV;m1;shar_pacto_perda;bromnor;2;dagruve;1;10;800;75;79;passou
CSV;m1;shar_pacto_perda;bromnor;2;docas;10;13;447;60;78;passou
CSV;m1;shar_pacto_perda;bromnor;2;shedaklah;13;14;63;0;79;morreu
KIND;m1;shar_pacto_perda;bromnor;2;0;0;0
CSV;m1;shar_pacto_perda;bromnor;3;dagruve;1;4;106;0;44;morreu
KIND;m1;shar_pacto_perda;bromnor;3;0;0;0
CSV;m1;shar_pacto_perda;bromnor;4;dagruve;1;8;844;47;68;passou
CSV;m1;shar_pacto_perda;bromnor;4;docas;8;11;639;60;83;passou
CSV;m1;shar_pacto_perda;bromnor;4;shedaklah;11;11;144;0;75;morreu
KIND;m1;shar_pacto_perda;bromnor;4;0;0;0
CSV;m1;shar_pacto_perda;bromnor;5;dagruve;1;9;470;21;54;passou
CSV;m1;shar_pacto_perda;bromnor;5;docas;9;15;390;0;69;morreu
KIND;m1;shar_pacto_perda;bromnor;5;0;0;0
CSV;m1;shar_pacto_perda;bromnor;6;dagruve;1;11;860;85;79;passou
CSV;m1;shar_pacto_perda;bromnor;6;docas;11;11;66;0;56;morreu
KIND;m1;shar_pacto_perda;bromnor;6;0;0;0
CSV;m0;shar_pacto_perda;brook;1;dagruve;1;2;57;0;30;morreu
KIND;m0;shar_pacto_perda;brook;1;0;0;0
CSV;m0;shar_pacto_perda;brook;2;dagruve;1;2;192;0;32;morreu
KIND;m0;shar_pacto_perda;brook;2;0;0;0
CSV;m0;shar_pacto_perda;brook;3;dagruve;1;2;209;0;28;morreu
KIND;m0;shar_pacto_perda;brook;3;0;0;0
CSV;m0;shar_pacto_perda;brook;4;dagruve;1;1;100;0;28;morreu
KIND;m0;shar_pacto_perda;brook;4;0;0;0
CSV;m0;shar_pacto_perda;brook;5;dagruve;1;3;53;0;28;morreu
KIND;m0;shar_pacto_perda;brook;5;0;0;0
CSV;m0;shar_pacto_perda;brook;6;dagruve;1;4;220;0;37;morreu
KIND;m0;shar_pacto_perda;brook;6;0;0;0
CSV;m1;shar_pacto_perda;brook;1;dagruve;1;10;495;2;110;passou
CSV;m1;shar_pacto_perda;brook;1;docas;10;13;355;0;148;morreu
KIND;m1;shar_pacto_perda;brook;1;0;0;0
CSV;m1;shar_pacto_perda;brook;2;dagruve;1;10;502;0;82;morreu
KIND;m1;shar_pacto_perda;brook;2;0;0;0
CSV;m1;shar_pacto_perda;brook;3;dagruve;1;10;771;55;102;passou
CSV;m1;shar_pacto_perda;brook;3;docas;10;13;468;47;170;passou
CSV;m1;shar_pacto_perda;brook;3;shedaklah;13;15;782;0;427;morreu
KIND;m1;shar_pacto_perda;brook;3;0;0;0
CSV;m1;shar_pacto_perda;brook;4;dagruve;1;8;499;0;63;morreu
KIND;m1;shar_pacto_perda;brook;4;0;0;0
CSV;m1;shar_pacto_perda;brook;5;dagruve;1;5;390;0;54;morreu
KIND;m1;shar_pacto_perda;brook;5;0;0;0
CSV;m1;shar_pacto_perda;brook;6;dagruve;1;6;521;0;36;morreu
KIND;m1;shar_pacto_perda;brook;6;0;0;0
CSV;m0;shar_pacto_perda;durvall;1;dagruve;1;4;78;0;26;morreu
KIND;m0;shar_pacto_perda;durvall;1;0;0;0
CSV;m0;shar_pacto_perda;durvall;2;dagruve;1;7;477;0;47;morreu
KIND;m0;shar_pacto_perda;durvall;2;0;0;0
CSV;m0;shar_pacto_perda;durvall;3;dagruve;1;6;333;0;26;morreu
KIND;m0;shar_pacto_perda;durvall;3;0;0;0
CSV;m0;shar_pacto_perda;durvall;4;dagruve;1;2;53;0;26;morreu
KIND;m0;shar_pacto_perda;durvall;4;0;0;0
CSV;m0;shar_pacto_perda;durvall;5;dagruve;1;4;199;0;32;morreu
KIND;m0;shar_pacto_perda;durvall;5;0;0;0
CSV;m0;shar_pacto_perda;durvall;6;dagruve;1;5;223;0;32;morreu
KIND;m0;shar_pacto_perda;durvall;6;0;0;0
CSV;m1;shar_pacto_perda;durvall;1;dagruve;1;3;65;0;34;morreu
KIND;m1;shar_pacto_perda;durvall;1;0;0;0
CSV;m1;shar_pacto_perda;durvall;2;dagruve;1;3;161;0;34;morreu
KIND;m1;shar_pacto_perda;durvall;2;0;0;0
CSV;m1;shar_pacto_perda;durvall;3;dagruve;1;3;82;0;36;morreu
KIND;m1;shar_pacto_perda;durvall;3;0;0;0
CSV;m1;shar_pacto_perda;durvall;4;dagruve;1;5;238;0;38;morreu
KIND;m1;shar_pacto_perda;durvall;4;0;0;0
CSV;m1;shar_pacto_perda;durvall;5;dagruve;1;2;51;0;34;morreu
KIND;m1;shar_pacto_perda;durvall;5;0;0;0
CSV;m1;shar_pacto_perda;durvall;6;dagruve;1;8;700;0;229;morreu
KIND;m1;shar_pacto_perda;durvall;6;0;0;0
CSV;m0;shar_pacto_perda;kayron;1;dagruve;1;2;45;0;27;morreu
KIND;m0;shar_pacto_perda;kayron;1;0;0;0
CSV;m0;shar_pacto_perda;kayron;2;dagruve;1;2;51;0;30;morreu
KIND;m0;shar_pacto_perda;kayron;2;0;0;0
CSV;m0;shar_pacto_perda;kayron;3;dagruve;1;4;67;0;26;morreu
KIND;m0;shar_pacto_perda;kayron;3;0;0;0
CSV;m0;shar_pacto_perda;kayron;4;dagruve;1;4;154;0;26;morreu
KIND;m0;shar_pacto_perda;kayron;4;0;0;0
CSV;m0;shar_pacto_perda;kayron;5;dagruve;1;6;183;0;33;morreu
KIND;m0;shar_pacto_perda;kayron;5;0;0;0
CSV;m0;shar_pacto_perda;kayron;6;dagruve;1;11;582;7;96;passou
CSV;m0;shar_pacto_perda;kayron;6;docas;11;12;156;0;39;morreu
KIND;m0;shar_pacto_perda;kayron;6;0;0;0
CSV;m1;shar_pacto_perda;kayron;1;dagruve;1;5;98;0;36;morreu
KIND;m1;shar_pacto_perda;kayron;1;0;0;0
CSV;m1;shar_pacto_perda;kayron;2;dagruve;1;8;511;47;146;passou
CSV;m1;shar_pacto_perda;kayron;2;docas;8;16;340;70;99;passou
CSV;m1;shar_pacto_perda;kayron;2;shedaklah;16;23;763;0;619;morreu
KIND;m1;shar_pacto_perda;kayron;2;0;0;0
CSV;m1;shar_pacto_perda;kayron;3;dagruve;1;4;56;0;34;morreu
KIND;m1;shar_pacto_perda;kayron;3;0;0;0
CSV;m1;shar_pacto_perda;kayron;4;dagruve;1;13;494;12;94;passou
CSV;m1;shar_pacto_perda;kayron;4;docas;13;17;325;37;131;passou
CSV;m1;shar_pacto_perda;kayron;4;shedaklah;17;17;62;0;61;morreu
KIND;m1;shar_pacto_perda;kayron;4;0;0;0
CSV;m1;shar_pacto_perda;kayron;5;dagruve;1;2;54;0;34;morreu
KIND;m1;shar_pacto_perda;kayron;5;0;0;0
CSV;m1;shar_pacto_perda;kayron;6;dagruve;1;3;64;0;39;morreu
KIND;m1;shar_pacto_perda;kayron;6;0;0;0
CSV;m0;shar_pacto_perda;korrak;1;dagruve;1;11;658;62;143;passou
CSV;m0;shar_pacto_perda;korrak;1;docas;11;14;383;12;290;passou
CSV;m0;shar_pacto_perda;korrak;1;shedaklah;14;17;1004;0;591;morreu
KIND;m0;shar_pacto_perda;korrak;1;0;0;0
CSV;m0;shar_pacto_perda;korrak;2;dagruve;1;11;655;65;112;passou
CSV;m0;shar_pacto_perda;korrak;2;docas;11;15;353;37;192;passou
CSV;m0;shar_pacto_perda;korrak;2;shedaklah;15;16;75;0;149;morreu
KIND;m0;shar_pacto_perda;korrak;2;0;0;0
CSV;m0;shar_pacto_perda;korrak;3;dagruve;1;11;348;53;119;passou
CSV;m0;shar_pacto_perda;korrak;3;docas;11;16;355;4;226;passou
CSV;m0;shar_pacto_perda;korrak;3;shedaklah;16;23;986;30;834;passou
CSV;m0;shar_pacto_perda;korrak;3;molor;23;29;1899;0;1749;morreu
KIND;m0;shar_pacto_perda;korrak;3;0;0;0
CSV;m0;shar_pacto_perda;korrak;4;dagruve;1;12;776;50;226;passou
CSV;m0;shar_pacto_perda;korrak;4;docas;12;13;258;0;89;morreu
KIND;m0;shar_pacto_perda;korrak;4;0;0;0
CSV;m0;shar_pacto_perda;korrak;5;dagruve;1;10;422;42;146;passou
CSV;m0;shar_pacto_perda;korrak;5;docas;10;14;215;0;157;morreu
KIND;m0;shar_pacto_perda;korrak;5;0;0;0
CSV;m0;shar_pacto_perda;korrak;6;dagruve;1;9;346;16;93;passou
CSV;m0;shar_pacto_perda;korrak;6;docas;9;14;453;45;257;passou
CSV;m0;shar_pacto_perda;korrak;6;shedaklah;14;18;1742;0;751;morreu
KIND;m0;shar_pacto_perda;korrak;6;0;0;0
CSV;m1;shar_pacto_perda;korrak;1;dagruve;1;10;468;59;198;passou
CSV;m1;shar_pacto_perda;korrak;1;docas;10;14;461;37;173;passou
CSV;m1;shar_pacto_perda;korrak;1;shedaklah;14;16;700;0;442;morreu
KIND;m1;shar_pacto_perda;korrak;1;0;0;0
CSV;m1;shar_pacto_perda;korrak;2;dagruve;1;13;328;59;115;passou
CSV;m1;shar_pacto_perda;korrak;2;docas;13;16;369;75;110;passou
CSV;m1;shar_pacto_perda;korrak;2;shedaklah;16;25;1713;2;1380;passou
CSV;m1;shar_pacto_perda;korrak;2;molor;25;32;902;15;906;passou
KIND;m1;shar_pacto_perda;korrak;2;0;0;0
CSV;m1;shar_pacto_perda;korrak;3;dagruve;1;10;391;59;102;passou
CSV;m1;shar_pacto_perda;korrak;3;docas;10;14;384;56;181;passou
CSV;m1;shar_pacto_perda;korrak;3;shedaklah;14;18;531;0;460;morreu
KIND;m1;shar_pacto_perda;korrak;3;0;0;0
CSV;m1;shar_pacto_perda;korrak;4;dagruve;1;10;471;60;136;passou
CSV;m1;shar_pacto_perda;korrak;4;docas;10;14;413;28;282;passou
CSV;m1;shar_pacto_perda;korrak;4;shedaklah;14;20;1073;0;621;morreu
KIND;m1;shar_pacto_perda;korrak;4;0;0;0
CSV;m1;shar_pacto_perda;korrak;5;dagruve;1;12;338;50;108;passou
CSV;m1;shar_pacto_perda;korrak;5;docas;12;17;397;63;166;passou
CSV;m1;shar_pacto_perda;korrak;5;shedaklah;17;21;690;0;482;morreu
KIND;m1;shar_pacto_perda;korrak;5;0;0;0
CSV;m1;shar_pacto_perda;korrak;6;dagruve;1;14;916;61;254;passou
CSV;m1;shar_pacto_perda;korrak;6;docas;14;17;398;52;220;passou
CSV;m1;shar_pacto_perda;korrak;6;shedaklah;17;20;635;0;333;morreu
KIND;m1;shar_pacto_perda;korrak;6;0;0;0
CSV;m0;shar_pacto_perda;leoric;1;dagruve;1;4;121;0;20;morreu
KIND;m0;shar_pacto_perda;leoric;1;0;0;0
CSV;m0;shar_pacto_perda;leoric;2;dagruve;1;5;95;0;28;morreu
KIND;m0;shar_pacto_perda;leoric;2;0;0;0
CSV;m0;shar_pacto_perda;leoric;3;dagruve;1;3;84;0;22;morreu
KIND;m0;shar_pacto_perda;leoric;3;0;0;0
CSV;m0;shar_pacto_perda;leoric;4;dagruve;1;2;50;0;20;morreu
KIND;m0;shar_pacto_perda;leoric;4;0;0;0
CSV;m0;shar_pacto_perda;leoric;5;dagruve;1;3;112;0;26;morreu
KIND;m0;shar_pacto_perda;leoric;5;0;0;0
CSV;m0;shar_pacto_perda;leoric;6;dagruve;1;15;583;53;128;passou
CSV;m0;shar_pacto_perda;leoric;6;docas;15;19;360;0;228;morreu
KIND;m0;shar_pacto_perda;leoric;6;0;0;0
CSV;m1;shar_pacto_perda;leoric;1;dagruve;1;3;64;0;28;morreu
KIND;m1;shar_pacto_perda;leoric;1;0;0;0
CSV;m1;shar_pacto_perda;leoric;2;dagruve;1;3;103;0;28;morreu
KIND;m1;shar_pacto_perda;leoric;2;0;0;0
CSV;m1;shar_pacto_perda;leoric;3;dagruve;1;5;95;0;28;morreu
KIND;m1;shar_pacto_perda;leoric;3;0;0;0
CSV;m1;shar_pacto_perda;leoric;4;dagruve;1;10;139;0;28;morreu
KIND;m1;shar_pacto_perda;leoric;4;0;0;0
CSV;m1;shar_pacto_perda;leoric;5;dagruve;1;6;91;0;28;morreu
KIND;m1;shar_pacto_perda;leoric;5;0;0;0
CSV;m1;shar_pacto_perda;leoric;6;dagruve;1;15;311;66;51;passou
CSV;m1;shar_pacto_perda;leoric;6;docas;15;19;327;0;136;morreu
KIND;m1;shar_pacto_perda;leoric;6;0;0;0
CSV;m0;shar_pacto_perda;maelor;1;dagruve;1;13;321;23;116;passou
CSV;m0;shar_pacto_perda;maelor;1;docas;13;14;135;0;61;morreu
KIND;m0;shar_pacto_perda;maelor;1;0;0;0
CSV;m0;shar_pacto_perda;maelor;2;dagruve;1;5;141;0;53;morreu
KIND;m0;shar_pacto_perda;maelor;2;0;0;0
CSV;m0;shar_pacto_perda;maelor;3;dagruve;1;6;78;0;44;morreu
KIND;m0;shar_pacto_perda;maelor;3;0;0;0
CSV;m0;shar_pacto_perda;maelor;4;dagruve;1;10;408;43;107;passou
CSV;m0;shar_pacto_perda;maelor;4;docas;10;11;55;0;48;morreu
KIND;m0;shar_pacto_perda;maelor;4;0;0;0
CSV;m0;shar_pacto_perda;maelor;5;dagruve;1;11;401;54;70;passou
CSV;m0;shar_pacto_perda;maelor;5;docas;11;12;31;0;27;morreu
KIND;m0;shar_pacto_perda;maelor;5;0;0;0
CSV;m0;shar_pacto_perda;maelor;6;dagruve;1;11;353;43;119;passou
CSV;m0;shar_pacto_perda;maelor;6;docas;11;16;463;2;117;passou
CSV;m0;shar_pacto_perda;maelor;6;shedaklah;16;20;890;0;409;morreu
KIND;m0;shar_pacto_perda;maelor;6;0;0;0
CSV;m1;shar_pacto_perda;maelor;1;dagruve;1;12;320;29;85;passou
CSV;m1;shar_pacto_perda;maelor;1;docas;12;14;155;0;132;morreu
KIND;m1;shar_pacto_perda;maelor;1;0;0;0
CSV;m1;shar_pacto_perda;maelor;2;dagruve;1;10;354;32;143;passou
CSV;m1;shar_pacto_perda;maelor;2;docas;10;10;76;0;81;morreu
KIND;m1;shar_pacto_perda;maelor;2;0;0;0
CSV;m1;shar_pacto_perda;maelor;3;dagruve;1;4;73;0;57;morreu
KIND;m1;shar_pacto_perda;maelor;3;0;0;0
CSV;m1;shar_pacto_perda;maelor;4;dagruve;1;11;434;65;95;passou
CSV;m1;shar_pacto_perda;maelor;4;docas;11;13;274;0;194;morreu
KIND;m1;shar_pacto_perda;maelor;4;0;0;0
CSV;m1;shar_pacto_perda;maelor;5;dagruve;1;12;481;47;136;passou
CSV;m1;shar_pacto_perda;maelor;5;docas;12;12;83;0;77;morreu
KIND;m1;shar_pacto_perda;maelor;5;0;0;0
CSV;m1;shar_pacto_perda;maelor;6;dagruve;1;12;399;38;158;passou
CSV;m1;shar_pacto_perda;maelor;6;docas;12;13;95;0;90;morreu
KIND;m1;shar_pacto_perda;maelor;6;0;0;0
CSV;m0;shar_pacto_perda;nyrelia;1;dagruve;1;5;216;0;50;morreu
KIND;m0;shar_pacto_perda;nyrelia;1;0;0;0
CSV;m0;shar_pacto_perda;nyrelia;2;dagruve;1;2;165;0;20;morreu
KIND;m0;shar_pacto_perda;nyrelia;2;0;0;0
CSV;m0;shar_pacto_perda;nyrelia;3;dagruve;1;3;95;0;20;morreu
KIND;m0;shar_pacto_perda;nyrelia;3;0;0;0
CSV;m0;shar_pacto_perda;nyrelia;4;dagruve;1;4;205;0;20;morreu
KIND;m0;shar_pacto_perda;nyrelia;4;0;0;0
CSV;m0;shar_pacto_perda;nyrelia;5;dagruve;1;1;79;0;20;morreu
KIND;m0;shar_pacto_perda;nyrelia;5;0;0;0
CSV;m0;shar_pacto_perda;nyrelia;6;dagruve;1;1;51;0;20;morreu
KIND;m0;shar_pacto_perda;nyrelia;6;0;0;0
CSV;m1;shar_pacto_perda;nyrelia;1;dagruve;1;10;1254;0;293;morreu
KIND;m1;shar_pacto_perda;nyrelia;1;0;0;0
CSV;m1;shar_pacto_perda;nyrelia;2;dagruve;1;1;80;0;28;morreu
KIND;m1;shar_pacto_perda;nyrelia;2;0;0;0
CSV;m1;shar_pacto_perda;nyrelia;3;dagruve;1;3;96;0;28;morreu
KIND;m1;shar_pacto_perda;nyrelia;3;0;0;0
CSV;m1;shar_pacto_perda;nyrelia;4;dagruve;1;4;162;0;28;morreu
KIND;m1;shar_pacto_perda;nyrelia;4;0;0;0
CSV;m1;shar_pacto_perda;nyrelia;5;dagruve;1;6;396;0;49;morreu
KIND;m1;shar_pacto_perda;nyrelia;5;0;0;0
CSV;m1;shar_pacto_perda;nyrelia;6;dagruve;1;2;153;0;28;morreu
KIND;m1;shar_pacto_perda;nyrelia;6;0;0;0
CSV;m0;shar_pacto_perda;sylas;1;dagruve;1;10;394;14;164;passou
CSV;m0;shar_pacto_perda;sylas;1;docas;10;11;78;0;66;morreu
KIND;m0;shar_pacto_perda;sylas;1;0;0;0
CSV;m0;shar_pacto_perda;sylas;2;dagruve;1;12;475;37;109;passou
CSV;m0;shar_pacto_perda;sylas;2;docas;12;13;220;0;106;morreu
KIND;m0;shar_pacto_perda;sylas;2;0;0;0
CSV;m0;shar_pacto_perda;sylas;3;dagruve;1;11;349;38;86;passou
CSV;m0;shar_pacto_perda;sylas;3;docas;11;13;174;0;77;morreu
KIND;m0;shar_pacto_perda;sylas;3;0;0;0
CSV;m0;shar_pacto_perda;sylas;4;dagruve;1;4;90;0;26;morreu
KIND;m0;shar_pacto_perda;sylas;4;0;0;0
CSV;m0;shar_pacto_perda;sylas;5;dagruve;1;6;95;0;26;morreu
KIND;m0;shar_pacto_perda;sylas;5;0;0;0
CSV;m0;shar_pacto_perda;sylas;6;dagruve;1;6;70;0;26;morreu
KIND;m0;shar_pacto_perda;sylas;6;0;0;0
CSV;m1;shar_pacto_perda;sylas;1;dagruve;1;12;419;20;115;passou
CSV;m1;shar_pacto_perda;sylas;1;docas;12;16;513;48;187;passou
CSV;m1;shar_pacto_perda;sylas;1;shedaklah;16;17;408;0;181;morreu
KIND;m1;shar_pacto_perda;sylas;1;0;0;0
CSV;m1;shar_pacto_perda;sylas;2;dagruve;1;7;129;0;32;morreu
KIND;m1;shar_pacto_perda;sylas;2;0;0;0
CSV;m1;shar_pacto_perda;sylas;3;dagruve;1;11;345;37;88;passou
CSV;m1;shar_pacto_perda;sylas;3;docas;11;12;64;0;59;morreu
KIND;m1;shar_pacto_perda;sylas;3;0;0;0
CSV;m1;shar_pacto_perda;sylas;4;dagruve;1;10;176;0;32;morreu
KIND;m1;shar_pacto_perda;sylas;4;0;0;0
CSV;m1;shar_pacto_perda;sylas;5;dagruve;1;5;95;0;35;morreu
KIND;m1;shar_pacto_perda;sylas;5;0;0;0
CSV;m1;shar_pacto_perda;sylas;6;dagruve;1;7;111;0;36;morreu
KIND;m1;shar_pacto_perda;sylas;6;0;0;0
CSV;m0;shar_pacto_perda;zynara;1;dagruve;1;4;170;0;22;morreu
KIND;m0;shar_pacto_perda;zynara;1;0;0;0
CSV;m0;shar_pacto_perda;zynara;2;dagruve;1;8;377;0;120;morreu
KIND;m0;shar_pacto_perda;zynara;2;0;0;0
CSV;m0;shar_pacto_perda;zynara;3;dagruve;1;3;66;0;22;morreu
KIND;m0;shar_pacto_perda;zynara;3;0;0;0
CSV;m0;shar_pacto_perda;zynara;4;dagruve;1;4;180;0;22;morreu
KIND;m0;shar_pacto_perda;zynara;4;0;0;0
CSV;m0;shar_pacto_perda;zynara;5;dagruve;1;3;141;0;22;morreu
KIND;m0;shar_pacto_perda;zynara;5;0;0;0
CSV;m0;shar_pacto_perda;zynara;6;dagruve;1;3;59;0;23;morreu
KIND;m0;shar_pacto_perda;zynara;6;0;0;0
CSV;m1;shar_pacto_perda;zynara;1;dagruve;1;3;54;0;35;morreu
KIND;m1;shar_pacto_perda;zynara;1;0;0;0
CSV;m1;shar_pacto_perda;zynara;2;dagruve;1;5;123;0;39;morreu
KIND;m1;shar_pacto_perda;zynara;2;0;0;0
CSV;m1;shar_pacto_perda;zynara;3;dagruve;1;4;70;0;38;morreu
KIND;m1;shar_pacto_perda;zynara;3;0;0;0
CSV;m1;shar_pacto_perda;zynara;4;dagruve;1;3;97;0;30;morreu
KIND;m1;shar_pacto_perda;zynara;4;0;0;0
CSV;m1;shar_pacto_perda;zynara;5;dagruve;1;3;96;0;33;morreu
KIND;m1;shar_pacto_perda;zynara;5;0;0;0
CSV;m1;shar_pacto_perda;zynara;6;dagruve;1;9;333;30;59;passou
CSV;m1;shar_pacto_perda;zynara;6;docas;9;13;218;0;84;morreu
KIND;m1;shar_pacto_perda;zynara;6;0;0;0
