CSV;m0;ghaunadaur_fome;bromnor;1;dagruve;1;12;709;30;131;passou
CSV;m0;ghaunadaur_fome;bromnor;1;docas;12;14;443;67;104;passou
CSV;m0;ghaunadaur_fome;bromnor;1;shedaklah;14;16;579;0;166;morreu
CSV;m0;ghaunadaur_fome;bromnor;2;dagruve;1;14;2084;20;502;passou
CSV;m0;ghaunadaur_fome;bromnor;2;docas;14;16;507;30;111;passou
CSV;m0;ghaunadaur_fome;bromnor;2;shedaklah;16;17;459;0;194;morreu
CSV;m0;ghaunadaur_fome;bromnor;3;dagruve;1;12;1645;68;185;passou
CSV;m0;ghaunadaur_fome;bromnor;3;docas;12;14;644;68;137;passou
CSV;m0;ghaunadaur_fome;bromnor;3;shedaklah;14;17;1527;0;451;morreu
CSV;m0;ghaunadaur_fome;bromnor;4;dagruve;1;11;916;40;141;passou
CSV;m0;ghaunadaur_fome;bromnor;4;docas;11;14;600;24;196;passou
CSV;m0;ghaunadaur_fome;bromnor;4;shedaklah;14;14;58;0;81;morreu
CSV;m0;ghaunadaur_fome;bromnor;5;dagruve;1;10;504;41;86;passou
CSV;m0;ghaunadaur_fome;bromnor;5;docas;10;17;398;79;66;passou
CSV;m0;ghaunadaur_fome;bromnor;5;shedaklah;17;22;606;0;354;morreu
CSV;m0;ghaunadaur_fome;bromnor;6;dagruve;1;13;1485;61;169;passou
CSV;m0;ghaunadaur_fome;bromnor;6;docas;13;15;503;51;136;passou
CSV;m0;ghaunadaur_fome;bromnor;6;shedaklah;15;21;4046;0;1413;morreu
CSV;m1;ghaunadaur_fome;bromnor;1;dagruve;1;11;1021;59;114;passou
CSV;m1;ghaunadaur_fome;bromnor;1;docas;11;14;415;80;54;passou
CSV;m1;ghaunadaur_fome;bromnor;1;shedaklah;14;22;1200;0;948;morreu
CSV;m1;ghaunadaur_fome;bromnor;2;dagruve;1;13;1078;75;152;passou
CSV;m1;ghaunadaur_fome;bromnor;2;docas;13;16;426;71;146;passou
CSV;m1;ghaunadaur_fome;bromnor;2;shedaklah;16;22;1900;51;907;passou
CSV;m1;ghaunadaur_fome;bromnor;2;molor;22;28;737;0;600;morreu
CSV;m1;ghaunadaur_fome;bromnor;3;dagruve;1;10;470;61;88;passou
CSV;m1;ghaunadaur_fome;bromnor;3;docas;10;14;440;79;75;passou
CSV;m1;ghaunadaur_fome;bromnor;3;shedaklah;14;22;3620;6;1391;passou
CSV;m1;ghaunadaur_fome;bromnor;3;molor;22;25;1452;0;764;morreu
CSV;m1;ghaunadaur_fome;bromnor;4;dagruve;1;10;571;70;81;passou
CSV;m1;ghaunadaur_fome;bromnor;4;docas;10;14;554;73;121;passou
CSV;m1;ghaunadaur_fome;bromnor;4;shedaklah;14;17;984;0;304;morreu
CSV;m1;ghaunadaur_fome;bromnor;5;dagruve;1;12;1790;65;353;passou
CSV;m1;ghaunadaur_fome;bromnor;5;docas;12;13;259;0;112;morreu
CSV;m1;ghaunadaur_fome;bromnor;6;dagruve;1;9;706;61;98;passou
CSV;m1;ghaunadaur_fome;bromnor;6;docas;9;14;471;37;118;passou
CSV;m1;ghaunadaur_fome;bromnor;6;shedaklah;14;17;555;0;227;morreu
CSV;m0;ghaunadaur_fome;brook;1;dagruve;1;11;1508;0;440;morreu
CSV;m0;ghaunadaur_fome;brook;2;dagruve;1;11;706;68;85;passou
CSV;m0;ghaunadaur_fome;brook;2;docas;11;14;541;37;319;passou
CSV;m0;ghaunadaur_fome;brook;2;shedaklah;14;14;48;0;61;morreu
CSV;m0;ghaunadaur_fome;brook;3;dagruve;1;14;3420;31;953;passou
CSV;m0;ghaunadaur_fome;brook;3;docas;14;15;325;0;175;morreu
CSV;m0;ghaunadaur_fome;brook;4;dagruve;1;1;47;0;30;morreu
CSV;m0;ghaunadaur_fome;brook;5;dagruve;1;2;53;0;45;morreu
CSV;m0;ghaunadaur_fome;brook;6;dagruve;1;11;1602;33;323;passou
CSV;m0;ghaunadaur_fome;brook;6;docas;11;14;700;14;378;passou
CSV;m0;ghaunadaur_fome;brook;6;shedaklah;14;14;417;0;147;morreu
CSV;m1;ghaunadaur_fome;brook;1;dagruve;1;11;579;64;58;passou
CSV;m1;ghaunadaur_fome;brook;1;docas;11;14;655;43;180;passou
CSV;m1;ghaunadaur_fome;brook;1;shedaklah;14;15;247;0;105;morreu
CSV;m1;ghaunadaur_fome;brook;2;dagruve;1;12;644;62;83;passou
CSV;m1;ghaunadaur_fome;brook;2;docas;12;16;485;40;305;passou
CSV;m1;ghaunadaur_fome;brook;2;shedaklah;16;18;735;0;480;morreu
CSV;m1;ghaunadaur_fome;brook;3;dagruve;1;10;790;73;97;passou
CSV;m1;ghaunadaur_fome;brook;3;docas;10;15;553;45;155;passou
CSV;m1;ghaunadaur_fome;brook;3;shedaklah;15;25;1626;0;1323;morreu
CSV;m1;ghaunadaur_fome;brook;4;dagruve;1;12;2179;36;445;passou
CSV;m1;ghaunadaur_fome;brook;4;docas;12;15;373;62;104;passou
CSV;m1;ghaunadaur_fome;brook;4;shedaklah;15;20;608;0;370;morreu
CSV;m1;ghaunadaur_fome;brook;5;dagruve;1;2;230;0;51;morreu
CSV;m1;ghaunadaur_fome;brook;6;dagruve;1;12;2204;22;560;passou
CSV;m1;ghaunadaur_fome;brook;6;docas;12;14;549;55;123;passou
CSV;m1;ghaunadaur_fome;brook;6;shedaklah;14;15;869;0;390;morreu
CSV;m0;ghaunadaur_fome;durvall;1;dagruve;1;3;74;0;33;morreu
CSV;m0;ghaunadaur_fome;durvall;2;dagruve;1;9;819;0;235;morreu
CSV;m0;ghaunadaur_fome;durvall;3;dagruve;1;6;364;0;98;morreu
CSV;m0;ghaunadaur_fome;durvall;4;dagruve;1;13;2086;0;835;morreu
CSV;m0;ghaunadaur_fome;durvall;5;dagruve;1;2;131;0;49;morreu
CSV;m0;ghaunadaur_fome;durvall;6;dagruve;1;12;2206;1;605;passou
CSV;m0;ghaunadaur_fome;durvall;6;docas;12;12;44;0;28;morreu
CSV;m1;ghaunadaur_fome;durvall;1;dagruve;1;11;1118;25;305;passou
CSV;m1;ghaunadaur_fome;durvall;1;docas;11;12;406;0;204;morreu
CSV;m1;ghaunadaur_fome;durvall;2;dagruve;1;12;1663;32;528;passou
CSV;m1;ghaunadaur_fome;durvall;2;docas;12;12;56;0;69;morreu
CSV;m1;ghaunadaur_fome;durvall;3;dagruve;1;10;847;52;176;passou
CSV;m1;ghaunadaur_fome;durvall;3;docas;10;15;468;42;269;passou
CSV;m1;ghaunadaur_fome;durvall;3;shedaklah;15;17;825;0;351;morreu
CSV;m1;ghaunadaur_fome;durvall;4;dagruve;1;8;739;0;216;morreu
CSV;m1;ghaunadaur_fome;durvall;5;dagruve;1;10;682;20;231;passou
CSV;m1;ghaunadaur_fome;durvall;5;docas;10;11;137;0;128;morreu
CSV;m1;ghaunadaur_fome;durvall;6;dagruve;1;10;340;15;134;passou
CSV;m1;ghaunadaur_fome;durvall;6;docas;10;15;673;28;222;passou
CSV;m1;ghaunadaur_fome;durvall;6;shedaklah;15;16;298;0;164;morreu
CSV;m0;ghaunadaur_fome;kayron;1;dagruve;1;11;407;58;111;passou
CSV;m0;ghaunadaur_fome;kayron;1;docas;11;17;333;70;143;passou
CSV;m0;ghaunadaur_fome;kayron;1;shedaklah;17;25;573;54;246;passou
CSV;m0;ghaunadaur_fome;kayron;1;molor;25;31;705;50;543;passou
CSV;m0;ghaunadaur_fome;kayron;2;dagruve;1;2;51;0;44;morreu
CSV;m0;ghaunadaur_fome;kayron;3;dagruve;1;9;474;15;112;passou
CSV;m0;ghaunadaur_fome;kayron;3;docas;9;17;349;23;203;passou
CSV;m0;ghaunadaur_fome;kayron;3;shedaklah;17;23;606;0;495;morreu
CSV;m0;ghaunadaur_fome;kayron;4;dagruve;1;11;605;57;132;passou
CSV;m0;ghaunadaur_fome;kayron;4;docas;11;15;463;10;354;passou
CSV;m0;ghaunadaur_fome;kayron;4;shedaklah;15;20;636;0;478;morreu
CSV;m0;ghaunadaur_fome;kayron;5;dagruve;1;9;329;71;30;passou
CSV;m0;ghaunadaur_fome;kayron;5;docas;9;16;334;50;101;passou
CSV;m0;ghaunadaur_fome;kayron;5;shedaklah;16;22;987;0;1166;morreu
CSV;m0;ghaunadaur_fome;kayron;6;dagruve;1;11;411;61;90;passou
CSV;m0;ghaunadaur_fome;kayron;6;docas;11;17;422;46;133;passou
CSV;m0;ghaunadaur_fome;kayron;6;shedaklah;17;18;257;0;159;morreu
CSV;m1;ghaunadaur_fome;kayron;1;dagruve;1;11;547;29;155;passou
CSV;m1;ghaunadaur_fome;kayron;1;docas;11;15;479;17;277;passou
CSV;m1;ghaunadaur_fome;kayron;1;shedaklah;15;16;262;0;136;morreu
CSV;m1;ghaunadaur_fome;kayron;2;dagruve;1;10;530;69;130;passou
CSV;m1;ghaunadaur_fome;kayron;2;docas;10;16;334;22;411;passou
CSV;m1;ghaunadaur_fome;kayron;2;shedaklah;16;22;822;42;549;passou
CSV;m1;ghaunadaur_fome;kayron;2;molor;22;23;106;0;270;morreu
CSV;m1;ghaunadaur_fome;kayron;3;dagruve;1;1;44;0;45;morreu
CSV;m1;ghaunadaur_fome;kayron;4;dagruve;1;13;330;19;169;passou
CSV;m1;ghaunadaur_fome;kayron;4;docas;13;17;413;50;163;passou
CSV;m1;ghaunadaur_fome;kayron;4;shedaklah;17;21;853;0;561;morreu
CSV;m1;ghaunadaur_fome;kayron;5;dagruve;1;12;374;55;147;passou
CSV;m1;ghaunadaur_fome;kayron;5;docas;12;15;315;0;219;morreu
CSV;m1;ghaunadaur_fome;kayron;6;dagruve;1;12;340;47;56;passou
CSV;m1;ghaunadaur_fome;kayron;6;docas;12;17;320;71;97;passou
CSV;m1;ghaunadaur_fome;kayron;6;shedaklah;17;24;592;49;547;passou
CSV;m1;ghaunadaur_fome;kayron;6;molor;24;31;674;38;969;passou
CSV;m0;ghaunadaur_fome;korrak;1;dagruve;1;13;335;49;191;passou
CSV;m0;ghaunadaur_fome;korrak;1;docas;13;14;67;0;85;morreu
CSV;m0;ghaunadaur_fome;korrak;2;dagruve;1;12;886;47;251;passou
CSV;m0;ghaunadaur_fome;korrak;2;docas;12;15;455;26;321;passou
CSV;m0;ghaunadaur_fome;korrak;2;shedaklah;15;15;72;0;74;morreu
CSV;m0;ghaunadaur_fome;korrak;3;dagruve;1;14;1813;61;457;passou
CSV;m0;ghaunadaur_fome;korrak;3;docas;14;16;675;71;74;passou
CSV;m0;ghaunadaur_fome;korrak;3;shedaklah;16;21;3271;0;2346;morreu
CSV;m0;ghaunadaur_fome;korrak;4;dagruve;1;13;1140;52;255;passou
CSV;m0;ghaunadaur_fome;korrak;4;docas;13;16;373;1;295;passou
CSV;m0;ghaunadaur_fome;korrak;4;shedaklah;16;19;621;0;316;morreu
CSV;m0;ghaunadaur_fome;korrak;5;dagruve;1;12;581;44;179;passou
CSV;m0;ghaunadaur_fome;korrak;5;docas;12;13;336;0;210;morreu
CSV;m0;ghaunadaur_fome;korrak;6;dagruve;1;13;724;62;158;passou
CSV;m0;ghaunadaur_fome;korrak;6;docas;13;16;570;23;249;passou
CSV;m0;ghaunadaur_fome;korrak;6;shedaklah;16;19;985;0;890;morreu
CSV;m1;ghaunadaur_fome;korrak;1;dagruve;1;12;354;51;200;passou
CSV;m1;ghaunadaur_fome;korrak;1;docas;12;17;407;51;240;passou
CSV;m1;ghaunadaur_fome;korrak;1;shedaklah;17;21;767;13;440;passou
CSV;m1;ghaunadaur_fome;korrak;1;molor;21;26;744;0;1185;morreu
CSV;m1;ghaunadaur_fome;korrak;2;dagruve;1;11;467;73;115;passou
CSV;m1;ghaunadaur_fome;korrak;2;docas;11;16;379;39;269;passou
CSV;m1;ghaunadaur_fome;korrak;2;shedaklah;16;17;55;0;97;morreu
CSV;m1;ghaunadaur_fome;korrak;3;dagruve;1;14;1301;66;347;passou
CSV;m1;ghaunadaur_fome;korrak;3;docas;14;17;375;66;195;passou
CSV;m1;ghaunadaur_fome;korrak;3;shedaklah;17;22;1095;1;1536;morreu
CSV;m1;ghaunadaur_fome;korrak;4;dagruve;1;11;443;66;183;passou
CSV;m1;ghaunadaur_fome;korrak;4;docas;11;15;490;46;327;passou
CSV;m1;ghaunadaur_fome;korrak;4;shedaklah;15;21;763;0;845;morreu
CSV;m1;ghaunadaur_fome;korrak;5;dagruve;1;9;353;69;47;passou
CSV;m1;ghaunadaur_fome;korrak;5;docas;9;15;418;53;204;passou
CSV;m1;ghaunadaur_fome;korrak;5;shedaklah;15;22;1361;0;1234;morreu
CSV;m1;ghaunadaur_fome;korrak;6;dagruve;1;10;651;64;136;passou
CSV;m1;ghaunadaur_fome;korrak;6;docas;10;14;537;56;374;passou
CSV;m1;ghaunadaur_fome;korrak;6;shedaklah;14;17;1213;0;777;morreu
CSV;m0;ghaunadaur_fome;leoric;1;dagruve;1;12;736;40;164;passou
CSV;m0;ghaunadaur_fome;leoric;1;docas;12;15;843;0;329;morreu
CSV;m0;ghaunadaur_fome;leoric;2;dagruve;1;14;1585;43;316;passou
CSV;m0;ghaunadaur_fome;leoric;2;docas;14;16;634;0;236;morreu
CSV;m0;ghaunadaur_fome;leoric;3;dagruve;1;6;263;0;96;morreu
CSV;m0;ghaunadaur_fome;leoric;4;dagruve;1;2;52;0;26;morreu
CSV;m0;ghaunadaur_fome;leoric;5;dagruve;1;11;578;50;78;passou
CSV;m0;ghaunadaur_fome;leoric;5;docas;11;12;65;0;62;morreu
CSV;m0;ghaunadaur_fome;leoric;6;dagruve;1;14;363;62;78;passou
CSV;m0;ghaunadaur_fome;leoric;6;docas;14;14;62;0;55;morreu
CSV;m1;ghaunadaur_fome;leoric;1;dagruve;1;10;339;28;110;passou
CSV;m1;ghaunadaur_fome;leoric;1;docas;10;17;368;30;401;passou
CSV;m1;ghaunadaur_fome;leoric;1;shedaklah;17;23;708;0;736;morreu
CSV;m1;ghaunadaur_fome;leoric;2;dagruve;1;14;328;36;209;passou
CSV;m1;ghaunadaur_fome;leoric;2;docas;14;16;147;0;133;morreu
CSV;m1;ghaunadaur_fome;leoric;3;dagruve;1;7;294;0;90;morreu
CSV;m1;ghaunadaur_fome;leoric;4;dagruve;1;11;590;18;105;passou
CSV;m1;ghaunadaur_fome;leoric;4;docas;11;14;431;0;231;morreu
CSV;m1;ghaunadaur_fome;leoric;5;dagruve;1;11;861;10;219;passou
CSV;m1;ghaunadaur_fome;leoric;5;docas;11;13;316;0;170;morreu
CSV;m1;ghaunadaur_fome;leoric;6;dagruve;1;16;686;61;209;passou
CSV;m1;ghaunadaur_fome;leoric;6;docas;16;17;360;0;216;morreu
CSV;m0;ghaunadaur_fome;maelor;1;dagruve;1;2;48;0;44;morreu
CSV;m0;ghaunadaur_fome;maelor;2;dagruve;1;11;329;54;71;passou
CSV;m0;ghaunadaur_fome;maelor;2;docas;11;16;487;22;179;passou
CSV;m0;ghaunadaur_fome;maelor;2;shedaklah;16;20;730;0;212;morreu
CSV;m0;ghaunadaur_fome;maelor;3;dagruve;1;12;689;32;199;passou
CSV;m0;ghaunadaur_fome;maelor;3;docas;12;13;124;0;66;morreu
CSV;m0;ghaunadaur_fome;maelor;4;dagruve;1;7;249;0;131;morreu
CSV;m0;ghaunadaur_fome;maelor;5;dagruve;1;2;47;0;30;morreu
CSV;m0;ghaunadaur_fome;maelor;6;dagruve;1;11;562;52;145;passou
CSV;m0;ghaunadaur_fome;maelor;6;docas;11;12;83;0;86;morreu
CSV;m1;ghaunadaur_fome;maelor;1;dagruve;1;2;47;0;37;morreu
CSV;m1;ghaunadaur_fome;maelor;2;dagruve;1;11;340;78;57;passou
CSV;m1;ghaunadaur_fome;maelor;2;docas;11;15;332;61;167;passou
CSV;m1;ghaunadaur_fome;maelor;2;shedaklah;15;22;682;6;501;passou
CSV;m1;ghaunadaur_fome;maelor;2;molor;22;34;2121;5;2566;passou
CSV;m1;ghaunadaur_fome;maelor;3;dagruve;1;4;92;0;43;morreu
CSV;m1;ghaunadaur_fome;maelor;4;dagruve;1;13;342;10;219;passou
CSV;m1;ghaunadaur_fome;maelor;4;docas;13;17;351;61;120;passou
CSV;m1;ghaunadaur_fome;maelor;4;shedaklah;17;25;858;21;511;passou
CSV;m1;ghaunadaur_fome;maelor;4;molor;25;30;702;24;322;passou
CSV;m1;ghaunadaur_fome;maelor;5;dagruve;1;12;688;50;84;passou
CSV;m1;ghaunadaur_fome;maelor;5;docas;12;17;480;14;273;passou
CSV;m1;ghaunadaur_fome;maelor;5;shedaklah;17;17;250;0;140;morreu
CSV;m1;ghaunadaur_fome;maelor;6;dagruve;1;3;76;0;54;morreu
CSV;m0;ghaunadaur_fome;nyrelia;1;dagruve;1;1;132;0;27;morreu
CSV;m0;ghaunadaur_fome;nyrelia;2;dagruve;1;5;335;0;39;morreu
CSV;m0;ghaunadaur_fome;nyrelia;3;dagruve;1;13;926;37;300;passou
CSV;m0;ghaunadaur_fome;nyrelia;3;docas;13;14;309;0;168;morreu
CSV;m0;ghaunadaur_fome;nyrelia;4;dagruve;1;2;103;0;24;morreu
CSV;m0;ghaunadaur_fome;nyrelia;5;dagruve;1;2;122;0;28;morreu
CSV;m0;ghaunadaur_fome;nyrelia;6;dagruve;1;1;51;0;20;morreu
CSV;m1;ghaunadaur_fome;nyrelia;1;dagruve;1;13;1673;0;505;morreu
CSV;m1;ghaunadaur_fome;nyrelia;2;dagruve;1;9;487;0;160;morreu
CSV;m1;ghaunadaur_fome;nyrelia;3;dagruve;1;9;534;8;140;passou
CSV;m1;ghaunadaur_fome;nyrelia;3;docas;9;13;677;0;237;morreu
CSV;m1;ghaunadaur_fome;nyrelia;4;dagruve;1;11;594;37;125;passou
CSV;m1;ghaunadaur_fome;nyrelia;4;docas;11;12;188;0;122;morreu
CSV;m1;ghaunadaur_fome;nyrelia;5;dagruve;1;2;107;0;39;morreu
CSV;m1;ghaunadaur_fome;nyrelia;6;dagruve;1;6;540;0;117;morreu
CSV;m0;ghaunadaur_fome;sylas;1;dagruve;1;10;327;29;110;passou
CSV;m0;ghaunadaur_fome;sylas;1;docas;10;16;383;5;247;passou
CSV;m0;ghaunadaur_fome;sylas;1;shedaklah;16;16;50;0;70;morreu
CSV;m0;ghaunadaur_fome;sylas;2;dagruve;1;13;557;46;115;passou
CSV;m0;ghaunadaur_fome;sylas;2;docas;13;16;409;44;112;passou
CSV;m0;ghaunadaur_fome;sylas;2;shedaklah;16;24;577;68;150;passou
CSV;m0;ghaunadaur_fome;sylas;2;molor;24;31;593;0;539;morreu
CSV;m0;ghaunadaur_fome;sylas;3;dagruve;1;11;325;66;45;passou
CSV;m0;ghaunadaur_fome;sylas;3;docas;11;16;403;33;69;passou
CSV;m0;ghaunadaur_fome;sylas;3;shedaklah;16;19;374;0;177;morreu
CSV;m0;ghaunadaur_fome;sylas;4;dagruve;1;14;331;65;73;passou
CSV;m0;ghaunadaur_fome;sylas;4;docas;14;19;329;31;152;passou
CSV;m0;ghaunadaur_fome;sylas;4;shedaklah;19;23;563;0;396;morreu
CSV;m0;ghaunadaur_fome;sylas;5;dagruve;1;11;335;45;68;passou
CSV;m0;ghaunadaur_fome;sylas;5;docas;11;12;94;0;68;morreu
CSV;m0;ghaunadaur_fome;sylas;6;dagruve;1;14;609;65;101;passou
CSV;m0;ghaunadaur_fome;sylas;6;docas;14;18;391;13;198;passou
CSV;m0;ghaunadaur_fome;sylas;6;shedaklah;18;23;811;47;346;passou
CSV;m0;ghaunadaur_fome;sylas;6;molor;23;28;1516;24;942;passou
CSV;m1;ghaunadaur_fome;sylas;1;dagruve;1;11;350;32;95;passou
CSV;m1;ghaunadaur_fome;sylas;1;docas;11;11;76;0;45;morreu
CSV;m1;ghaunadaur_fome;sylas;2;dagruve;1;13;332;71;99;passou
CSV;m1;ghaunadaur_fome;sylas;2;docas;13;17;349;44;189;passou
CSV;m1;ghaunadaur_fome;sylas;2;shedaklah;17;18;26;0;53;morreu
CSV;m1;ghaunadaur_fome;sylas;3;dagruve;1;12;492;72;96;passou
CSV;m1;ghaunadaur_fome;sylas;3;docas;12;16;466;45;103;passou
CSV;m1;ghaunadaur_fome;sylas;3;shedaklah;16;23;637;60;157;passou
CSV;m1;ghaunadaur_fome;sylas;3;molor;23;30;1278;30;778;passou
CSV;m1;ghaunadaur_fome;sylas;4;dagruve;1;12;338;17;157;passou
CSV;m1;ghaunadaur_fome;sylas;4;docas;12;16;401;55;207;passou
CSV;m1;ghaunadaur_fome;sylas;4;shedaklah;16;22;902;0;385;morreu
CSV;m1;ghaunadaur_fome;sylas;5;dagruve;1;12;364;29;150;passou
CSV;m1;ghaunadaur_fome;sylas;5;docas;12;13;88;0;75;morreu
CSV;m1;ghaunadaur_fome;sylas;6;dagruve;1;12;450;77;89;passou
CSV;m1;ghaunadaur_fome;sylas;6;docas;12;15;418;43;93;passou
CSV;m1;ghaunadaur_fome;sylas;6;shedaklah;15;18;518;0;292;morreu
CSV;m0;ghaunadaur_fome;zynara;1;dagruve;1;2;57;0;28;morreu
CSV;m0;ghaunadaur_fome;zynara;2;dagruve;1;9;413;57;63;passou
CSV;m0;ghaunadaur_fome;zynara;2;docas;9;13;453;25;96;passou
CSV;m0;ghaunadaur_fome;zynara;2;shedaklah;13;17;752;0;205;morreu
CSV;m0;ghaunadaur_fome;zynara;3;dagruve;1;8;450;52;43;passou
CSV;m0;ghaunadaur_fome;zynara;3;docas;8;13;412;0;132;morreu
CSV;m0;ghaunadaur_fome;zynara;4;dagruve;1;12;1065;11;198;passou
CSV;m0;ghaunadaur_fome;zynara;4;docas;12;15;463;60;101;passou
CSV;m0;ghaunadaur_fome;zynara;4;shedaklah;15;16;72;0;149;morreu
CSV;m0;ghaunadaur_fome;zynara;5;dagruve;1;13;1420;33;314;passou
CSV;m0;ghaunadaur_fome;zynara;5;docas;13;17;549;21;174;passou
CSV;m0;ghaunadaur_fome;zynara;5;shedaklah;17;19;533;0;156;morreu
CSV;m0;ghaunadaur_fome;zynara;6;dagruve;1;11;727;46;107;passou
CSV;m0;ghaunadaur_fome;zynara;6;docas;11;16;527;19;192;passou
CSV;m0;ghaunadaur_fome;zynara;6;shedaklah;16;16;170;0;69;morreu
CSV;m1;ghaunadaur_fome;zynara;1;dagruve;1;11;724;63;124;passou
CSV;m1;ghaunadaur_fome;zynara;1;docas;11;15;451;52;93;passou
CSV;m1;ghaunadaur_fome;zynara;1;shedaklah;15;19;1186;0;310;morreu
CSV;m1;ghaunadaur_fome;zynara;2;dagruve;1;8;446;21;106;passou
CSV;m1;ghaunadaur_fome;zynara;2;docas;8;11;146;0;79;morreu
CSV;m1;ghaunadaur_fome;zynara;3;dagruve;1;8;363;42;75;passou
CSV;m1;ghaunadaur_fome;zynara;3;docas;8;11;203;0;208;morreu
CSV;m1;ghaunadaur_fome;zynara;4;dagruve;1;9;417;47;70;passou
CSV;m1;ghaunadaur_fome;zynara;4;docas;9;15;582;16;253;passou
CSV;m1;ghaunadaur_fome;zynara;4;shedaklah;15;16;224;0;213;morreu
CSV;m1;ghaunadaur_fome;zynara;5;dagruve;1;14;1636;20;395;passou
CSV;m1;ghaunadaur_fome;zynara;5;docas;14;14;151;0;81;morreu
CSV;m1;ghaunadaur_fome;zynara;6;dagruve;1;13;1311;0;461;morreu
CSV;m0;ghaunadaur_olho;bromnor;1;dagruve;1;2;46;0;48;morreu
CSV;m0;ghaunadaur_olho;bromnor;2;dagruve;1;11;389;56;77;passou
CSV;m0;ghaunadaur_olho;bromnor;2;docas;11;12;123;0;100;morreu
CSV;m0;ghaunadaur_olho;bromnor;3;dagruve;1;9;335;4;59;passou
CSV;m0;ghaunadaur_olho;bromnor;3;docas;9;12;155;0;30;morreu
CSV;m0;ghaunadaur_olho;bromnor;4;dagruve;1;10;418;37;48;passou
CSV;m0;ghaunadaur_olho;bromnor;4;docas;10;15;537;68;94;passou
CSV;m0;ghaunadaur_olho;bromnor;4;shedaklah;15;15;60;0;83;morreu
CSV;m0;ghaunadaur_olho;bromnor;5;dagruve;1;4;119;0;50;morreu
CSV;m0;ghaunadaur_olho;bromnor;6;dagruve;1;11;636;43;96;passou
CSV;m0;ghaunadaur_olho;bromnor;6;docas;11;13;434;28;102;passou
CSV;m0;ghaunadaur_olho;bromnor;6;shedaklah;13;13;65;0;53;morreu
CSV;m1;ghaunadaur_olho;bromnor;1;dagruve;1;13;1108;65;137;passou
CSV;m1;ghaunadaur_olho;bromnor;1;docas;13;15;564;51;204;passou
CSV;m1;ghaunadaur_olho;bromnor;1;shedaklah;15;23;1771;0;910;morreu
CSV;m1;ghaunadaur_olho;bromnor;2;dagruve;1;13;1028;57;133;passou
CSV;m1;ghaunadaur_olho;bromnor;2;docas;13;17;510;68;115;passou
CSV;m1;ghaunadaur_olho;bromnor;2;shedaklah;17;17;75;0;114;morreu
CSV;m1;ghaunadaur_olho;bromnor;3;dagruve;1;11;1151;0;178;morreu
CSV;m1;ghaunadaur_olho;bromnor;4;dagruve;1;10;728;64;126;passou
CSV;m1;ghaunadaur_olho;bromnor;4;docas;10;12;447;42;181;passou
CSV;m1;ghaunadaur_olho;bromnor;4;shedaklah;12;13;274;0;168;morreu
CSV;m1;ghaunadaur_olho;bromnor;5;dagruve;1;10;322;15;67;passou
CSV;m1;ghaunadaur_olho;bromnor;5;docas;10;15;504;72;83;passou
CSV;m1;ghaunadaur_olho;bromnor;5;shedaklah;15;20;504;0;226;morreu
CSV;m1;ghaunadaur_olho;bromnor;6;dagruve;1;12;976;46;138;passou
CSV;m1;ghaunadaur_olho;bromnor;6;docas;12;14;412;44;188;passou
CSV;m1;ghaunadaur_olho;bromnor;6;shedaklah;14;15;263;0;100;morreu
CSV;m0;ghaunadaur_olho;brook;1;dagruve;1;2;59;0;40;morreu
CSV;m0;ghaunadaur_olho;brook;2;dagruve;1;11;639;59;110;passou
CSV;m0;ghaunadaur_olho;brook;2;docas;11;12;79;0;78;morreu
CSV;m0;ghaunadaur_olho;brook;3;dagruve;1;4;175;0;40;morreu
CSV;m0;ghaunadaur_olho;brook;4;dagruve;1;6;360;0;63;morreu
CSV;m0;ghaunadaur_olho;brook;5;dagruve;1;11;802;0;265;morreu
CSV;m0;ghaunadaur_olho;brook;6;dagruve;1;3;137;0;40;morreu
CSV;m1;ghaunadaur_olho;brook;1;dagruve;1;4;165;0;52;morreu
CSV;m1;ghaunadaur_olho;brook;2;dagruve;1;14;1440;29;478;passou
CSV;m1;ghaunadaur_olho;brook;2;docas;14;16;567;49;165;passou
CSV;m1;ghaunadaur_olho;brook;2;shedaklah;16;18;726;0;287;morreu
CSV;m1;ghaunadaur_olho;brook;3;dagruve;1;3;180;0;50;morreu
CSV;m1;ghaunadaur_olho;brook;4;dagruve;1;5;282;0;50;morreu
CSV;m1;ghaunadaur_olho;brook;5;dagruve;1;3;255;0;48;morreu
CSV;m1;ghaunadaur_olho;brook;6;dagruve;1;13;368;64;141;passou
CSV;m1;ghaunadaur_olho;brook;6;docas;13;17;528;42;359;passou
CSV;m1;ghaunadaur_olho;brook;6;shedaklah;17;18;203;0;105;morreu
CSV;m0;ghaunadaur_olho;durvall;1;dagruve;1;3;63;0;38;morreu
CSV;m0;ghaunadaur_olho;durvall;2;dagruve;1;5;138;0;63;morreu
CSV;m0;ghaunadaur_olho;durvall;3;dagruve;1;5;89;0;38;morreu
CSV;m0;ghaunadaur_olho;durvall;4;dagruve;1;3;56;0;38;morreu
CSV;m0;ghaunadaur_olho;durvall;5;dagruve;1;3;87;0;38;morreu
CSV;m0;ghaunadaur_olho;durvall;6;dagruve;1;4;49;0;55;morreu
CSV;m1;ghaunadaur_olho;durvall;1;dagruve;1;4;141;0;46;morreu
CSV;m1;ghaunadaur_olho;durvall;2;dagruve;1;2;50;0;48;morreu
CSV;m1;ghaunadaur_olho;durvall;3;dagruve;1;4;107;0;52;morreu
CSV;m1;ghaunadaur_olho;durvall;4;dagruve;1;5;149;0;52;morreu
CSV;m1;ghaunadaur_olho;durvall;5;dagruve;1;3;52;0;46;morreu
CSV;m1;ghaunadaur_olho;durvall;6;dagruve;1;6;371;0;58;morreu
CSV;m0;ghaunadaur_olho;kayron;1;dagruve;1;3;48;0;38;morreu
CSV;m0;ghaunadaur_olho;kayron;2;dagruve;1;6;72;0;42;morreu
CSV;m0;ghaunadaur_olho;kayron;3;dagruve;1;3;50;0;38;morreu
CSV;m0;ghaunadaur_olho;kayron;4;dagruve;1;4;55;0;38;morreu
CSV;m0;ghaunadaur_olho;kayron;5;dagruve;1;6;152;0;48;morreu
CSV;m0;ghaunadaur_olho;kayron;6;dagruve;1;6;99;0;54;morreu
CSV;m1;ghaunadaur_olho;kayron;1;dagruve;1;4;65;0;46;morreu
CSV;m1;ghaunadaur_olho;kayron;2;dagruve;1;10;485;43;159;passou
CSV;m1;ghaunadaur_olho;kayron;2;docas;10;17;339;5;385;passou
CSV;m1;ghaunadaur_olho;kayron;2;shedaklah;17;17;44;0;68;morreu
CSV;m1;ghaunadaur_olho;kayron;3;dagruve;1;4;110;0;46;morreu
CSV;m1;ghaunadaur_olho;kayron;4;dagruve;1;6;63;0;46;morreu
CSV;m1;ghaunadaur_olho;kayron;5;dagruve;1;6;94;0;68;morreu
CSV;m1;ghaunadaur_olho;kayron;6;dagruve;1;12;479;6;165;passou
CSV;m1;ghaunadaur_olho;kayron;6;docas;12;16;346;5;363;passou
CSV;m1;ghaunadaur_olho;kayron;6;shedaklah;16;24;627;25;560;passou
CSV;m1;ghaunadaur_olho;kayron;6;molor;24;24;83;0;188;morreu
CSV;m0;ghaunadaur_olho;korrak;1;dagruve;1;10;572;15;196;passou
CSV;m0;ghaunadaur_olho;korrak;1;docas;10;15;358;0;359;passou
CSV;m0;ghaunadaur_olho;korrak;1;shedaklah;15;18;390;0;556;morreu
CSV;m0;ghaunadaur_olho;korrak;2;dagruve;1;10;318;65;119;passou
CSV;m0;ghaunadaur_olho;korrak;2;docas;10;16;363;36;403;passou
CSV;m0;ghaunadaur_olho;korrak;2;shedaklah;16;19;250;0;358;morreu
CSV;m0;ghaunadaur_olho;korrak;3;dagruve;1;10;469;46;130;passou
CSV;m0;ghaunadaur_olho;korrak;3;docas;10;13;200;0;165;morreu
CSV;m0;ghaunadaur_olho;korrak;4;dagruve;1;11;376;46;217;passou
CSV;m0;ghaunadaur_olho;korrak;4;docas;11;15;412;24;446;passou
CSV;m0;ghaunadaur_olho;korrak;4;shedaklah;15;24;1544;4;1559;passou
CSV;m0;ghaunadaur_olho;korrak;4;molor;24;28;947;0;993;morreu
CSV;m0;ghaunadaur_olho;korrak;5;dagruve;1;12;747;38;297;passou
CSV;m0;ghaunadaur_olho;korrak;5;docas;12;13;83;0;124;morreu
CSV;m0;ghaunadaur_olho;korrak;6;dagruve;1;11;487;47;108;passou
CSV;m0;ghaunadaur_olho;korrak;6;docas;11;12;87;0;121;morreu
CSV;m1;ghaunadaur_olho;korrak;1;dagruve;1;11;339;54;161;passou
CSV;m1;ghaunadaur_olho;korrak;1;docas;11;17;331;77;153;passou
CSV;m1;ghaunadaur_olho;korrak;1;shedaklah;17;24;920;8;1023;passou
CSV;m1;ghaunadaur_olho;korrak;1;molor;24;28;531;0;688;morreu
CSV;m1;ghaunadaur_olho;korrak;2;dagruve;1;11;499;53;187;passou
CSV;m1;ghaunadaur_olho;korrak;2;docas;11;15;384;52;207;passou
CSV;m1;ghaunadaur_olho;korrak;2;shedaklah;15;19;1125;0;752;morreu
CSV;m1;ghaunadaur_olho;korrak;3;dagruve;1;12;344;42;301;passou
CSV;m1;ghaunadaur_olho;korrak;3;docas;12;16;397;63;234;passou
CSV;m1;ghaunadaur_olho;korrak;3;shedaklah;16;22;606;9;389;passou
CSV;m1;ghaunadaur_olho;korrak;3;molor;22;30;608;28;695;passou
CSV;m1;ghaunadaur_olho;korrak;4;dagruve;1;13;803;51;489;passou
CSV;m1;ghaunadaur_olho;korrak;4;docas;13;16;517;9;504;passou
CSV;m1;ghaunadaur_olho;korrak;4;shedaklah;16;16;46;0;83;morreu
CSV;m1;ghaunadaur_olho;korrak;5;dagruve;1;9;449;62;133;passou
CSV;m1;ghaunadaur_olho;korrak;5;docas;9;15;419;63;279;passou
CSV;m1;ghaunadaur_olho;korrak;5;shedaklah;15;17;334;0;381;morreu
CSV;m1;ghaunadaur_olho;korrak;6;dagruve;1;13;327;42;177;passou
CSV;m1;ghaunadaur_olho;korrak;6;docas;13;18;336;68;148;passou
CSV;m1;ghaunadaur_olho;korrak;6;shedaklah;18;24;625;29;492;passou
CSV;m1;ghaunadaur_olho;korrak;6;molor;24;31;777;58;674;passou
CSV;m0;ghaunadaur_olho;leoric;1;dagruve;1;11;554;23;162;passou
CSV;m0;ghaunadaur_olho;leoric;1;docas;11;12;103;0;61;morreu
CSV;m0;ghaunadaur_olho;leoric;2;dagruve;1;4;80;0;52;morreu
CSV;m0;ghaunadaur_olho;leoric;3;dagruve;1;5;88;0;32;morreu
CSV;m0;ghaunadaur_olho;leoric;4;dagruve;1;3;80;0;32;morreu
CSV;m0;ghaunadaur_olho;leoric;5;dagruve;1;3;84;0;32;morreu
CSV;m0;ghaunadaur_olho;leoric;6;dagruve;1;9;101;0;40;morreu
CSV;m1;ghaunadaur_olho;leoric;1;dagruve;1;6;127;0;40;morreu
CSV;m1;ghaunadaur_olho;leoric;2;dagruve;1;5;152;0;46;morreu
CSV;m1;ghaunadaur_olho;leoric;3;dagruve;1;6;122;0;42;morreu
CSV;m1;ghaunadaur_olho;leoric;4;dagruve;1;11;182;0;102;morreu
CSV;m1;ghaunadaur_olho;leoric;5;dagruve;1;3;43;0;40;morreu
CSV;m1;ghaunadaur_olho;leoric;6;dagruve;1;15;320;45;107;passou
CSV;m1;ghaunadaur_olho;leoric;6;docas;15;19;346;1;167;passou
CSV;m1;ghaunadaur_olho;leoric;6;shedaklah;19;19;49;0;75;morreu
CSV;m0;ghaunadaur_olho;maelor;1;dagruve;1;13;866;37;355;passou
CSV;m0;ghaunadaur_olho;maelor;1;docas;13;14;242;0;153;morreu
CSV;m0;ghaunadaur_olho;maelor;2;dagruve;1;11;479;65;156;passou
CSV;m0;ghaunadaur_olho;maelor;2;docas;11;13;239;0;161;morreu
CSV;m0;ghaunadaur_olho;maelor;3;dagruve;1;6;77;0;62;morreu
CSV;m0;ghaunadaur_olho;maelor;4;dagruve;1;10;366;1;140;passou
CSV;m0;ghaunadaur_olho;maelor;4;docas;10;14;228;0;191;morreu
CSV;m0;ghaunadaur_olho;maelor;5;dagruve;1;11;384;45;113;passou
CSV;m0;ghaunadaur_olho;maelor;5;docas;11;12;180;0;133;morreu
CSV;m0;ghaunadaur_olho;maelor;6;dagruve;1;12;615;41;122;passou
CSV;m0;ghaunadaur_olho;maelor;6;docas;12;12;79;0;88;morreu
CSV;m1;ghaunadaur_olho;maelor;1;dagruve;1;4;50;0;49;morreu
CSV;m1;ghaunadaur_olho;maelor;2;dagruve;1;6;136;0;59;morreu
CSV;m1;ghaunadaur_olho;maelor;3;dagruve;1;13;666;29;287;passou
CSV;m1;ghaunadaur_olho;maelor;3;docas;13;13;56;0;61;morreu
CSV;m1;ghaunadaur_olho;maelor;4;dagruve;1;7;140;0;72;morreu
CSV;m1;ghaunadaur_olho;maelor;5;dagruve;1;10;373;70;117;passou
CSV;m1;ghaunadaur_olho;maelor;5;docas;10;11;55;0;93;morreu
CSV;m1;ghaunadaur_olho;maelor;6;dagruve;1;12;454;31;163;passou
CSV;m1;ghaunadaur_olho;maelor;6;docas;12;15;447;10;322;passou
CSV;m1;ghaunadaur_olho;maelor;6;shedaklah;15;20;923;0;632;morreu
CSV;m0;ghaunadaur_olho;nyrelia;1;dagruve;1;2;81;0;32;morreu
CSV;m0;ghaunadaur_olho;nyrelia;2;dagruve;1;7;513;0;81;morreu
CSV;m0;ghaunadaur_olho;nyrelia;3;dagruve;1;4;81;0;32;morreu
CSV;m0;ghaunadaur_olho;nyrelia;4;dagruve;1;3;73;0;32;morreu
CSV;m0;ghaunadaur_olho;nyrelia;5;dagruve;1;2;74;0;32;morreu
CSV;m0;ghaunadaur_olho;nyrelia;6;dagruve;1;2;52;0;32;morreu
CSV;m1;ghaunadaur_olho;nyrelia;1;dagruve;1;13;1554;12;711;passou
CSV;m1;ghaunadaur_olho;nyrelia;1;docas;13;15;764;23;261;passou
CSV;m1;ghaunadaur_olho;nyrelia;1;shedaklah;15;17;871;0;403;morreu
CSV;m1;ghaunadaur_olho;nyrelia;2;dagruve;1;4;98;0;42;morreu
CSV;m1;ghaunadaur_olho;nyrelia;3;dagruve;1;5;114;0;40;morreu
CSV;m1;ghaunadaur_olho;nyrelia;4;dagruve;1;3;89;0;40;morreu
CSV;m1;ghaunadaur_olho;nyrelia;5;dagruve;1;2;83;0;42;morreu
CSV;m1;ghaunadaur_olho;nyrelia;6;dagruve;1;4;177;0;48;morreu
CSV;m0;ghaunadaur_olho;sylas;1;dagruve;1;4;74;0;39;morreu
CSV;m0;ghaunadaur_olho;sylas;2;dagruve;1;7;118;0;36;morreu
CSV;m0;ghaunadaur_olho;sylas;3;dagruve;1;8;165;0;106;morreu
CSV;m0;ghaunadaur_olho;sylas;4;dagruve;1;4;45;0;44;morreu
CSV;m0;ghaunadaur_olho;sylas;5;dagruve;1;8;144;0;61;morreu
CSV;m0;ghaunadaur_olho;sylas;6;dagruve;1;4;63;0;42;morreu
CSV;m1;ghaunadaur_olho;sylas;1;dagruve;1;8;121;0;46;morreu
CSV;m1;ghaunadaur_olho;sylas;2;dagruve;1;5;74;0;44;morreu
CSV;m1;ghaunadaur_olho;sylas;3;dagruve;1;13;328;53;111;passou
CSV;m1;ghaunadaur_olho;sylas;3;docas;13;14;167;0;111;morreu
CSV;m1;ghaunadaur_olho;sylas;4;dagruve;1;10;191;0;81;morreu
CSV;m1;ghaunadaur_olho;sylas;5;dagruve;1;6;155;0;46;morreu
CSV;m1;ghaunadaur_olho;sylas;6;dagruve;1;7;85;0;82;morreu
CSV;m0;ghaunadaur_olho;zynara;1;dagruve;1;3;66;0;34;morreu
CSV;m0;ghaunadaur_olho;zynara;2;dagruve;1;9;488;35;107;passou
CSV;m0;ghaunadaur_olho;zynara;2;docas;9;11;114;0;56;morreu
CSV;m0;ghaunadaur_olho;zynara;3;dagruve;1;12;1004;14;433;passou
CSV;m0;ghaunadaur_olho;zynara;3;docas;12;12;69;0;54;morreu
CSV;m0;ghaunadaur_olho;zynara;4;dagruve;1;3;106;0;34;morreu
CSV;m0;ghaunadaur_olho;zynara;5;dagruve;1;7;235;0;106;morreu
CSV;m0;ghaunadaur_olho;zynara;6;dagruve;1;7;293;0;84;morreu
CSV;m1;ghaunadaur_olho;zynara;1;dagruve;1;4;57;0;51;morreu
CSV;m1;ghaunadaur_olho;zynara;2;dagruve;1;4;114;0;48;morreu
CSV;m1;ghaunadaur_olho;zynara;3;dagruve;1;11;380;20;97;passou
CSV;m1;ghaunadaur_olho;zynara;3;docas;11;13;198;0;138;morreu
CSV;m1;ghaunadaur_olho;zynara;4;dagruve;1;3;66;0;42;morreu
CSV;m1;ghaunadaur_olho;zynara;5;dagruve;1;5;204;0;61;morreu
CSV;m1;ghaunadaur_olho;zynara;6;dagruve;1;5;165;0;67;morreu
CSV;m0;helion_saber;bromnor;1;dagruve;1;11;953;3;137;passou
CSV;m0;helion_saber;bromnor;1;docas;11;12;68;0;35;morreu
CSV;m0;helion_saber;bromnor;2;dagruve;1;11;899;73;125;passou
CSV;m0;helion_saber;bromnor;2;docas;11;11;138;0;82;morreu
CSV;m0;helion_saber;bromnor;3;dagruve;1;11;1052;69;102;passou
CSV;m0;helion_saber;bromnor;3;docas;11;14;546;59;93;passou
CSV;m0;helion_saber;bromnor;3;shedaklah;14;19;1357;0;498;morreu
CSV;m0;helion_saber;bromnor;4;dagruve;1;12;1827;42;295;passou
CSV;m0;helion_saber;bromnor;4;docas;12;13;171;0;111;morreu
CSV;m0;helion_saber;bromnor;5;dagruve;1;10;669;64;36;passou
CSV;m0;helion_saber;bromnor;5;docas;10;11;162;0;81;morreu
CSV;m0;helion_saber;bromnor;6;dagruve;1;13;2158;57;302;passou
CSV;m0;helion_saber;bromnor;6;docas;13;14;235;0;92;morreu
CSV;m1;helion_saber;bromnor;1;dagruve;1;12;1055;53;150;passou
CSV;m1;helion_saber;bromnor;1;docas;12;14;673;26;194;passou
CSV;m1;helion_saber;bromnor;1;shedaklah;14;16;851;0;271;morreu
CSV;m1;helion_saber;bromnor;2;dagruve;1;12;1350;77;141;passou
CSV;m1;helion_saber;bromnor;2;docas;12;15;446;25;165;passou
CSV;m1;helion_saber;bromnor;2;shedaklah;15;19;1324;0;433;morreu
CSV;m1;helion_saber;bromnor;3;dagruve;1;11;1022;48;138;passou
CSV;m1;helion_saber;bromnor;3;docas;11;14;563;35;112;passou
CSV;m1;helion_saber;bromnor;3;shedaklah;14;17;1264;0;304;morreu
CSV;m1;helion_saber;bromnor;4;dagruve;1;11;1005;62;146;passou
CSV;m1;helion_saber;bromnor;4;docas;11;14;642;19;208;passou
CSV;m1;helion_saber;bromnor;4;shedaklah;14;19;1722;0;494;morreu
CSV;m1;helion_saber;bromnor;5;dagruve;1;14;2334;67;259;passou
CSV;m1;helion_saber;bromnor;5;docas;14;18;386;75;96;passou
CSV;m1;helion_saber;bromnor;5;shedaklah;18;23;690;0;326;morreu
CSV;m1;helion_saber;bromnor;6;dagruve;1;10;804;85;54;passou
CSV;m1;helion_saber;bromnor;6;docas;10;16;469;78;94;passou
CSV;m1;helion_saber;bromnor;6;shedaklah;16;22;901;14;279;passou
CSV;m1;helion_saber;bromnor;6;molor;22;24;338;0;267;morreu
CSV;m0;helion_saber;brook;1;dagruve;1;2;47;0;40;morreu
CSV;m0;helion_saber;brook;2;dagruve;1;10;529;0;40;morreu
CSV;m0;helion_saber;brook;3;dagruve;1;2;219;0;40;morreu
CSV;m0;helion_saber;brook;4;dagruve;1;2;174;0;42;morreu
CSV;m0;helion_saber;brook;5;dagruve;1;2;53;0;40;morreu
CSV;m0;helion_saber;brook;6;dagruve;1;3;302;0;40;morreu
CSV;m1;helion_saber;brook;1;dagruve;1;11;496;36;63;passou
CSV;m1;helion_saber;brook;1;docas;11;11;59;0;66;morreu
CSV;m1;helion_saber;brook;2;dagruve;1;10;768;71;101;passou
CSV;m1;helion_saber;brook;2;docas;10;14;399;0;204;morreu
CSV;m1;helion_saber;brook;3;dagruve;1;12;3716;0;1008;morreu
CSV;m1;helion_saber;brook;4;dagruve;1;6;902;0;133;morreu
CSV;m1;helion_saber;brook;5;dagruve;1;2;229;0;48;morreu
CSV;m1;helion_saber;brook;6;dagruve;1;11;1574;0;455;morreu
CSV;m0;helion_saber;durvall;1;dagruve;1;3;74;0;38;morreu
CSV;m0;helion_saber;durvall;2;dagruve;1;4;146;0;38;morreu
CSV;m0;helion_saber;durvall;3;dagruve;1;2;179;0;38;morreu
CSV;m0;helion_saber;durvall;4;dagruve;1;5;174;0;47;morreu
CSV;m0;helion_saber;durvall;5;dagruve;1;2;101;0;38;morreu
CSV;m0;helion_saber;durvall;6;dagruve;1;3;48;0;38;morreu
CSV;m1;helion_saber;durvall;1;dagruve;1;3;86;0;46;morreu
CSV;m1;helion_saber;durvall;2;dagruve;1;3;141;0;46;morreu
CSV;m1;helion_saber;durvall;3;dagruve;1;5;347;0;60;morreu
CSV;m1;helion_saber;durvall;4;dagruve;1;2;199;0;46;morreu
CSV;m1;helion_saber;durvall;5;dagruve;1;4;311;0;58;morreu
CSV;m1;helion_saber;durvall;6;dagruve;1;4;164;0;48;morreu
CSV;m0;helion_saber;kayron;1;dagruve;1;6;140;0;44;morreu
CSV;m0;helion_saber;kayron;2;dagruve;1;2;51;0;42;morreu
CSV;m0;helion_saber;kayron;3;dagruve;1;2;54;0;38;morreu
CSV;m0;helion_saber;kayron;4;dagruve;1;6;219;0;55;morreu
CSV;m0;helion_saber;kayron;5;dagruve;1;11;397;54;50;passou
CSV;m0;helion_saber;kayron;5;docas;11;14;225;0;135;morreu
CSV;m0;helion_saber;kayron;6;dagruve;1;12;830;13;173;passou
CSV;m0;helion_saber;kayron;6;docas;12;18;694;12;207;passou
CSV;m0;helion_saber;kayron;6;shedaklah;18;20;567;0;254;morreu
CSV;m1;helion_saber;kayron;1;dagruve;1;6;190;0;52;morreu
CSV;m1;helion_saber;kayron;2;dagruve;1;12;770;49;132;passou
CSV;m1;helion_saber;kayron;2;docas;12;12;61;0;62;morreu
CSV;m1;helion_saber;kayron;3;dagruve;1;1;44;0;46;morreu
CSV;m1;helion_saber;kayron;4;dagruve;1;3;54;0;46;morreu
CSV;m1;helion_saber;kayron;5;dagruve;1;7;155;0;58;morreu
CSV;m1;helion_saber;kayron;6;dagruve;1;5;119;0;46;morreu
CSV;m0;helion_saber;korrak;1;dagruve;1;12;870;68;268;passou
CSV;m0;helion_saber;korrak;1;docas;12;15;510;3;269;passou
CSV;m0;helion_saber;korrak;1;shedaklah;15;16;540;0;345;morreu
CSV;m0;helion_saber;korrak;2;dagruve;1;12;880;69;202;passou
CSV;m0;helion_saber;korrak;2;docas;12;15;432;8;365;passou
CSV;m0;helion_saber;korrak;2;shedaklah;15;16;240;0;258;morreu
CSV;m0;helion_saber;korrak;3;dagruve;1;12;846;55;158;passou
CSV;m0;helion_saber;korrak;3;docas;12;16;447;29;262;passou
CSV;m0;helion_saber;korrak;3;shedaklah;16;20;2601;0;1625;morreu
CSV;m0;helion_saber;korrak;4;dagruve;1;13;841;45;366;passou
CSV;m0;helion_saber;korrak;4;docas;13;16;376;63;110;passou
CSV;m0;helion_saber;korrak;4;shedaklah;16;22;3262;0;2575;morreu
CSV;m0;helion_saber;korrak;5;dagruve;1;12;1020;58;307;passou
CSV;m0;helion_saber;korrak;5;docas;12;14;628;56;234;passou
CSV;m0;helion_saber;korrak;5;shedaklah;14;15;40;0;78;morreu
CSV;m0;helion_saber;korrak;6;dagruve;1;9;723;77;67;passou
CSV;m0;helion_saber;korrak;6;docas;9;13;580;60;143;passou
CSV;m0;helion_saber;korrak;6;shedaklah;13;15;777;0;325;morreu
CSV;m1;helion_saber;korrak;1;dagruve;1;13;1085;47;295;passou
CSV;m1;helion_saber;korrak;1;docas;13;16;391;63;130;passou
CSV;m1;helion_saber;korrak;1;shedaklah;16;25;4294;10;2937;passou
CSV;m1;helion_saber;korrak;1;molor;25;27;908;0;739;morreu
CSV;m1;helion_saber;korrak;2;dagruve;1;11;719;55;212;passou
CSV;m1;helion_saber;korrak;2;docas;11;15;424;35;265;passou
CSV;m1;helion_saber;korrak;2;shedaklah;15;23;1264;0;1557;morreu
CSV;m1;helion_saber;korrak;3;dagruve;1;10;480;83;27;passou
CSV;m1;helion_saber;korrak;3;docas;10;15;377;44;315;passou
CSV;m1;helion_saber;korrak;3;shedaklah;15;22;1124;40;651;passou
CSV;m1;helion_saber;korrak;3;molor;22;25;520;0;674;morreu
CSV;m1;helion_saber;korrak;4;dagruve;1;11;553;58;229;passou
CSV;m1;helion_saber;korrak;4;docas;11;14;382;40;177;passou
CSV;m1;helion_saber;korrak;4;shedaklah;14;19;1663;0;871;morreu
CSV;m1;helion_saber;korrak;5;dagruve;1;9;450;74;92;passou
CSV;m1;helion_saber;korrak;5;docas;9;11;88;0;126;morreu
CSV;m1;helion_saber;korrak;6;dagruve;1;10;434;78;63;passou
CSV;m1;helion_saber;korrak;6;docas;10;14;431;42;387;passou
CSV;m1;helion_saber;korrak;6;shedaklah;14;17;655;0;567;morreu
CSV;m0;helion_saber;leoric;1;dagruve;1;4;154;0;34;morreu
CSV;m0;helion_saber;leoric;2;dagruve;1;10;398;40;58;passou
CSV;m0;helion_saber;leoric;2;docas;10;14;344;0;118;morreu
CSV;m0;helion_saber;leoric;3;dagruve;1;4;180;0;32;morreu
CSV;m0;helion_saber;leoric;4;dagruve;1;3;86;0;34;morreu
CSV;m0;helion_saber;leoric;5;dagruve;1;12;754;58;185;passou
CSV;m0;helion_saber;leoric;5;docas;12;13;113;0;65;morreu
CSV;m0;helion_saber;leoric;6;dagruve;1;13;548;51;129;passou
CSV;m0;helion_saber;leoric;6;docas;13;14;57;0;54;morreu
CSV;m1;helion_saber;leoric;1;dagruve;1;4;118;0;40;morreu
CSV;m1;helion_saber;leoric;2;dagruve;1;7;122;0;64;morreu
CSV;m1;helion_saber;leoric;3;dagruve;1;6;237;0;51;morreu
CSV;m1;helion_saber;leoric;4;dagruve;1;6;201;0;42;morreu
CSV;m1;helion_saber;leoric;5;dagruve;1;11;638;12;131;passou
CSV;m1;helion_saber;leoric;5;docas;11;13;279;0;110;morreu
CSV;m1;helion_saber;leoric;6;dagruve;1;11;170;0;62;morreu
CSV;m0;helion_saber;maelor;1;dagruve;1;2;50;0;54;morreu
CSV;m0;helion_saber;maelor;2;dagruve;1;11;428;68;100;passou
CSV;m0;helion_saber;maelor;2;docas;11;16;545;14;348;passou
CSV;m0;helion_saber;maelor;2;shedaklah;16;16;46;0;65;morreu
CSV;m0;helion_saber;maelor;3;dagruve;1;11;639;47;150;passou
CSV;m0;helion_saber;maelor;3;docas;11;11;114;0;80;morreu
CSV;m0;helion_saber;maelor;4;dagruve;1;13;884;8;298;passou
CSV;m0;helion_saber;maelor;4;docas;13;13;93;0;76;morreu
CSV;m0;helion_saber;maelor;5;dagruve;1;12;654;28;170;passou
CSV;m0;helion_saber;maelor;5;docas;12;15;638;17;293;passou
CSV;m0;helion_saber;maelor;5;shedaklah;15;17;561;0;295;morreu
CSV;m0;helion_saber;maelor;6;dagruve;1;12;697;58;194;passou
CSV;m0;helion_saber;maelor;6;docas;12;15;377;7;241;passou
CSV;m0;helion_saber;maelor;6;shedaklah;15;21;1088;0;778;morreu
CSV;m1;helion_saber;maelor;1;dagruve;1;2;48;0;48;morreu
CSV;m1;helion_saber;maelor;2;dagruve;1;13;328;85;40;passou
CSV;m1;helion_saber;maelor;2;docas;13;18;336;67;133;passou
CSV;m1;helion_saber;maelor;2;shedaklah;18;23;573;0;436;morreu
CSV;m1;helion_saber;maelor;3;dagruve;1;4;93;0;52;morreu
CSV;m1;helion_saber;maelor;4;dagruve;1;12;414;61;98;passou
CSV;m1;helion_saber;maelor;4;docas;12;12;57;0;71;morreu
CSV;m1;helion_saber;maelor;5;dagruve;1;10;634;59;196;passou
CSV;m1;helion_saber;maelor;5;docas;10;14;695;6;337;passou
CSV;m1;helion_saber;maelor;5;shedaklah;14;18;954;0;596;morreu
CSV;m1;helion_saber;maelor;6;dagruve;1;3;76;0;60;morreu
CSV;m0;helion_saber;nyrelia;1;dagruve;1;1;133;0;32;morreu
CSV;m0;helion_saber;nyrelia;2;dagruve;1;11;833;21;165;passou
CSV;m0;helion_saber;nyrelia;2;docas;11;11;63;0;50;morreu
CSV;m0;helion_saber;nyrelia;3;dagruve;1;4;184;0;44;morreu
CSV;m0;helion_saber;nyrelia;4;dagruve;1;3;140;0;32;morreu
CSV;m0;helion_saber;nyrelia;5;dagruve;1;2;124;0;32;morreu
CSV;m0;helion_saber;nyrelia;6;dagruve;1;2;116;0;32;morreu
CSV;m1;helion_saber;nyrelia;1;dagruve;1;4;180;0;40;morreu
CSV;m1;helion_saber;nyrelia;2;dagruve;1;4;155;0;40;morreu
CSV;m1;helion_saber;nyrelia;3;dagruve;1;11;1190;11;313;passou
CSV;m1;helion_saber;nyrelia;3;docas;11;16;439;38;200;passou
CSV;m1;helion_saber;nyrelia;3;shedaklah;16;21;609;0;417;morreu
CSV;m1;helion_saber;nyrelia;4;dagruve;1;8;318;0;49;morreu
CSV;m1;helion_saber;nyrelia;5;dagruve;1;2;107;0;40;morreu
CSV;m1;helion_saber;nyrelia;6;dagruve;1;4;251;0;40;morreu
CSV;m0;helion_saber;sylas;1;dagruve;1;5;75;0;39;morreu
CSV;m0;helion_saber;sylas;2;dagruve;1;3;67;0;36;morreu
CSV;m0;helion_saber;sylas;3;dagruve;1;7;128;0;69;morreu
CSV;m0;helion_saber;sylas;4;dagruve;1;9;123;0;42;morreu
CSV;m0;helion_saber;sylas;5;dagruve;1;9;199;0;38;morreu
CSV;m0;helion_saber;sylas;6;dagruve;1;13;440;19;106;?
CSV;m1;helion_saber;sylas;1;dagruve;1;8;181;0;52;morreu
CSV;m1;helion_saber;sylas;2;dagruve;1;5;96;0;44;morreu
CSV;m1;helion_saber;sylas;3;dagruve;1;12;367;31;65;passou
CSV;m1;helion_saber;sylas;3;docas;12;13;92;0;54;morreu
CSV;m1;helion_saber;sylas;4;dagruve;1;12;423;35;80;passou
CSV;m1;helion_saber;sylas;4;docas;12;16;520;18;273;passou
CSV;m1;helion_saber;sylas;4;shedaklah;16;21;1586;0;1062;morreu
CSV;m1;helion_saber;sylas;5;dagruve;1;6;114;0;46;morreu
CSV;m1;helion_saber;sylas;6;dagruve;1;6;75;0;50;morreu
CSV;m0;helion_saber;zynara;1;dagruve;1;3;96;0;34;morreu
CSV;m0;helion_saber;zynara;2;dagruve;1;2;57;0;38;morreu
CSV;m0;helion_saber;zynara;3;dagruve;1;11;608;39;162;passou
CSV;m0;helion_saber;zynara;3;docas;11;14;586;41;198;passou
CSV;m0;helion_saber;zynara;3;shedaklah;14;14;92;0;115;morreu
CSV;m0;helion_saber;zynara;4;dagruve;1;9;609;42;177;passou
CSV;m0;helion_saber;zynara;4;docas;9;10;144;0;62;morreu
CSV;m0;helion_saber;zynara;5;dagruve;1;9;475;67;25;passou
CSV;m0;helion_saber;zynara;5;docas;9;15;415;0;123;morreu
CSV;m0;helion_saber;zynara;6;dagruve;1;11;766;43;145;passou
CSV;m0;helion_saber;zynara;6;docas;11;12;303;0;89;morreu
CSV;m1;helion_saber;zynara;1;dagruve;1;4;53;0;42;morreu
CSV;m1;helion_saber;zynara;2;dagruve;1;12;556;50;71;passou
CSV;m1;helion_saber;zynara;2;docas;12;16;248;0;89;morreu
CSV;m1;helion_saber;zynara;3;dagruve;1;3;68;0;42;morreu
CSV;m1;helion_saber;zynara;4;dagruve;1;10;735;0;77;morreu
CSV;m1;helion_saber;zynara;5;dagruve;1;13;365;47;76;passou
CSV;m1;helion_saber;zynara;5;docas;13;17;568;61;212;passou
CSV;m1;helion_saber;zynara;5;shedaklah;17;19;657;0;212;morreu
CSV;m1;helion_saber;zynara;6;dagruve;1;11;532;53;98;passou
CSV;m1;helion_saber;zynara;6;docas;11;16;339;0;156;morreu
CSV;m0;lliira_alegria;bromnor;1;dagruve;1;10;558;49;49;passou
CSV;m0;lliira_alegria;bromnor;1;docas;10;12;345;0;55;morreu
CSV;m0;lliira_alegria;bromnor;2;dagruve;1;13;768;41;115;passou
CSV;m0;lliira_alegria;bromnor;2;docas;13;16;444;23;223;passou
CSV;m0;lliira_alegria;bromnor;2;shedaklah;16;17;340;0;131;morreu
CSV;m0;lliira_alegria;bromnor;3;dagruve;1;9;209;0;38;morreu
CSV;m0;lliira_alegria;bromnor;4;dagruve;1;10;351;84;23;passou
CSV;m0;lliira_alegria;bromnor;4;docas;10;13;138;0;72;morreu
CSV;m0;lliira_alegria;bromnor;5;dagruve;1;11;786;44;55;passou
CSV;m0;lliira_alegria;bromnor;5;docas;11;13;93;0;57;morreu
CSV;m0;lliira_alegria;bromnor;6;dagruve;1;10;501;61;61;passou
CSV;m0;lliira_alegria;bromnor;6;docas;10;16;397;53;103;passou
CSV;m0;lliira_alegria;bromnor;6;shedaklah;16;21;820;0;247;morreu
CSV;m1;lliira_alegria;bromnor;1;dagruve;1;13;1026;62;77;passou
CSV;m1;lliira_alegria;bromnor;1;docas;13;17;472;42;121;passou
CSV;m1;lliira_alegria;bromnor;1;shedaklah;17;23;644;0;269;passou
CSV;m1;lliira_alegria;bromnor;1;molor;23;27;1173;0;413;morreu
CSV;m1;lliira_alegria;bromnor;2;dagruve;1;13;668;60;79;passou
CSV;m1;lliira_alegria;bromnor;2;docas;13;17;486;15;79;passou
CSV;m1;lliira_alegria;bromnor;2;shedaklah;17;18;276;0;81;morreu
CSV;m1;lliira_alegria;bromnor;3;dagruve;1;14;324;26;100;passou
CSV;m1;lliira_alegria;bromnor;3;docas;14;19;330;87;19;passou
CSV;m1;lliira_alegria;bromnor;3;shedaklah;19;20;176;0;152;morreu
CSV;m1;lliira_alegria;bromnor;4;dagruve;1;11;793;63;111;passou
CSV;m1;lliira_alegria;bromnor;4;docas;11;14;568;50;118;passou
CSV;m1;lliira_alegria;bromnor;4;shedaklah;14;14;66;0;80;morreu
CSV;m1;lliira_alegria;bromnor;5;dagruve;1;11;461;72;32;passou
CSV;m1;lliira_alegria;bromnor;5;docas;11;13;113;0;87;morreu
CSV;m1;lliira_alegria;bromnor;6;dagruve;1;11;554;1;68;passou
CSV;m1;lliira_alegria;bromnor;6;docas;11;16;345;64;95;passou
CSV;m1;lliira_alegria;bromnor;6;shedaklah;16;22;699;61;156;passou
CSV;m1;lliira_alegria;bromnor;6;molor;22;24;355;0;178;morreu
CSV;m0;lliira_alegria;brook;1;dagruve;1;8;310;0;30;morreu
CSV;m0;lliira_alegria;brook;2;dagruve;1;9;570;63;59;passou
CSV;m0;lliira_alegria;brook;2;docas;9;10;76;0;62;morreu
CSV;m0;lliira_alegria;brook;3;dagruve;1;3;131;0;30;morreu
CSV;m0;lliira_alegria;brook;4;dagruve;1;13;2008;0;631;morreu
CSV;m0;lliira_alegria;brook;5;dagruve;1;9;371;52;45;passou
CSV;m0;lliira_alegria;brook;5;docas;9;12;158;0;52;morreu
CSV;m0;lliira_alegria;brook;6;dagruve;1;2;160;0;30;morreu
CSV;m1;lliira_alegria;brook;1;dagruve;1;3;46;0;42;morreu
CSV;m1;lliira_alegria;brook;2;dagruve;1;7;148;0;42;morreu
CSV;m1;lliira_alegria;brook;3;dagruve;1;10;996;18;300;passou
CSV;m1;lliira_alegria;brook;3;docas;10;12;115;0;135;morreu
CSV;m1;lliira_alegria;brook;4;dagruve;1;9;613;0;55;morreu
CSV;m1;lliira_alegria;brook;5;dagruve;1;10;348;60;61;passou
CSV;m1;lliira_alegria;brook;5;docas;10;15;590;44;180;passou
CSV;m1;lliira_alegria;brook;5;shedaklah;15;16;33;0;46;morreu
CSV;m1;lliira_alegria;brook;6;dagruve;1;10;949;0;109;morreu
CSV;m0;lliira_alegria;durvall;1;dagruve;1;10;856;0;305;morreu
CSV;m0;lliira_alegria;durvall;2;dagruve;1;4;109;0;28;morreu
CSV;m0;lliira_alegria;durvall;3;dagruve;1;3;99;0;28;morreu
CSV;m0;lliira_alegria;durvall;4;dagruve;1;5;167;0;37;morreu
CSV;m0;lliira_alegria;durvall;5;dagruve;1;6;183;0;39;morreu
CSV;m0;lliira_alegria;durvall;6;dagruve;1;5;185;0;28;morreu
CSV;m1;lliira_alegria;durvall;1;dagruve;1;2;53;0;36;morreu
CSV;m1;lliira_alegria;durvall;2;dagruve;1;4;166;0;38;morreu
CSV;m1;lliira_alegria;durvall;3;dagruve;1;5;234;0;36;morreu
CSV;m1;lliira_alegria;durvall;4;dagruve;1;5;186;0;36;morreu
CSV;m1;lliira_alegria;durvall;5;dagruve;1;5;346;0;45;morreu
CSV;m1;lliira_alegria;durvall;6;dagruve;1;10;705;51;152;passou
CSV;m1;lliira_alegria;durvall;6;docas;10;11;67;0;59;morreu
CSV;m0;lliira_alegria;kayron;1;dagruve;1;7;118;0;49;morreu
CSV;m0;lliira_alegria;kayron;2;dagruve;1;7;127;0;40;morreu
CSV;m0;lliira_alegria;kayron;3;dagruve;1;14;338;7;81;passou
CSV;m0;lliira_alegria;kayron;3;docas;14;18;335;69;76;passou
CSV;m0;lliira_alegria;kayron;3;shedaklah;18;26;580;66;61;passou
CSV;m0;lliira_alegria;kayron;3;molor;26;33;653;33;526;passou
CSV;m0;lliira_alegria;kayron;4;dagruve;1;4;68;0;30;morreu
CSV;m0;lliira_alegria;kayron;5;dagruve;1;4;60;0;28;morreu
CSV;m0;lliira_alegria;kayron;6;dagruve;1;10;229;0;35;morreu
CSV;m1;lliira_alegria;kayron;1;dagruve;1;5;59;0;38;morreu
CSV;m1;lliira_alegria;kayron;2;dagruve;1;12;324;30;78;passou
CSV;m1;lliira_alegria;kayron;2;docas;12;17;327;55;68;passou
CSV;m1;lliira_alegria;kayron;2;shedaklah;17;26;1731;16;718;passou
CSV;m1;lliira_alegria;kayron;2;molor;26;26;120;0;193;morreu
CSV;m1;lliira_alegria;kayron;3;dagruve;1;11;505;59;105;passou
CSV;m1;lliira_alegria;kayron;3;docas;11;18;351;68;139;passou
CSV;m1;lliira_alegria;kayron;3;shedaklah;18;23;551;0;329;morreu
CSV;m1;lliira_alegria;kayron;4;dagruve;1;12;327;44;43;passou
CSV;m1;lliira_alegria;kayron;4;docas;12;14;113;0;52;morreu
CSV;m1;lliira_alegria;kayron;5;dagruve;1;6;82;0;39;morreu
CSV;m1;lliira_alegria;kayron;6;dagruve;1;12;346;75;100;passou
CSV;m1;lliira_alegria;kayron;6;docas;12;17;370;49;239;passou
CSV;m1;lliira_alegria;kayron;6;shedaklah;17;24;717;36;157;passou
CSV;m1;lliira_alegria;kayron;6;molor;24;29;1062;24;620;passou
CSV;m0;lliira_alegria;korrak;1;dagruve;1;11;481;47;110;passou
CSV;m0;lliira_alegria;korrak;1;docas;11;15;373;48;226;passou
CSV;m0;lliira_alegria;korrak;1;shedaklah;15;21;864;0;830;morreu
CSV;m0;lliira_alegria;korrak;2;dagruve;1;12;593;53;152;passou
CSV;m0;lliira_alegria;korrak;2;docas;12;17;423;53;149;passou
CSV;m0;lliira_alegria;korrak;2;shedaklah;17;21;946;0;417;morreu
CSV;m0;lliira_alegria;korrak;3;dagruve;1;9;330;59;107;passou
CSV;m0;lliira_alegria;korrak;3;docas;9;16;341;57;161;passou
CSV;m0;lliira_alegria;korrak;3;shedaklah;16;16;72;0;83;morreu
CSV;m0;lliira_alegria;korrak;4;dagruve;1;12;660;67;115;passou
CSV;m0;lliira_alegria;korrak;4;docas;12;16;384;43;178;passou
CSV;m0;lliira_alegria;korrak;4;shedaklah;16;20;1661;0;1025;morreu
CSV;m0;lliira_alegria;korrak;5;dagruve;1;10;553;84;61;passou
CSV;m0;lliira_alegria;korrak;5;docas;10;16;332;54;170;passou
CSV;m0;lliira_alegria;korrak;5;shedaklah;16;24;1110;28;814;passou
CSV;m0;lliira_alegria;korrak;5;molor;24;27;316;0;550;morreu
CSV;m0;lliira_alegria;korrak;6;dagruve;1;11;521;61;54;passou
CSV;m0;lliira_alegria;korrak;6;docas;11;16;418;70;116;passou
CSV;m0;lliira_alegria;korrak;6;shedaklah;16;24;2778;4;2428;passou
CSV;m0;lliira_alegria;korrak;6;molor;24;25;962;0;550;morreu
CSV;m1;lliira_alegria;korrak;1;dagruve;1;9;449;57;109;passou
CSV;m1;lliira_alegria;korrak;1;docas;9;14;394;59;181;passou
CSV;m1;lliira_alegria;korrak;1;shedaklah;14;22;3060;21;951;passou
CSV;m1;lliira_alegria;korrak;1;molor;22;30;3712;0;5952;morreu
CSV;m1;lliira_alegria;korrak;2;dagruve;1;13;370;63;92;passou
CSV;m1;lliira_alegria;korrak;2;docas;13;17;332;55;223;passou
CSV;m1;lliira_alegria;korrak;2;shedaklah;17;25;1203;0;1478;morreu
CSV;m1;lliira_alegria;korrak;3;dagruve;1;12;355;72;85;passou
CSV;m1;lliira_alegria;korrak;3;docas;12;18;356;74;126;passou
CSV;m1;lliira_alegria;korrak;3;shedaklah;18;23;655;35;474;passou
CSV;m1;lliira_alegria;korrak;3;molor;23;31;3079;8;3788;passou
CSV;m1;lliira_alegria;korrak;4;dagruve;1;12;925;64;122;passou
CSV;m1;lliira_alegria;korrak;4;docas;12;16;441;53;103;passou
CSV;m1;lliira_alegria;korrak;4;shedaklah;16;20;1212;0;431;morreu
CSV;m1;lliira_alegria;korrak;5;dagruve;1;12;315;37;174;passou
CSV;m1;lliira_alegria;korrak;5;docas;12;17;343;44;152;passou
CSV;m1;lliira_alegria;korrak;5;shedaklah;17;24;1227;6;1120;passou
CSV;m1;lliira_alegria;korrak;5;molor;24;29;721;44;610;passou
CSV;m1;lliira_alegria;korrak;6;dagruve;1;11;338;64;198;passou
CSV;m1;lliira_alegria;korrak;6;docas;11;16;343;61;119;passou
CSV;m1;lliira_alegria;korrak;6;shedaklah;16;24;1421;6;1320;passou
CSV;m1;lliira_alegria;korrak;6;molor;24;30;611;41;525;passou
CSV;m0;lliira_alegria;leoric;1;dagruve;1;1;31;0;22;morreu
CSV;m0;lliira_alegria;leoric;2;dagruve;1;5;136;0;30;morreu
CSV;m0;lliira_alegria;leoric;3;dagruve;1;2;42;0;24;morreu
CSV;m0;lliira_alegria;leoric;4;dagruve;1;6;84;0;24;morreu
CSV;m0;lliira_alegria;leoric;5;dagruve;1;3;47;0;22;morreu
CSV;m0;lliira_alegria;leoric;6;dagruve;1;14;332;68;87;passou
CSV;m0;lliira_alegria;leoric;6;docas;14;19;399;4;277;passou
CSV;m0;lliira_alegria;leoric;6;shedaklah;19;21;361;0;379;morreu
CSV;m1;lliira_alegria;leoric;1;dagruve;1;6;58;0;36;morreu
CSV;m1;lliira_alegria;leoric;2;dagruve;1;4;45;0;38;morreu
CSV;m1;lliira_alegria;leoric;3;dagruve;1;7;78;0;30;morreu
CSV;m1;lliira_alegria;leoric;4;dagruve;1;6;121;0;37;morreu
CSV;m1;lliira_alegria;leoric;5;dagruve;1;11;433;24;69;passou
CSV;m1;lliira_alegria;leoric;5;docas;11;12;126;0;68;morreu
CSV;m1;lliira_alegria;leoric;6;dagruve;1;15;352;71;52;passou
CSV;m1;lliira_alegria;leoric;6;docas;15;18;383;20;296;passou
CSV;m1;lliira_alegria;leoric;6;shedaklah;18;19;23;0;42;morreu
CSV;m0;lliira_alegria;maelor;1;dagruve;1;11;393;65;98;passou
CSV;m0;lliira_alegria;maelor;1;docas;11;14;479;23;209;passou
CSV;m0;lliira_alegria;maelor;1;shedaklah;14;20;1179;0;501;morreu
CSV;m0;lliira_alegria;maelor;2;dagruve;1;7;97;0;50;morreu
CSV;m0;lliira_alegria;maelor;3;dagruve;1;10;375;8;139;passou
CSV;m0;lliira_alegria;maelor;3;docas;10;15;442;54;156;passou
CSV;m0;lliira_alegria;maelor;3;shedaklah;15;16;68;0;88;morreu
CSV;m0;lliira_alegria;maelor;4;dagruve;1;10;392;47;90;passou
CSV;m0;lliira_alegria;maelor;4;docas;10;12;223;0;123;morreu
CSV;m0;lliira_alegria;maelor;5;dagruve;1;12;604;34;166;passou
CSV;m0;lliira_alegria;maelor;5;docas;12;15;431;2;160;passou
CSV;m0;lliira_alegria;maelor;5;shedaklah;15;21;740;0;323;morreu
CSV;m0;lliira_alegria;maelor;6;dagruve;1;3;51;0;58;morreu
CSV;m1;lliira_alegria;maelor;1;dagruve;1;11;347;65;86;passou
CSV;m1;lliira_alegria;maelor;1;docas;11;14;472;37;168;passou
CSV;m1;lliira_alegria;maelor;1;shedaklah;14;14;90;0;75;morreu
CSV;m1;lliira_alegria;maelor;2;dagruve;1;11;481;65;125;passou
CSV;m1;lliira_alegria;maelor;2;docas;11;11;55;0;60;morreu
CSV;m1;lliira_alegria;maelor;3;dagruve;1;10;446;79;74;passou
CSV;m1;lliira_alegria;maelor;3;docas;10;11;65;0;81;morreu
CSV;m1;lliira_alegria;maelor;4;dagruve;1;12;412;35;135;passou
CSV;m1;lliira_alegria;maelor;4;docas;12;16;443;16;181;passou
CSV;m1;lliira_alegria;maelor;4;shedaklah;16;18;695;0;259;morreu
CSV;m1;lliira_alegria;maelor;5;dagruve;1;6;102;0;93;morreu
CSV;m1;lliira_alegria;maelor;6;dagruve;1;12;327;44;105;passou
CSV;m1;lliira_alegria;maelor;6;docas;12;16;229;0;262;morreu
CSV;m0;lliira_alegria;nyrelia;1;dagruve;1;6;323;0;61;morreu
CSV;m0;lliira_alegria;nyrelia;2;dagruve;1;1;43;0;22;morreu
CSV;m0;lliira_alegria;nyrelia;3;dagruve;1;2;51;0;24;morreu
CSV;m0;lliira_alegria;nyrelia;4;dagruve;1;2;99;0;22;morreu
CSV;m0;lliira_alegria;nyrelia;5;dagruve;1;4;316;0;50;morreu
CSV;m0;lliira_alegria;nyrelia;6;dagruve;1;2;136;0;22;morreu
CSV;m1;lliira_alegria;nyrelia;1;dagruve;1;12;1244;7;478;passou
CSV;m1;lliira_alegria;nyrelia;1;docas;12;13;66;0;41;morreu
CSV;m1;lliira_alegria;nyrelia;2;dagruve;1;1;49;0;30;morreu
CSV;m1;lliira_alegria;nyrelia;3;dagruve;1;2;148;0;30;morreu
CSV;m1;lliira_alegria;nyrelia;4;dagruve;1;2;41;0;30;morreu
CSV;m1;lliira_alegria;nyrelia;5;dagruve;1;12;312;58;59;passou
CSV;m1;lliira_alegria;nyrelia;5;docas;12;18;344;0;187;morreu
CSV;m1;lliira_alegria;nyrelia;6;dagruve;1;1;71;0;30;morreu
CSV;m0;lliira_alegria;sylas;1;dagruve;1;13;328;18;69;passou
CSV;m0;lliira_alegria;sylas;1;docas;13;16;326;0;168;morreu
CSV;m0;lliira_alegria;sylas;2;dagruve;1;9;107;0;28;morreu
CSV;m0;lliira_alegria;sylas;3;dagruve;1;10;171;0;58;morreu
CSV;m0;lliira_alegria;sylas;4;dagruve;1;5;83;0;32;morreu
CSV;m0;lliira_alegria;sylas;5;dagruve;1;13;348;23;109;passou
CSV;m0;lliira_alegria;sylas;5;docas;13;18;321;62;71;passou
CSV;m0;lliira_alegria;sylas;5;shedaklah;18;19;169;0;92;morreu
CSV;m0;lliira_alegria;sylas;6;dagruve;1;5;73;0;55;morreu
CSV;m1;lliira_alegria;sylas;1;dagruve;1;13;339;71;75;passou
CSV;m1;lliira_alegria;sylas;1;docas;13;17;356;48;166;passou
CSV;m1;lliira_alegria;sylas;1;shedaklah;17;23;898;62;417;passou
CSV;m1;lliira_alegria;sylas;1;molor;23;29;708;0;750;morreu
CSV;m1;lliira_alegria;sylas;2;dagruve;1;13;324;69;29;passou
CSV;m1;lliira_alegria;sylas;2;docas;13;18;344;79;57;passou
CSV;m1;lliira_alegria;sylas;2;shedaklah;18;23;617;61;158;passou
CSV;m1;lliira_alegria;sylas;2;molor;23;27;602;0;341;morreu
CSV;m1;lliira_alegria;sylas;3;dagruve;1;9;153;0;36;morreu
CSV;m1;lliira_alegria;sylas;4;dagruve;1;7;139;0;34;morreu
CSV;m1;lliira_alegria;sylas;5;dagruve;1;7;78;0;53;morreu
CSV;m1;lliira_alegria;sylas;6;dagruve;1;13;321;37;56;passou
CSV;m1;lliira_alegria;sylas;6;docas;13;18;349;75;66;passou
CSV;m1;lliira_alegria;sylas;6;shedaklah;18;22;630;0;297;morreu
CSV;m0;lliira_alegria;zynara;1;dagruve;1;3;111;0;26;morreu
CSV;m0;lliira_alegria;zynara;2;dagruve;1;5;164;0;28;morreu
CSV;m0;lliira_alegria;zynara;3;dagruve;1;4;71;0;24;morreu
CSV;m0;lliira_alegria;zynara;4;dagruve;1;11;324;47;45;passou
CSV;m0;lliira_alegria;zynara;4;docas;11;17;380;34;77;passou
CSV;m0;lliira_alegria;zynara;4;shedaklah;17;24;633;36;61;passou
CSV;m0;lliira_alegria;zynara;4;molor;24;26;178;0;132;morreu
CSV;m0;lliira_alegria;zynara;5;dagruve;1;12;632;58;78;passou
CSV;m0;lliira_alegria;zynara;5;docas;12;14;610;7;157;passou
CSV;m0;lliira_alegria;zynara;5;shedaklah;14;21;1125;0;466;morreu
CSV;m0;lliira_alegria;zynara;6;dagruve;1;5;97;0;36;morreu
CSV;m1;lliira_alegria;zynara;1;dagruve;1;11;645;59;90;passou
CSV;m1;lliira_alegria;zynara;1;docas;11;11;97;0;66;morreu
CSV;m1;lliira_alegria;zynara;2;dagruve;1;5;139;0;36;morreu
CSV;m1;lliira_alegria;zynara;3;dagruve;1;1;58;0;32;morreu
CSV;m1;lliira_alegria;zynara;4;dagruve;1;11;321;56;19;passou
CSV;m1;lliira_alegria;zynara;4;docas;11;17;339;73;96;passou
CSV;m1;lliira_alegria;zynara;4;shedaklah;17;23;655;51;156;passou
CSV;m1;lliira_alegria;zynara;4;molor;23;24;214;0;131;morreu
CSV;m1;lliira_alegria;zynara;5;dagruve;1;6;106;0;32;morreu
CSV;m1;lliira_alegria;zynara;6;dagruve;1;12;411;42;55;passou
CSV;m1;lliira_alegria;zynara;6;docas;12;13;96;0;53;morreu
CSV;m0;lliira_sorte;bromnor;1;dagruve;1;10;1257;0;214;morreu
CSV;m0;lliira_sorte;bromnor;2;dagruve;1;11;827;0;112;morreu
CSV;m0;lliira_sorte;bromnor;3;dagruve;1;12;1008;77;93;passou
CSV;m0;lliira_sorte;bromnor;3;docas;12;14;544;0;139;morreu
CSV;m0;lliira_sorte;bromnor;4;dagruve;1;11;459;10;67;passou
CSV;m0;lliira_sorte;bromnor;4;docas;11;15;594;66;135;passou
CSV;m0;lliira_sorte;bromnor;4;shedaklah;15;15;116;0;74;morreu
CSV;m0;lliira_sorte;bromnor;5;dagruve;1;12;1495;38;193;passou
CSV;m0;lliira_sorte;bromnor;5;docas;12;15;318;0;100;morreu
CSV;m0;lliira_sorte;bromnor;6;dagruve;1;10;498;65;55;passou
CSV;m0;lliira_sorte;bromnor;6;docas;10;15;447;52;128;passou
CSV;m0;lliira_sorte;bromnor;6;shedaklah;15;21;1329;0;486;morreu
CSV;m1;lliira_sorte;bromnor;1;dagruve;1;13;1364;45;165;passou
CSV;m1;lliira_sorte;bromnor;1;docas;13;16;360;88;32;passou
CSV;m1;lliira_sorte;bromnor;1;shedaklah;16;21;2131;0;639;morreu
CSV;m1;lliira_sorte;bromnor;2;dagruve;1;11;434;84;34;passou
CSV;m1;lliira_sorte;bromnor;2;docas;11;15;425;52;158;passou
CSV;m1;lliira_sorte;bromnor;2;shedaklah;15;18;730;0;364;morreu
CSV;m1;lliira_sorte;bromnor;3;dagruve;1;11;1137;77;96;passou
CSV;m1;lliira_sorte;bromnor;3;docas;11;14;445;54;91;passou
CSV;m1;lliira_sorte;bromnor;3;shedaklah;14;17;804;0;228;morreu
CSV;m1;lliira_sorte;bromnor;4;dagruve;1;12;913;60;88;passou
CSV;m1;lliira_sorte;bromnor;4;docas;12;15;355;0;111;morreu
CSV;m1;lliira_sorte;bromnor;5;dagruve;1;12;1738;55;101;passou
CSV;m1;lliira_sorte;bromnor;5;docas;12;14;465;6;77;passou
CSV;m1;lliira_sorte;bromnor;5;shedaklah;14;14;51;0;23;morreu
CSV;m1;lliira_sorte;bromnor;6;dagruve;1;12;1253;76;134;passou
CSV;m1;lliira_sorte;bromnor;6;docas;12;14;569;77;87;passou
CSV;m1;lliira_sorte;bromnor;6;shedaklah;14;17;1081;0;421;morreu
CSV;m0;lliira_sorte;brook;1;dagruve;1;6;322;0;40;morreu
CSV;m0;lliira_sorte;brook;2;dagruve;1;4;51;0;40;morreu
CSV;m0;lliira_sorte;brook;3;dagruve;1;7;297;0;56;morreu
CSV;m0;lliira_sorte;brook;4;dagruve;1;3;51;0;40;morreu
CSV;m0;lliira_sorte;brook;5;dagruve;1;3;54;0;40;morreu
CSV;m0;lliira_sorte;brook;6;dagruve;1;7;444;0;40;morreu
CSV;m1;lliira_sorte;brook;1;dagruve;1;5;72;0;64;morreu
CSV;m1;lliira_sorte;brook;2;dagruve;1;6;345;0;54;morreu
CSV;m1;lliira_sorte;brook;3;dagruve;1;14;1532;26;263;passou
CSV;m1;lliira_sorte;brook;3;docas;14;15;162;0;47;morreu
CSV;m1;lliira_sorte;brook;4;dagruve;1;14;2345;24;460;passou
CSV;m1;lliira_sorte;brook;4;docas;14;15;675;0;237;morreu
CSV;m1;lliira_sorte;brook;5;dagruve;1;7;475;0;48;morreu
CSV;m1;lliira_sorte;brook;6;dagruve;1;13;2274;0;338;morreu
CSV;m0;lliira_sorte;durvall;1;dagruve;1;5;305;0;38;morreu
CSV;m0;lliira_sorte;durvall;2;dagruve;1;3;49;0;38;morreu
CSV;m0;lliira_sorte;durvall;3;dagruve;1;5;351;0;38;morreu
CSV;m0;lliira_sorte;durvall;4;dagruve;1;3;86;0;47;morreu
CSV;m0;lliira_sorte;durvall;5;dagruve;1;3;58;0;38;morreu
CSV;m0;lliira_sorte;durvall;6;dagruve;1;4;60;0;42;morreu
CSV;m1;lliira_sorte;durvall;1;dagruve;1;12;1338;0;469;morreu
CSV;m1;lliira_sorte;durvall;2;dagruve;1;6;258;0;46;morreu
CSV;m1;lliira_sorte;durvall;3;dagruve;1;4;181;0;46;morreu
CSV;m1;lliira_sorte;durvall;4;dagruve;1;7;329;0;114;morreu
CSV;m1;lliira_sorte;durvall;5;dagruve;1;11;1233;0;401;morreu
CSV;m1;lliira_sorte;durvall;6;dagruve;1;7;494;0;63;morreu
CSV;m0;lliira_sorte;kayron;1;dagruve;1;4;124;0;38;morreu
CSV;m0;lliira_sorte;kayron;2;dagruve;1;4;136;0;38;morreu
CSV;m0;lliira_sorte;kayron;3;dagruve;1;3;83;0;38;morreu
CSV;m0;lliira_sorte;kayron;4;dagruve;1;13;1297;26;403;passou
CSV;m0;lliira_sorte;kayron;4;docas;13;13;69;0;70;morreu
CSV;m0;lliira_sorte;kayron;5;dagruve;1;3;114;0;40;morreu
CSV;m0;lliira_sorte;kayron;6;dagruve;1;3;102;0;38;morreu
CSV;m1;lliira_sorte;kayron;1;dagruve;1;13;330;58;107;passou
CSV;m1;lliira_sorte;kayron;1;docas;13;17;328;73;67;passou
CSV;m1;lliira_sorte;kayron;1;shedaklah;17;24;569;63;209;passou
CSV;m1;lliira_sorte;kayron;1;molor;24;29;606;63;286;passou
CSV;m1;lliira_sorte;kayron;2;dagruve;1;14;321;14;122;passou
CSV;m1;lliira_sorte;kayron;2;docas;14;19;318;0;184;morreu
CSV;m1;lliira_sorte;kayron;3;dagruve;1;7;309;0;52;morreu
CSV;m1;lliira_sorte;kayron;4;dagruve;1;3;97;0;46;morreu
CSV;m1;lliira_sorte;kayron;5;dagruve;1;7;301;0;60;morreu
CSV;m1;lliira_sorte;kayron;6;dagruve;1;10;329;8;72;passou
CSV;m1;lliira_sorte;kayron;6;docas;10;17;339;10;103;passou
CSV;m1;lliira_sorte;kayron;6;shedaklah;17;23;554;0;424;morreu
CSV;m0;lliira_sorte;korrak;1;dagruve;1;9;450;67;103;passou
CSV;m0;lliira_sorte;korrak;1;docas;9;12;427;38;254;passou
CSV;m0;lliira_sorte;korrak;1;shedaklah;12;18;1650;0;1122;morreu
CSV;m0;lliira_sorte;korrak;2;dagruve;1;12;428;67;97;passou
CSV;m0;lliira_sorte;korrak;2;docas;12;17;347;49;289;passou
CSV;m0;lliira_sorte;korrak;2;shedaklah;17;22;666;0;522;morreu
CSV;m0;lliira_sorte;korrak;3;dagruve;1;12;733;46;294;passou
CSV;m0;lliira_sorte;korrak;3;docas;12;16;398;38;469;passou
CSV;m0;lliira_sorte;korrak;3;shedaklah;16;21;1447;0;865;morreu
CSV;m0;lliira_sorte;korrak;4;dagruve;1;3;44;0;55;morreu
CSV;m0;lliira_sorte;korrak;5;dagruve;1;11;718;71;120;passou
CSV;m0;lliira_sorte;korrak;5;docas;11;14;379;49;195;passou
CSV;m0;lliira_sorte;korrak;5;shedaklah;14;15;46;0;60;morreu
CSV;m0;lliira_sorte;korrak;6;dagruve;1;13;1145;71;249;passou
CSV;m0;lliira_sorte;korrak;6;docas;13;17;387;48;241;passou
CSV;m0;lliira_sorte;korrak;6;shedaklah;17;22;1305;33;685;passou
CSV;m0;lliira_sorte;korrak;6;molor;22;29;2465;0;2745;morreu
CSV;m1;lliira_sorte;korrak;1;dagruve;1;11;668;60;146;passou
CSV;m1;lliira_sorte;korrak;1;docas;11;13;419;45;148;passou
CSV;m1;lliira_sorte;korrak;1;shedaklah;13;15;207;0;462;morreu
CSV;m1;lliira_sorte;korrak;2;dagruve;1;11;375;64;105;passou
CSV;m1;lliira_sorte;korrak;2;docas;11;17;354;64;186;passou
CSV;m1;lliira_sorte;korrak;2;shedaklah;17;22;800;45;384;passou
CSV;m1;lliira_sorte;korrak;2;molor;22;28;1088;0;906;morreu
CSV;m1;lliira_sorte;korrak;3;dagruve;1;12;415;63;166;passou
CSV;m1;lliira_sorte;korrak;3;docas;12;17;529;50;333;passou
CSV;m1;lliira_sorte;korrak;3;shedaklah;17;21;901;0;1007;morreu
CSV;m1;lliira_sorte;korrak;4;dagruve;1;10;447;51;77;passou
CSV;m1;lliira_sorte;korrak;4;docas;10;15;529;62;212;passou
CSV;m1;lliira_sorte;korrak;4;shedaklah;15;20;994;0;794;morreu
CSV;m1;lliira_sorte;korrak;5;dagruve;1;11;529;63;119;passou
CSV;m1;lliira_sorte;korrak;5;docas;11;15;365;77;158;passou
CSV;m1;lliira_sorte;korrak;5;shedaklah;15;22;1813;39;1055;passou
CSV;m1;lliira_sorte;korrak;5;molor;22;27;1519;20;898;passou
CSV;m1;lliira_sorte;korrak;6;dagruve;1;12;555;78;152;passou
CSV;m1;lliira_sorte;korrak;6;docas;12;17;350;37;324;passou
CSV;m1;lliira_sorte;korrak;6;shedaklah;17;19;607;0;442;morreu
CSV;m0;lliira_sorte;leoric;1;dagruve;1;1;49;0;32;morreu
CSV;m0;lliira_sorte;leoric;2;dagruve;1;10;528;0;141;morreu
CSV;m0;lliira_sorte;leoric;3;dagruve;1;5;150;0;32;morreu
CSV;m0;lliira_sorte;leoric;4;dagruve;1;4;167;0;32;morreu
CSV;m0;lliira_sorte;leoric;5;dagruve;1;6;255;0;52;morreu
CSV;m0;lliira_sorte;leoric;6;dagruve;1;3;50;0;33;morreu
CSV;m1;lliira_sorte;leoric;1;dagruve;1;11;698;47;163;passou
CSV;m1;lliira_sorte;leoric;1;docas;11;14;390;0;280;morreu
CSV;m1;lliira_sorte;leoric;2;dagruve;1;4;129;0;50;morreu
CSV;m1;lliira_sorte;leoric;3;dagruve;1;12;446;12;186;passou
CSV;m1;lliira_sorte;leoric;3;docas;12;15;487;35;271;passou
CSV;m1;lliira_sorte;leoric;3;shedaklah;15;19;677;0;234;morreu
CSV;m1;lliira_sorte;leoric;4;dagruve;1;12;354;69;102;passou
CSV;m1;lliira_sorte;leoric;4;docas;12;13;71;0;76;morreu
CSV;m1;lliira_sorte;leoric;5;dagruve;1;5;115;0;40;morreu
CSV;m1;lliira_sorte;leoric;6;dagruve;1;12;208;0;104;morreu
CSV;m0;lliira_sorte;maelor;1;dagruve;1;12;827;40;200;passou
CSV;m0;lliira_sorte;maelor;1;docas;12;12;83;0;83;morreu
CSV;m0;lliira_sorte;maelor;2;dagruve;1;11;509;54;122;passou
CSV;m0;lliira_sorte;maelor;2;docas;11;16;668;30;327;passou
CSV;m0;lliira_sorte;maelor;2;shedaklah;16;16;42;0;75;morreu
CSV;m0;lliira_sorte;maelor;3;dagruve;1;11;393;39;153;passou
CSV;m0;lliira_sorte;maelor;3;docas;11;15;439;2;397;passou
CSV;m0;lliira_sorte;maelor;3;shedaklah;15;16;160;0;231;morreu
CSV;m0;lliira_sorte;maelor;4;dagruve;1;13;1305;62;212;passou
CSV;m0;lliira_sorte;maelor;4;docas;13;16;431;42;271;passou
CSV;m0;lliira_sorte;maelor;4;shedaklah;16;16;336;0;242;morreu
CSV;m0;lliira_sorte;maelor;5;dagruve;1;11;502;64;175;passou
CSV;m0;lliira_sorte;maelor;5;docas;11;14;582;0;292;morreu
CSV;m0;lliira_sorte;maelor;6;dagruve;1;2;60;0;53;morreu
CSV;m1;lliira_sorte;maelor;1;dagruve;1;6;108;0;75;morreu
CSV;m1;lliira_sorte;maelor;2;dagruve;1;11;419;43;169;passou
CSV;m1;lliira_sorte;maelor;2;docas;11;15;544;42;251;passou
CSV;m1;lliira_sorte;maelor;2;shedaklah;15;18;700;0;529;morreu
CSV;m1;lliira_sorte;maelor;3;dagruve;1;13;1294;48;249;passou
CSV;m1;lliira_sorte;maelor;3;docas;13;16;591;30;185;passou
CSV;m1;lliira_sorte;maelor;3;shedaklah;16;18;753;0;333;morreu
CSV;m1;lliira_sorte;maelor;4;dagruve;1;10;491;75;102;passou
CSV;m1;lliira_sorte;maelor;4;docas;10;14;546;53;273;passou
CSV;m1;lliira_sorte;maelor;4;shedaklah;14;17;486;0;204;morreu
CSV;m1;lliira_sorte;maelor;5;dagruve;1;11;388;18;154;passou
CSV;m1;lliira_sorte;maelor;5;docas;11;16;414;37;240;passou
CSV;m1;lliira_sorte;maelor;5;shedaklah;16;21;644;0;511;morreu
CSV;m1;lliira_sorte;maelor;6;dagruve;1;7;209;0;123;morreu
CSV;m0;lliira_sorte;nyrelia;1;dagruve;1;11;760;36;113;passou
CSV;m0;lliira_sorte;nyrelia;1;docas;11;16;421;29;209;passou
CSV;m0;lliira_sorte;nyrelia;1;shedaklah;16;20;502;0;170;morreu
CSV;m0;lliira_sorte;nyrelia;2;dagruve;1;5;359;0;51;morreu
CSV;m0;lliira_sorte;nyrelia;3;dagruve;1;9;595;0;123;morreu
CSV;m0;lliira_sorte;nyrelia;4;dagruve;1;1;78;0;32;morreu
CSV;m0;lliira_sorte;nyrelia;5;dagruve;1;1;123;0;32;morreu
CSV;m0;lliira_sorte;nyrelia;6;dagruve;1;1;100;0;32;morreu
CSV;m1;lliira_sorte;nyrelia;1;dagruve;1;2;98;0;40;morreu
CSV;m1;lliira_sorte;nyrelia;2;dagruve;1;11;2300;0;827;morreu
CSV;m1;lliira_sorte;nyrelia;3;dagruve;1;10;909;0;145;morreu
CSV;m1;lliira_sorte;nyrelia;4;dagruve;1;3;188;0;40;morreu
CSV;m1;lliira_sorte;nyrelia;5;dagruve;1;1;69;0;40;morreu
CSV;m1;lliira_sorte;nyrelia;6;dagruve;1;1;65;0;40;morreu
CSV;m0;lliira_sorte;sylas;1;dagruve;1;12;403;64;88;passou
CSV;m0;lliira_sorte;sylas;1;docas;12;13;77;0;65;morreu
CSV;m0;lliira_sorte;sylas;2;dagruve;1;13;774;65;165;passou
CSV;m0;lliira_sorte;sylas;2;docas;13;16;659;51;277;passou
CSV;m0;lliira_sorte;sylas;2;shedaklah;16;20;798;0;407;morreu
CSV;m0;lliira_sorte;sylas;3;dagruve;1;7;188;0;38;morreu
CSV;m0;lliira_sorte;sylas;4;dagruve;1;11;346;11;108;passou
CSV;m0;lliira_sorte;sylas;4;docas;11;14;174;0;87;morreu
CSV;m0;lliira_sorte;sylas;5;dagruve;1;10;231;0;45;morreu
CSV;m0;lliira_sorte;sylas;6;dagruve;1;11;429;69;97;passou
CSV;m0;lliira_sorte;sylas;6;docas;11;12;109;0;62;morreu
CSV;m1;lliira_sorte;sylas;1;dagruve;1;9;171;0;100;morreu
CSV;m1;lliira_sorte;sylas;2;dagruve;1;11;353;27;58;passou
CSV;m1;lliira_sorte;sylas;2;docas;11;15;484;53;181;passou
CSV;m1;lliira_sorte;sylas;2;shedaklah;15;15;133;0;76;morreu
CSV;m1;lliira_sorte;sylas;3;dagruve;1;8;195;0;50;morreu
CSV;m1;lliira_sorte;sylas;4;dagruve;1;13;349;61;114;passou
CSV;m1;lliira_sorte;sylas;4;docas;13;17;413;58;191;passou
CSV;m1;lliira_sorte;sylas;4;shedaklah;17;18;218;0;154;morreu
CSV;m1;lliira_sorte;sylas;5;dagruve;1;4;93;0;46;morreu
CSV;m1;lliira_sorte;sylas;6;dagruve;1;8;133;0;44;morreu
CSV;m0;lliira_sorte;zynara;1;dagruve;1;3;58;0;34;morreu
CSV;m0;lliira_sorte;zynara;2;dagruve;1;3;166;0;38;morreu
CSV;m0;lliira_sorte;zynara;3;dagruve;1;8;320;0;52;morreu
CSV;m0;lliira_sorte;zynara;4;dagruve;1;2;128;0;34;morreu
CSV;m0;lliira_sorte;zynara;5;dagruve;1;4;223;0;34;morreu
CSV;m0;lliira_sorte;zynara;6;dagruve;1;12;788;30;161;passou
CSV;m0;lliira_sorte;zynara;6;docas;12;15;796;47;294;passou
CSV;m0;lliira_sorte;zynara;6;shedaklah;15;20;1427;0;709;morreu
CSV;m1;lliira_sorte;zynara;1;dagruve;1;3;55;0;46;morreu
CSV;m1;lliira_sorte;zynara;2;dagruve;1;14;1555;25;214;passou
CSV;m1;lliira_sorte;zynara;2;docas;14;16;698;22;275;passou
CSV;m1;lliira_sorte;zynara;2;shedaklah;16;20;595;0;289;morreu
CSV;m1;lliira_sorte;zynara;3;dagruve;1;5;129;0;42;morreu
CSV;m1;lliira_sorte;zynara;4;dagruve;1;3;70;0;53;morreu
CSV;m1;lliira_sorte;zynara;5;dagruve;1;10;664;54;114;passou
CSV;m1;lliira_sorte;zynara;5;docas;10;14;572;16;259;passou
CSV;m1;lliira_sorte;zynara;5;shedaklah;14;16;823;0;235;morreu
CSV;m1;lliira_sorte;zynara;6;dagruve;1;10;143;0;64;morreu
CSV;m0;mask_ladrao;bromnor;1;dagruve;1;12;1400;50;259;passou
CSV;m0;mask_ladrao;bromnor;1;docas;12;14;505;35;144;passou
CSV;m0;mask_ladrao;bromnor;1;shedaklah;14;17;810;0;164;morreu
CSV;m0;mask_ladrao;bromnor;2;dagruve;1;13;795;74;80;passou
CSV;m0;mask_ladrao;bromnor;2;docas;13;16;426;30;65;passou
CSV;m0;mask_ladrao;bromnor;2;shedaklah;16;17;258;0;90;morreu
CSV;m0;mask_ladrao;bromnor;3;dagruve;1;10;577;65;55;passou
CSV;m0;mask_ladrao;bromnor;3;docas;10;14;246;0;75;morreu
CSV;m0;mask_ladrao;bromnor;4;dagruve;1;14;1839;57;190;passou
CSV;m0;mask_ladrao;bromnor;4;docas;14;16;446;34;162;passou
CSV;m0;mask_ladrao;bromnor;4;shedaklah;16;18;497;0;230;morreu
CSV;m0;mask_ladrao;bromnor;5;dagruve;1;10;798;0;54;morreu
CSV;m0;mask_ladrao;bromnor;6;dagruve;1;11;679;73;64;passou
CSV;m0;mask_ladrao;bromnor;6;docas;11;14;443;65;110;passou
CSV;m0;mask_ladrao;bromnor;6;shedaklah;14;19;983;0;318;morreu
CSV;m1;mask_ladrao;bromnor;1;dagruve;1;10;505;73;60;passou
CSV;m1;mask_ladrao;bromnor;1;docas;10;12;504;61;75;passou
CSV;m1;mask_ladrao;bromnor;1;shedaklah;12;16;874;0;255;morreu
CSV;m1;mask_ladrao;bromnor;2;dagruve;1;13;1498;78;199;passou
CSV;m1;mask_ladrao;bromnor;2;docas;13;15;466;51;137;passou
CSV;m1;mask_ladrao;bromnor;2;shedaklah;15;17;1544;0;539;morreu
CSV;m1;mask_ladrao;bromnor;3;dagruve;1;12;1965;38;320;passou
CSV;m1;mask_ladrao;bromnor;3;docas;12;14;414;74;69;passou
CSV;m1;mask_ladrao;bromnor;3;shedaklah;14;17;2083;0;510;morreu
CSV;m1;mask_ladrao;bromnor;4;dagruve;1;9;516;0;56;morreu
CSV;m1;mask_ladrao;bromnor;5;dagruve;1;12;1445;75;148;passou
CSV;m1;mask_ladrao;bromnor;5;docas;12;14;514;81;78;passou
CSV;m1;mask_ladrao;bromnor;5;shedaklah;14;14;49;0;87;morreu
CSV;m1;mask_ladrao;bromnor;6;dagruve;1;13;1422;12;267;passou
CSV;m1;mask_ladrao;bromnor;6;docas;13;16;415;34;123;passou
CSV;m1;mask_ladrao;bromnor;6;shedaklah;16;21;938;0;396;morreu
CSV;m0;mask_ladrao;brook;1;dagruve;1;2;167;0;40;morreu
CSV;m0;mask_ladrao;brook;2;dagruve;1;5;229;0;46;morreu
CSV;m0;mask_ladrao;brook;3;dagruve;1;1;47;0;40;morreu
CSV;m0;mask_ladrao;brook;4;dagruve;1;3;309;0;40;morreu
CSV;m0;mask_ladrao;brook;5;dagruve;1;7;347;0;64;morreu
CSV;m0;mask_ladrao;brook;6;dagruve;1;6;469;0;88;morreu
CSV;m1;mask_ladrao;brook;1;dagruve;1;11;341;57;42;passou
CSV;m1;mask_ladrao;brook;1;docas;11;14;687;22;321;passou
CSV;m1;mask_ladrao;brook;1;shedaklah;14;15;40;0;53;morreu
CSV;m1;mask_ladrao;brook;2;dagruve;1;11;1151;37;284;passou
CSV;m1;mask_ladrao;brook;2;docas;11;13;517;28;178;passou
CSV;m1;mask_ladrao;brook;2;shedaklah;13;15;465;0;244;morreu
CSV;m1;mask_ladrao;brook;3;dagruve;1;3;253;0;48;morreu
CSV;m1;mask_ladrao;brook;4;dagruve;1;5;446;0;82;morreu
CSV;m1;mask_ladrao;brook;5;dagruve;1;6;364;0;52;morreu
CSV;m1;mask_ladrao;brook;6;dagruve;1;13;1038;75;181;passou
CSV;m1;mask_ladrao;brook;6;docas;13;16;378;78;67;passou
CSV;m1;mask_ladrao;brook;6;shedaklah;16;24;1651;0;905;morreu
CSV;m0;mask_ladrao;durvall;1;dagruve;1;9;707;0;180;morreu
CSV;m0;mask_ladrao;durvall;2;dagruve;1;4;208;0;42;morreu
CSV;m0;mask_ladrao;durvall;3;dagruve;1;5;353;0;48;morreu
CSV;m0;mask_ladrao;durvall;4;dagruve;1;4;50;0;47;morreu
CSV;m0;mask_ladrao;durvall;5;dagruve;1;3;55;0;38;morreu
CSV;m0;mask_ladrao;durvall;6;dagruve;1;6;341;0;66;morreu
CSV;m1;mask_ladrao;durvall;1;dagruve;1;3;56;0;46;morreu
CSV;m1;mask_ladrao;durvall;2;dagruve;1;6;332;0;46;morreu
CSV;m1;mask_ladrao;durvall;3;dagruve;1;4;106;0;46;morreu
CSV;m1;mask_ladrao;durvall;4;dagruve;1;7;624;0;66;morreu
CSV;m1;mask_ladrao;durvall;5;dagruve;1;5;210;0;46;morreu
CSV;m1;mask_ladrao;durvall;6;dagruve;1;5;226;0;50;morreu
CSV;m0;mask_ladrao;kayron;1;dagruve;1;11;366;21;106;passou
CSV;m0;mask_ladrao;kayron;1;docas;11;12;74;0;46;morreu
CSV;m0;mask_ladrao;kayron;2;dagruve;1;4;158;0;42;morreu
CSV;m0;mask_ladrao;kayron;3;dagruve;1;2;52;0;38;morreu
CSV;m0;mask_ladrao;kayron;4;dagruve;1;12;824;24;226;passou
CSV;m0;mask_ladrao;kayron;4;docas;12;15;372;30;157;passou
CSV;m0;mask_ladrao;kayron;4;shedaklah;15;19;609;0;306;morreu
CSV;m0;mask_ladrao;kayron;5;dagruve;1;5;309;0;38;morreu
CSV;m0;mask_ladrao;kayron;6;dagruve;1;10;151;0;38;morreu
CSV;m1;mask_ladrao;kayron;1;dagruve;1;11;421;69;49;passou
CSV;m1;mask_ladrao;kayron;1;docas;11;15;375;34;100;passou
CSV;m1;mask_ladrao;kayron;1;shedaklah;15;26;1551;13;366;passou
CSV;m1;mask_ladrao;kayron;1;molor;26;27;620;0;311;morreu
CSV;m1;mask_ladrao;kayron;2;dagruve;1;12;1024;58;257;passou
CSV;m1;mask_ladrao;kayron;2;docas;12;14;480;7;359;passou
CSV;m1;mask_ladrao;kayron;2;shedaklah;14;15;54;0;137;morreu
CSV;m1;mask_ladrao;kayron;3;dagruve;1;12;338;6;79;passou
CSV;m1;mask_ladrao;kayron;3;docas;12;16;266;0;244;morreu
CSV;m1;mask_ladrao;kayron;4;dagruve;1;7;120;0;46;morreu
CSV;m1;mask_ladrao;kayron;5;dagruve;1;5;126;0;48;morreu
CSV;m1;mask_ladrao;kayron;6;dagruve;1;6;289;0;81;morreu
CSV;m0;mask_ladrao;korrak;1;dagruve;1;10;457;78;124;passou
CSV;m0;mask_ladrao;korrak;1;docas;10;13;558;29;303;passou
CSV;m0;mask_ladrao;korrak;1;shedaklah;13;18;1740;1;783;morreu
CSV;m0;mask_ladrao;korrak;2;dagruve;1;10;741;51;121;passou
CSV;m0;mask_ladrao;korrak;2;docas;10;14;427;46;179;passou
CSV;m0;mask_ladrao;korrak;2;shedaklah;14;19;1721;0;1371;morreu
CSV;m0;mask_ladrao;korrak;3;dagruve;1;14;1315;70;368;passou
CSV;m0;mask_ladrao;korrak;3;docas;14;17;427;66;158;passou
CSV;m0;mask_ladrao;korrak;3;shedaklah;17;24;1792;27;1528;passou
CSV;m0;mask_ladrao;korrak;3;molor;24;29;1295;0;1022;passou
CSV;m0;mask_ladrao;korrak;4;dagruve;1;11;717;76;173;passou
CSV;m0;mask_ladrao;korrak;4;docas;11;15;378;27;299;passou
CSV;m0;mask_ladrao;korrak;4;shedaklah;15;20;2195;0;1025;morreu
CSV;m0;mask_ladrao;korrak;5;dagruve;1;11;469;65;112;passou
CSV;m0;mask_ladrao;korrak;5;docas;11;14;524;55;182;passou
CSV;m0;mask_ladrao;korrak;5;shedaklah;14;18;1442;0;774;morreu
CSV;m0;mask_ladrao;korrak;6;dagruve;1;12;511;53;113;passou
CSV;m0;mask_ladrao;korrak;6;docas;12;16;467;63;218;passou
CSV;m0;mask_ladrao;korrak;6;shedaklah;16;21;1929;0;1721;morreu
CSV;m1;mask_ladrao;korrak;1;dagruve;1;12;346;72;85;passou
CSV;m1;mask_ladrao;korrak;1;docas;12;17;403;67;184;passou
CSV;m1;mask_ladrao;korrak;1;shedaklah;17;25;876;23;844;passou
CSV;m1;mask_ladrao;korrak;1;molor;25;27;221;0;578;morreu
CSV;m1;mask_ladrao;korrak;2;dagruve;1;12;624;64;158;passou
CSV;m1;mask_ladrao;korrak;2;docas;12;16;345;58;253;passou
CSV;m1;mask_ladrao;korrak;2;shedaklah;16;24;1534;54;792;passou
CSV;m1;mask_ladrao;korrak;2;molor;24;29;1147;45;1075;passou
CSV;m1;mask_ladrao;korrak;3;dagruve;1;12;885;53;270;passou
CSV;m1;mask_ladrao;korrak;3;docas;12;17;344;56;346;passou
CSV;m1;mask_ladrao;korrak;3;shedaklah;17;18;274;0;495;morreu
CSV;m1;mask_ladrao;korrak;4;dagruve;1;12;1123;59;303;passou
CSV;m1;mask_ladrao;korrak;4;docas;12;14;388;78;119;passou
CSV;m1;mask_ladrao;korrak;4;shedaklah;14;16;799;0;574;morreu
CSV;m1;mask_ladrao;korrak;5;dagruve;1;9;486;87;77;passou
CSV;m1;mask_ladrao;korrak;5;docas;9;14;358;60;257;passou
CSV;m1;mask_ladrao;korrak;5;shedaklah;14;19;1022;0;746;morreu
CSV;m1;mask_ladrao;korrak;6;dagruve;1;12;331;57;76;passou
CSV;m1;mask_ladrao;korrak;6;docas;12;17;344;48;278;passou
CSV;m1;mask_ladrao;korrak;6;shedaklah;17;24;1207;0;1430;morreu
CSV;m0;mask_ladrao;leoric;1;dagruve;1;2;75;0;32;morreu
CSV;m0;mask_ladrao;leoric;2;dagruve;1;4;76;0;42;morreu
CSV;m0;mask_ladrao;leoric;3;dagruve;1;8;215;0;46;morreu
CSV;m0;mask_ladrao;leoric;4;dagruve;1;8;417;0;121;morreu
CSV;m0;mask_ladrao;leoric;5;dagruve;1;3;58;0;32;morreu
CSV;m0;mask_ladrao;leoric;6;dagruve;1;14;395;68;93;passou
CSV;m0;mask_ladrao;leoric;6;docas;14;15;124;0;47;morreu
CSV;m1;mask_ladrao;leoric;1;dagruve;1;12;560;52;107;passou
CSV;m1;mask_ladrao;leoric;1;docas;12;16;201;0;99;morreu
CSV;m1;mask_ladrao;leoric;2;dagruve;1;8;169;0;78;morreu
CSV;m1;mask_ladrao;leoric;3;dagruve;1;3;44;0;40;morreu
CSV;m1;mask_ladrao;leoric;4;dagruve;1;9;556;0;128;morreu
CSV;m1;mask_ladrao;leoric;5;dagruve;1;13;641;6;111;passou
CSV;m1;mask_ladrao;leoric;5;docas;13;14;110;0;58;morreu
CSV;m1;mask_ladrao;leoric;6;dagruve;1;14;672;56;279;passou
CSV;m1;mask_ladrao;leoric;6;docas;14;14;68;0;80;morreu
CSV;m0;mask_ladrao;maelor;1;dagruve;1;12;323;64;112;passou
CSV;m0;mask_ladrao;maelor;1;docas;12;13;79;0;84;morreu
CSV;m0;mask_ladrao;maelor;2;dagruve;1;12;472;35;172;passou
CSV;m0;mask_ladrao;maelor;2;docas;12;15;475;20;328;passou
CSV;m0;mask_ladrao;maelor;2;shedaklah;15;17;1011;0;464;morreu
CSV;m0;mask_ladrao;maelor;3;dagruve;1;11;589;51;179;passou
CSV;m0;mask_ladrao;maelor;3;docas;11;13;179;0;111;morreu
CSV;m0;mask_ladrao;maelor;4;dagruve;1;13;809;64;82;passou
CSV;m0;mask_ladrao;maelor;4;docas;13;16;357;32;148;passou
CSV;m0;mask_ladrao;maelor;4;shedaklah;16;17;154;0;107;morreu
CSV;m0;mask_ladrao;maelor;5;dagruve;1;13;331;23;174;passou
CSV;m0;mask_ladrao;maelor;5;docas;13;18;367;46;226;passou
CSV;m0;mask_ladrao;maelor;5;shedaklah;18;23;780;0;473;morreu
CSV;m0;mask_ladrao;maelor;6;dagruve;1;11;337;74;50;passou
CSV;m0;mask_ladrao;maelor;6;docas;11;16;465;11;251;passou
CSV;m0;mask_ladrao;maelor;6;shedaklah;16;17;83;0;97;morreu
CSV;m1;mask_ladrao;maelor;1;dagruve;1;12;605;55;74;passou
CSV;m1;mask_ladrao;maelor;1;docas;12;16;453;0;229;morreu
CSV;m1;mask_ladrao;maelor;2;dagruve;1;12;486;32;203;passou
CSV;m1;mask_ladrao;maelor;2;docas;12;16;477;32;262;passou
CSV;m1;mask_ladrao;maelor;2;shedaklah;16;16;28;0;56;morreu
CSV;m1;mask_ladrao;maelor;3;dagruve;1;11;387;72;87;passou
CSV;m1;mask_ladrao;maelor;3;docas;11;12;95;0;109;morreu
CSV;m1;mask_ladrao;maelor;4;dagruve;1;12;553;74;96;passou
CSV;m1;mask_ladrao;maelor;4;docas;12;17;400;47;244;passou
CSV;m1;mask_ladrao;maelor;4;shedaklah;17;19;439;0;230;morreu
CSV;m1;mask_ladrao;maelor;5;dagruve;1;14;332;31;182;passou
CSV;m1;mask_ladrao;maelor;5;docas;14;15;112;0;122;morreu
CSV;m1;mask_ladrao;maelor;6;dagruve;1;11;498;64;159;passou
CSV;m1;mask_ladrao;maelor;6;docas;11;17;349;60;198;passou
CSV;m1;mask_ladrao;maelor;6;shedaklah;17;20;167;0;150;morreu
CSV;m0;mask_ladrao;nyrelia;1;dagruve;1;4;215;0;32;morreu
CSV;m0;mask_ladrao;nyrelia;2;dagruve;1;5;236;0;32;morreu
CSV;m0;mask_ladrao;nyrelia;3;dagruve;1;8;614;0;155;morreu
CSV;m0;mask_ladrao;nyrelia;4;dagruve;1;1;61;0;32;morreu
CSV;m0;mask_ladrao;nyrelia;5;dagruve;1;10;1613;0;793;morreu
CSV;m0;mask_ladrao;nyrelia;6;dagruve;1;13;1292;11;254;passou
CSV;m0;mask_ladrao;nyrelia;6;docas;13;16;677;42;270;passou
CSV;m0;mask_ladrao;nyrelia;6;shedaklah;16;16;341;0;157;morreu
CSV;m1;mask_ladrao;nyrelia;1;dagruve;1;12;505;22;59;passou
CSV;m1;mask_ladrao;nyrelia;1;docas;12;15;426;0;218;morreu
CSV;m1;mask_ladrao;nyrelia;2;dagruve;1;2;65;0;40;morreu
CSV;m1;mask_ladrao;nyrelia;3;dagruve;1;11;1615;0;408;morreu
CSV;m1;mask_ladrao;nyrelia;4;dagruve;1;12;1921;0;799;morreu
CSV;m1;mask_ladrao;nyrelia;5;dagruve;1;1;47;0;40;morreu
CSV;m1;mask_ladrao;nyrelia;6;dagruve;1;3;122;0;54;morreu
CSV;m0;mask_ladrao;sylas;1;dagruve;1;12;327;61;106;passou
CSV;m0;mask_ladrao;sylas;1;docas;12;16;399;33;120;passou
CSV;m0;mask_ladrao;sylas;1;shedaklah;16;20;327;0;168;morreu
CSV;m0;mask_ladrao;sylas;2;dagruve;1;15;313;29;92;passou
CSV;m0;mask_ladrao;sylas;2;docas;15;19;318;0;90;morreu
CSV;m0;mask_ladrao;sylas;3;dagruve;1;9;177;0;42;morreu
CSV;m0;mask_ladrao;sylas;4;dagruve;1;5;60;0;40;morreu
CSV;m0;mask_ladrao;sylas;5;dagruve;1;13;341;35;85;passou
CSV;m0;mask_ladrao;sylas;5;docas;13;14;91;0;93;morreu
CSV;m0;mask_ladrao;sylas;6;dagruve;1;15;314;68;95;passou
CSV;m0;mask_ladrao;sylas;6;docas;15;16;248;0;121;morreu
CSV;m1;mask_ladrao;sylas;1;dagruve;1;12;405;47;51;passou
CSV;m1;mask_ladrao;sylas;1;docas;12;14;214;0;74;morreu
CSV;m1;mask_ladrao;sylas;2;dagruve;1;12;379;55;93;passou
CSV;m1;mask_ladrao;sylas;2;docas;12;12;59;0;52;morreu
CSV;m1;mask_ladrao;sylas;3;dagruve;1;11;208;0;69;morreu
CSV;m1;mask_ladrao;sylas;4;dagruve;1;12;313;46;84;passou
CSV;m1;mask_ladrao;sylas;4;docas;12;18;340;59;154;passou
CSV;m1;mask_ladrao;sylas;4;shedaklah;18;18;76;0;121;morreu
CSV;m1;mask_ladrao;sylas;5;dagruve;1;7;105;0;46;morreu
CSV;m1;mask_ladrao;sylas;6;dagruve;1;14;326;77;105;passou
CSV;m1;mask_ladrao;sylas;6;docas;14;18;428;40;171;passou
CSV;m1;mask_ladrao;sylas;6;shedaklah;18;22;1154;0;547;morreu
CSV;m0;mask_ladrao;zynara;1;dagruve;1;9;607;0;160;morreu
CSV;m0;mask_ladrao;zynara;2;dagruve;1;3;60;0;38;morreu
CSV;m0;mask_ladrao;zynara;3;dagruve;1;11;966;33;216;passou
CSV;m0;mask_ladrao;zynara;3;docas;11;14;726;54;296;passou
CSV;m0;mask_ladrao;zynara;3;shedaklah;14;18;1347;0;488;morreu
CSV;m0;mask_ladrao;zynara;4;dagruve;1;6;266;0;34;morreu
CSV;m0;mask_ladrao;zynara;5;dagruve;1;2;63;0;34;morreu
CSV;m0;mask_ladrao;zynara;6;dagruve;1;11;523;54;103;passou
CSV;m0;mask_ladrao;zynara;6;docas;11;13;599;0;262;morreu
CSV;m1;mask_ladrao;zynara;1;dagruve;1;7;157;0;53;morreu
CSV;m1;mask_ladrao;zynara;2;dagruve;1;11;564;39;57;passou
CSV;m1;mask_ladrao;zynara;2;docas;11;13;180;0;46;morreu
CSV;m1;mask_ladrao;zynara;3;dagruve;1;10;406;35;94;passou
CSV;m1;mask_ladrao;zynara;3;docas;10;15;411;0;289;morreu
CSV;m1;mask_ladrao;zynara;4;dagruve;1;4;377;0;42;morreu
CSV;m1;mask_ladrao;zynara;5;dagruve;1;5;119;0;53;morreu
CSV;m1;mask_ladrao;zynara;6;dagruve;1;8;163;0;58;morreu
CSV;m0;mask_sombras;bromnor;1;dagruve;1;10;341;0;50;morreu
CSV;m0;mask_sombras;bromnor;2;dagruve;1;12;1371;63;153;passou
CSV;m0;mask_sombras;bromnor;2;docas;12;14;617;11;179;passou
CSV;m0;mask_sombras;bromnor;2;shedaklah;14;15;80;0;79;morreu
CSV;m0;mask_sombras;bromnor;3;dagruve;1;5;302;0;52;morreu
CSV;m0;mask_sombras;bromnor;4;dagruve;1;6;335;0;70;morreu
CSV;m0;mask_sombras;bromnor;5;dagruve;1;10;611;54;67;passou
CSV;m0;mask_sombras;bromnor;5;docas;10;17;361;77;59;passou
CSV;m0;mask_sombras;bromnor;5;shedaklah;17;18;135;0;103;morreu
CSV;m0;mask_sombras;bromnor;6;dagruve;1;10;631;57;41;passou
CSV;m0;mask_sombras;bromnor;6;docas;10;14;516;40;149;passou
CSV;m0;mask_sombras;bromnor;6;shedaklah;14;16;534;0;149;morreu
CSV;m1;mask_sombras;bromnor;1;dagruve;1;11;380;76;18;passou
CSV;m1;mask_sombras;bromnor;1;docas;11;16;650;62;117;passou
CSV;m1;mask_sombras;bromnor;1;shedaklah;16;17;442;0;160;morreu
CSV;m1;mask_sombras;bromnor;2;dagruve;1;9;402;87;26;passou
CSV;m1;mask_sombras;bromnor;2;docas;9;14;426;74;116;passou
CSV;m1;mask_sombras;bromnor;2;shedaklah;14;16;1224;0;331;morreu
CSV;m1;mask_sombras;bromnor;3;dagruve;1;13;908;63;95;passou
CSV;m1;mask_sombras;bromnor;3;docas;13;15;507;38;119;passou
CSV;m1;mask_sombras;bromnor;3;shedaklah;15;16;664;0;151;morreu
CSV;m1;mask_sombras;bromnor;4;dagruve;1;10;812;28;99;passou
CSV;m1;mask_sombras;bromnor;4;docas;10;13;434;43;120;passou
CSV;m1;mask_sombras;bromnor;4;shedaklah;13;17;1001;0;328;morreu
CSV;m1;mask_sombras;bromnor;5;dagruve;1;11;364;33;46;passou
CSV;m1;mask_sombras;bromnor;5;docas;11;13;188;0;54;morreu
CSV;m1;mask_sombras;bromnor;6;dagruve;1;11;768;74;93;passou
CSV;m1;mask_sombras;bromnor;6;docas;11;16;417;63;62;passou
CSV;m1;mask_sombras;bromnor;6;shedaklah;16;20;572;0;143;morreu
CSV;m0;mask_sombras;brook;1;dagruve;1;3;273;0;42;morreu
CSV;m0;mask_sombras;brook;2;dagruve;1;13;1822;58;329;passou
CSV;m0;mask_sombras;brook;2;docas;13;14;169;0;80;morreu
CSV;m0;mask_sombras;brook;3;dagruve;1;4;211;0;40;morreu
CSV;m0;mask_sombras;brook;4;dagruve;1;7;860;0;169;morreu
CSV;m0;mask_sombras;brook;5;dagruve;1;12;2037;5;453;passou
CSV;m0;mask_sombras;brook;5;docas;12;13;440;0;154;morreu
CSV;m0;mask_sombras;brook;6;dagruve;1;5;465;0;69;morreu
CSV;m1;mask_sombras;brook;1;dagruve;1;7;603;0;124;morreu
CSV;m1;mask_sombras;brook;2;dagruve;1;8;390;0;61;morreu
CSV;m1;mask_sombras;brook;3;dagruve;1;5;375;0;62;morreu
CSV;m1;mask_sombras;brook;4;dagruve;1;12;1499;32;213;passou
CSV;m1;mask_sombras;brook;4;docas;12;13;147;0;66;morreu
CSV;m1;mask_sombras;brook;5;dagruve;1;5;446;0;48;morreu
CSV;m1;mask_sombras;brook;6;dagruve;1;11;684;55;129;passou
CSV;m1;mask_sombras;brook;6;docas;11;18;475;58;214;passou
CSV;m1;mask_sombras;brook;6;shedaklah;18;18;59;0;96;morreu
CSV;m0;mask_sombras;durvall;1;dagruve;1;3;67;0;38;morreu
CSV;m0;mask_sombras;durvall;2;dagruve;1;3;164;0;40;morreu
CSV;m0;mask_sombras;durvall;3;dagruve;1;3;103;0;38;morreu
CSV;m0;mask_sombras;durvall;4;dagruve;1;3;126;0;38;morreu
CSV;m0;mask_sombras;durvall;5;dagruve;1;13;3400;2;1524;passou
CSV;m0;mask_sombras;durvall;5;docas;13;14;58;0;53;morreu
CSV;m0;mask_sombras;durvall;6;dagruve;1;3;42;0;42;morreu
CSV;m1;mask_sombras;durvall;1;dagruve;1;4;57;0;46;morreu
CSV;m1;mask_sombras;durvall;2;dagruve;1;6;308;0;55;morreu
CSV;m1;mask_sombras;durvall;3;dagruve;1;5;296;0;46;morreu
CSV;m1;mask_sombras;durvall;4;dagruve;1;7;463;0;46;morreu
CSV;m1;mask_sombras;durvall;5;dagruve;1;4;118;0;46;morreu
CSV;m1;mask_sombras;durvall;6;dagruve;1;3;96;0;50;morreu
CSV;m0;mask_sombras;kayron;1;dagruve;1;2;52;0;38;morreu
CSV;m0;mask_sombras;kayron;2;dagruve;1;4;78;0;42;morreu
CSV;m0;mask_sombras;kayron;3;dagruve;1;5;95;0;38;morreu
CSV;m0;mask_sombras;kayron;4;dagruve;1;10;605;0;38;morreu
CSV;m0;mask_sombras;kayron;5;dagruve;1;3;92;0;38;morreu
CSV;m0;mask_sombras;kayron;6;dagruve;1;4;186;0;42;morreu
CSV;m1;mask_sombras;kayron;1;dagruve;1;11;582;52;134;passou
CSV;m1;mask_sombras;kayron;1;docas;11;18;328;53;135;passou
CSV;m1;mask_sombras;kayron;1;shedaklah;18;21;575;0;395;morreu
CSV;m1;mask_sombras;kayron;2;dagruve;1;10;331;22;97;passou
CSV;m1;mask_sombras;kayron;2;docas;10;14;253;0;217;morreu
CSV;m1;mask_sombras;kayron;3;dagruve;1;4;89;0;48;morreu
CSV;m1;mask_sombras;kayron;4;dagruve;1;14;1341;69;234;passou
CSV;m1;mask_sombras;kayron;4;docas;14;16;453;45;128;passou
CSV;m1;mask_sombras;kayron;4;shedaklah;16;21;1338;0;456;morreu
CSV;m1;mask_sombras;kayron;5;dagruve;1;11;332;0;46;morreu
CSV;m1;mask_sombras;kayron;6;dagruve;1;6;238;0;50;morreu
CSV;m0;mask_sombras;korrak;1;dagruve;1;11;678;53;221;passou
CSV;m0;mask_sombras;korrak;1;docas;11;16;424;57;239;passou
CSV;m0;mask_sombras;korrak;1;shedaklah;16;22;1108;22;1017;passou
CSV;m0;mask_sombras;korrak;1;molor;22;28;676;47;444;passou
CSV;m0;mask_sombras;korrak;2;dagruve;1;10;333;80;67;passou
CSV;m0;mask_sombras;korrak;2;docas;10;16;358;49;158;passou
CSV;m0;mask_sombras;korrak;2;shedaklah;16;18;234;0;265;morreu
CSV;m0;mask_sombras;korrak;3;dagruve;1;9;384;79;92;passou
CSV;m0;mask_sombras;korrak;3;docas;9;11;399;54;156;passou
CSV;m0;mask_sombras;korrak;3;shedaklah;11;14;1001;0;490;morreu
CSV;m0;mask_sombras;korrak;4;dagruve;1;13;1155;16;470;passou
CSV;m0;mask_sombras;korrak;4;docas;13;14;279;0;219;morreu
CSV;m0;mask_sombras;korrak;5;dagruve;1;9;396;44;104;passou
CSV;m0;mask_sombras;korrak;5;docas;9;15;425;40;432;passou
CSV;m0;mask_sombras;korrak;5;shedaklah;15;31;2266;19;2826;passou
CSV;m0;mask_sombras;korrak;5;molor;31;35;606;46;423;passou
CSV;m0;mask_sombras;korrak;6;dagruve;1;11;515;71;66;passou
CSV;m0;mask_sombras;korrak;6;docas;11;15;480;9;412;passou
CSV;m0;mask_sombras;korrak;6;shedaklah;15;19;1025;0;664;morreu
CSV;m1;mask_sombras;korrak;1;dagruve;1;10;527;65;136;passou
CSV;m1;mask_sombras;korrak;1;docas;10;12;523;0;324;morreu
CSV;m1;mask_sombras;korrak;2;dagruve;1;12;344;73;156;passou
CSV;m1;mask_sombras;korrak;2;docas;12;16;401;48;327;passou
CSV;m1;mask_sombras;korrak;2;shedaklah;16;24;1855;0;1613;morreu
CSV;m1;mask_sombras;korrak;3;dagruve;1;11;391;69;122;passou
CSV;m1;mask_sombras;korrak;3;docas;11;16;341;48;203;passou
CSV;m1;mask_sombras;korrak;3;shedaklah;16;20;268;0;362;morreu
CSV;m1;mask_sombras;korrak;4;dagruve;1;10;585;70;164;passou
CSV;m1;mask_sombras;korrak;4;docas;10;13;371;50;277;passou
CSV;m1;mask_sombras;korrak;4;shedaklah;13;18;2168;0;1873;morreu
CSV;m1;mask_sombras;korrak;5;dagruve;1;11;766;66;85;passou
CSV;m1;mask_sombras;korrak;5;docas;11;14;378;84;75;passou
CSV;m1;mask_sombras;korrak;5;shedaklah;14;22;2822;0;2040;morreu
CSV;m1;mask_sombras;korrak;6;dagruve;1;10;467;65;93;passou
CSV;m1;mask_sombras;korrak;6;docas;10;14;451;56;251;passou
CSV;m1;mask_sombras;korrak;6;shedaklah;14;15;59;0;161;morreu
CSV;m0;mask_sombras;leoric;1;dagruve;1;5;180;0;34;morreu
CSV;m0;mask_sombras;leoric;2;dagruve;1;4;131;0;40;morreu
CSV;m0;mask_sombras;leoric;3;dagruve;1;2;77;0;32;morreu
CSV;m0;mask_sombras;leoric;4;dagruve;1;3;79;0;34;morreu
CSV;m0;mask_sombras;leoric;5;dagruve;1;5;221;0;86;morreu
CSV;m0;mask_sombras;leoric;6;dagruve;1;9;115;0;40;morreu
CSV;m1;mask_sombras;leoric;1;dagruve;1;12;614;32;90;passou
CSV;m1;mask_sombras;leoric;1;docas;12;18;359;62;66;passou
CSV;m1;mask_sombras;leoric;1;shedaklah;18;23;524;0;277;morreu
CSV;m1;mask_sombras;leoric;2;dagruve;1;2;38;0;48;morreu
CSV;m1;mask_sombras;leoric;3;dagruve;1;3;43;0;40;morreu
CSV;m1;mask_sombras;leoric;4;dagruve;1;6;159;0;47;morreu
CSV;m1;mask_sombras;leoric;5;dagruve;1;10;450;32;54;passou
CSV;m1;mask_sombras;leoric;5;docas;10;15;477;21;191;passou
CSV;m1;mask_sombras;leoric;5;shedaklah;15;21;975;0;474;morreu
CSV;m1;mask_sombras;leoric;6;dagruve;1;15;535;22;167;passou
CSV;m1;mask_sombras;leoric;6;docas;15;17;709;0;259;passou
CSV;m1;mask_sombras;leoric;6;shedaklah;17;18;638;0;350;morreu
CSV;m0;mask_sombras;maelor;1;dagruve;1;12;700;63;192;passou
CSV;m0;mask_sombras;maelor;1;docas;12;12;42;0;60;morreu
CSV;m0;mask_sombras;maelor;2;dagruve;1;11;419;54;99;passou
CSV;m0;mask_sombras;maelor;2;docas;11;16;682;15;266;passou
CSV;m0;mask_sombras;maelor;2;shedaklah;16;17;296;0;226;morreu
CSV;m0;mask_sombras;maelor;3;dagruve;1;3;56;0;55;morreu
CSV;m0;mask_sombras;maelor;4;dagruve;1;3;52;0;56;morreu
CSV;m0;mask_sombras;maelor;5;dagruve;1;3;50;0;44;morreu
CSV;m0;mask_sombras;maelor;6;dagruve;1;9;364;47;94;passou
CSV;m0;mask_sombras;maelor;6;docas;9;14;503;6;397;passou
CSV;m0;mask_sombras;maelor;6;shedaklah;14;16;341;0;192;morreu
CSV;m1;mask_sombras;maelor;1;dagruve;1;10;398;78;131;passou
CSV;m1;mask_sombras;maelor;1;docas;10;15;347;47;284;passou
CSV;m1;mask_sombras;maelor;1;shedaklah;15;22;622;35;455;passou
CSV;m1;mask_sombras;maelor;1;molor;22;22;79;0;128;morreu
CSV;m1;mask_sombras;maelor;2;dagruve;1;10;370;63;115;passou
CSV;m1;mask_sombras;maelor;2;docas;10;15;569;22;372;passou
CSV;m1;mask_sombras;maelor;2;shedaklah;15;21;993;8;944;passou
CSV;m1;mask_sombras;maelor;2;molor;21;29;652;38;556;passou
CSV;m1;mask_sombras;maelor;3;dagruve;1;10;404;71;60;passou
CSV;m1;mask_sombras;maelor;3;docas;10;11;66;0;86;morreu
CSV;m1;mask_sombras;maelor;4;dagruve;1;10;413;55;65;passou
CSV;m1;mask_sombras;maelor;4;docas;10;14;532;38;268;passou
CSV;m1;mask_sombras;maelor;4;shedaklah;14;15;286;0;169;morreu
CSV;m1;mask_sombras;maelor;5;dagruve;1;11;386;68;105;passou
CSV;m1;mask_sombras;maelor;5;docas;11;14;382;49;268;passou
CSV;m1;mask_sombras;maelor;5;shedaklah;14;22;606;0;457;morreu
CSV;m1;mask_sombras;maelor;6;dagruve;1;12;800;69;302;passou
CSV;m1;mask_sombras;maelor;6;docas;12;15;778;0;404;morreu
CSV;m0;mask_sombras;nyrelia;1;dagruve;1;4;186;0;40;morreu
CSV;m0;mask_sombras;nyrelia;2;dagruve;1;10;1665;1;622;passou
CSV;m0;mask_sombras;nyrelia;2;docas;10;10;308;0;133;morreu
CSV;m0;mask_sombras;nyrelia;3;dagruve;1;13;1943;11;567;passou
CSV;m0;mask_sombras;nyrelia;3;docas;13;13;70;0;40;morreu
CSV;m0;mask_sombras;nyrelia;4;dagruve;1;6;491;0;34;morreu
CSV;m0;mask_sombras;nyrelia;5;dagruve;1;3;190;0;61;morreu
CSV;m0;mask_sombras;nyrelia;6;dagruve;1;3;181;0;32;morreu
CSV;m1;mask_sombras;nyrelia;1;dagruve;1;5;247;0;50;morreu
CSV;m1;mask_sombras;nyrelia;2;dagruve;1;4;296;0;40;morreu
CSV;m1;mask_sombras;nyrelia;3;dagruve;1;12;689;60;136;passou
CSV;m1;mask_sombras;nyrelia;3;docas;12;12;64;0;48;morreu
CSV;m1;mask_sombras;nyrelia;4;dagruve;1;1;45;0;49;morreu
CSV;m1;mask_sombras;nyrelia;5;dagruve;1;10;1113;0;192;morreu
CSV;m1;mask_sombras;nyrelia;6;dagruve;1;12;1361;15;403;passou
CSV;m1;mask_sombras;nyrelia;6;docas;12;17;499;46;310;passou
CSV;m1;mask_sombras;nyrelia;6;shedaklah;17;23;942;0;580;morreu
CSV;m0;mask_sombras;sylas;1;dagruve;1;9;138;0;36;morreu
CSV;m0;mask_sombras;sylas;2;dagruve;1;12;433;81;48;passou
CSV;m0;mask_sombras;sylas;2;docas;12;15;457;48;199;passou
CSV;m0;mask_sombras;sylas;2;shedaklah;15;17;580;0;267;morreu
CSV;m0;mask_sombras;sylas;3;dagruve;1;6;141;0;42;morreu
CSV;m0;mask_sombras;sylas;4;dagruve;1;12;376;16;141;passou
CSV;m0;mask_sombras;sylas;4;docas;12;13;162;0;71;morreu
CSV;m0;mask_sombras;sylas;5;dagruve;1;13;345;60;97;passou
CSV;m0;mask_sombras;sylas;5;docas;13;16;451;1;266;passou
CSV;m0;mask_sombras;sylas;5;shedaklah;16;16;27;0;45;morreu
CSV;m0;mask_sombras;sylas;6;dagruve;1;10;147;0;53;morreu
CSV;m1;mask_sombras;sylas;1;dagruve;1;8;138;0;80;morreu
CSV;m1;mask_sombras;sylas;2;dagruve;1;10;198;0;63;morreu
CSV;m1;mask_sombras;sylas;3;dagruve;1;13;328;37;83;passou
CSV;m1;mask_sombras;sylas;3;docas;13;15;199;0;82;morreu
CSV;m1;mask_sombras;sylas;4;dagruve;1;13;331;48;119;passou
CSV;m1;mask_sombras;sylas;4;docas;13;18;368;40;226;passou
CSV;m1;mask_sombras;sylas;4;shedaklah;18;25;616;38;436;passou
CSV;m1;mask_sombras;sylas;4;molor;25;32;681;60;273;passou
CSV;m1;mask_sombras;sylas;5;dagruve;1;13;605;46;167;passou
CSV;m1;mask_sombras;sylas;5;docas;13;16;616;53;258;passou
CSV;m1;mask_sombras;sylas;5;shedaklah;16;19;1052;0;473;morreu
CSV;m1;mask_sombras;sylas;6;dagruve;1;14;321;79;71;passou
CSV;m1;mask_sombras;sylas;6;docas;14;19;367;68;86;passou
CSV;m1;mask_sombras;sylas;6;shedaklah;19;24;873;21;456;passou
CSV;m1;mask_sombras;sylas;6;molor;24;25;432;0;312;morreu
CSV;m0;mask_sombras;zynara;1;dagruve;1;9;476;0;108;morreu
CSV;m0;mask_sombras;zynara;2;dagruve;1;3;124;0;38;morreu
CSV;m0;mask_sombras;zynara;3;dagruve;1;3;66;0;36;morreu
CSV;m0;mask_sombras;zynara;4;dagruve;1;1;57;0;34;morreu
CSV;m0;mask_sombras;zynara;5;dagruve;1;10;936;0;238;morreu
CSV;m0;mask_sombras;zynara;6;dagruve;1;4;123;0;38;morreu
CSV;m1;mask_sombras;zynara;1;dagruve;1;6;79;0;48;morreu
CSV;m1;mask_sombras;zynara;2;dagruve;1;10;499;70;24;passou
CSV;m1;mask_sombras;zynara;2;docas;10;15;728;47;243;passou
CSV;m1;mask_sombras;zynara;2;shedaklah;15;16;627;0;213;morreu
CSV;m1;mask_sombras;zynara;3;dagruve;1;8;114;0;44;morreu
CSV;m1;mask_sombras;zynara;4;dagruve;1;7;138;0;48;morreu
CSV;m1;mask_sombras;zynara;5;dagruve;1;11;1004;60;182;passou
CSV;m1;mask_sombras;zynara;5;docas;11;13;691;0;404;morreu
CSV;m1;mask_sombras;zynara;6;dagruve;1;11;413;0;68;morreu
CSV;m0;none;bromnor;1;dagruve;1;4;63;0;55;morreu
CSV;m0;none;bromnor;2;dagruve;1;8;639;0;68;morreu
CSV;m0;none;bromnor;3;dagruve;1;8;603;0;63;morreu
CSV;m0;none;bromnor;4;dagruve;1;12;1097;39;155;passou
CSV;m0;none;bromnor;4;docas;12;14;703;62;74;passou
CSV;m0;none;bromnor;4;shedaklah;14;16;1426;0;465;morreu
CSV;m0;none;bromnor;5;dagruve;1;10;504;10;86;passou
CSV;m0;none;bromnor;5;docas;10;17;398;16;66;passou
CSV;m0;none;bromnor;5;shedaklah;17;18;149;0;41;morreu
CSV;m0;none;bromnor;6;dagruve;1;10;1140;66;217;passou
CSV;m0;none;bromnor;6;docas;10;12;506;40;182;passou
CSV;m0;none;bromnor;6;shedaklah;12;15;1366;0;599;morreu
CSV;m1;none;bromnor;1;dagruve;1;10;554;44;50;passou
CSV;m1;none;bromnor;1;docas;10;14;408;69;55;passou
CSV;m1;none;bromnor;1;shedaklah;14;18;1098;0;214;morreu
CSV;m1;none;bromnor;2;dagruve;1;14;1286;73;209;passou
CSV;m1;none;bromnor;2;docas;14;14;62;0;69;morreu
CSV;m1;none;bromnor;3;dagruve;1;11;604;3;70;passou
CSV;m1;none;bromnor;3;docas;11;11;98;0;45;morreu
CSV;m1;none;bromnor;4;dagruve;1;6;269;0;56;morreu
CSV;m1;none;bromnor;5;dagruve;1;10;1183;0;195;morreu
CSV;m1;none;bromnor;6;dagruve;1;12;1521;72;180;passou
CSV;m1;none;bromnor;6;docas;12;14;569;21;164;passou
CSV;m1;none;bromnor;6;shedaklah;14;18;2750;0;756;morreu
CSV;m0;none;brook;1;dagruve;1;2;47;0;40;morreu
CSV;m0;none;brook;2;dagruve;1;9;543;0;40;morreu
CSV;m0;none;brook;3;dagruve;1;2;219;0;40;morreu
CSV;m0;none;brook;4;dagruve;1;2;174;0;42;morreu
CSV;m0;none;brook;5;dagruve;1;2;53;0;40;morreu
CSV;m0;none;brook;6;dagruve;1;10;1835;25;452;passou
CSV;m0;none;brook;6;docas;10;11;485;0;151;morreu
CSV;m1;none;brook;1;dagruve;1;11;579;14;59;passou
CSV;m1;none;brook;1;docas;11;11;71;0;26;morreu
CSV;m1;none;brook;2;dagruve;1;12;1641;41;292;passou
CSV;m1;none;brook;2;docas;12;14;368;0;116;morreu
CSV;m1;none;brook;3;dagruve;1;11;1815;0;317;morreu
CSV;m1;none;brook;4;dagruve;1;5;470;0;82;morreu
CSV;m1;none;brook;5;dagruve;1;2;229;0;48;morreu
CSV;m1;none;brook;6;dagruve;1;11;1762;41;336;passou
CSV;m1;none;brook;6;docas;11;14;597;42;123;passou
CSV;m1;none;brook;6;shedaklah;14;15;321;0;89;morreu
CSV;m0;none;durvall;1;dagruve;1;3;74;0;38;morreu
CSV;m0;none;durvall;2;dagruve;1;6;331;0;42;morreu
CSV;m0;none;durvall;3;dagruve;1;3;132;0;38;morreu
CSV;m0;none;durvall;4;dagruve;1;4;148;0;55;morreu
CSV;m0;none;durvall;5;dagruve;1;2;98;0;40;morreu
CSV;m0;none;durvall;6;dagruve;1;4;127;0;42;morreu
CSV;m1;none;durvall;1;dagruve;1;4;58;0;46;morreu
CSV;m1;none;durvall;2;dagruve;1;4;300;0;46;morreu
CSV;m1;none;durvall;3;dagruve;1;8;618;0;87;morreu
CSV;m1;none;durvall;4;dagruve;1;4;231;0;67;morreu
CSV;m1;none;durvall;5;dagruve;1;5;299;0;81;morreu
CSV;m1;none;durvall;6;dagruve;1;4;171;0;46;morreu
CSV;m0;none;kayron;1;dagruve;1;8;196;0;44;morreu
CSV;m0;none;kayron;2;dagruve;1;2;51;0;42;morreu
CSV;m0;none;kayron;3;dagruve;1;2;54;0;38;morreu
CSV;m0;none;kayron;4;dagruve;1;11;605;8;131;passou
CSV;m0;none;kayron;4;docas;11;11;57;0;47;morreu
CSV;m0;none;kayron;5;dagruve;1;9;329;48;31;passou
CSV;m0;none;kayron;5;docas;9;16;334;57;101;passou
CSV;m0;none;kayron;5;shedaklah;16;16;38;0;67;morreu
CSV;m0;none;kayron;6;dagruve;1;10;528;13;92;passou
CSV;m0;none;kayron;6;docas;10;15;565;17;277;passou
CSV;m0;none;kayron;6;shedaklah;15;16;480;0;214;morreu
CSV;m1;none;kayron;1;dagruve;1;6;166;0;52;morreu
CSV;m1;none;kayron;2;dagruve;1;11;543;72;73;passou
CSV;m1;none;kayron;2;docas;11;15;485;68;82;passou
CSV;m1;none;kayron;2;shedaklah;15;16;307;0;196;morreu
CSV;m1;none;kayron;3;dagruve;1;1;44;0;46;morreu
CSV;m1;none;kayron;4;dagruve;1;4;58;0;46;morreu
CSV;m1;none;kayron;5;dagruve;1;6;148;0;58;morreu
CSV;m1;none;kayron;6;dagruve;1;12;316;40;52;passou
CSV;m1;none;kayron;6;docas;12;17;352;35;163;passou
CSV;m1;none;kayron;6;shedaklah;17;18;58;0;72;morreu
CSV;m0;none;korrak;1;dagruve;1;14;392;55;172;passou
CSV;m0;none;korrak;1;docas;14;18;389;53;304;passou
CSV;m0;none;korrak;1;shedaklah;18;23;1019;0;1241;morreu
CSV;m0;none;korrak;2;dagruve;1;13;1432;60;263;passou
CSV;m0;none;korrak;2;docas;13;16;487;59;242;passou
CSV;m0;none;korrak;2;shedaklah;16;22;1808;0;935;morreu
CSV;m0;none;korrak;3;dagruve;1;14;1848;58;516;passou
CSV;m0;none;korrak;3;docas;14;17;388;59;214;passou
CSV;m0;none;korrak;3;shedaklah;17;20;655;0;657;morreu
CSV;m0;none;korrak;4;dagruve;1;11;433;53;157;passou
CSV;m0;none;korrak;4;docas;11;11;57;0;65;morreu
CSV;m0;none;korrak;5;dagruve;1;12;732;58;218;passou
CSV;m0;none;korrak;5;docas;12;16;402;0;269;morreu
CSV;m0;none;korrak;6;dagruve;1;14;984;63;194;passou
CSV;m0;none;korrak;6;docas;14;17;360;64;96;passou
CSV;m0;none;korrak;6;shedaklah;17;17;61;0;217;morreu
CSV;m1;none;korrak;1;dagruve;1;12;354;57;201;passou
CSV;m1;none;korrak;1;docas;12;17;357;15;355;passou
CSV;m1;none;korrak;1;shedaklah;17;21;446;0;745;morreu
CSV;m1;none;korrak;2;dagruve;1;11;467;76;117;passou
CSV;m1;none;korrak;2;docas;11;16;385;52;298;passou
CSV;m1;none;korrak;2;shedaklah;16;20;1268;0;903;morreu
CSV;m1;none;korrak;3;dagruve;1;10;460;71;127;passou
CSV;m1;none;korrak;3;docas;10;15;376;61;155;passou
CSV;m1;none;korrak;3;shedaklah;15;25;2376;6;3134;passou
CSV;m1;none;korrak;3;molor;25;28;721;1;1140;morreu
CSV;m1;none;korrak;4;dagruve;1;10;405;74;172;passou
CSV;m1;none;korrak;4;docas;10;15;391;55;272;passou
CSV;m1;none;korrak;4;shedaklah;15;20;1054;0;901;morreu
CSV;m1;none;korrak;5;dagruve;1;9;353;75;48;passou
CSV;m1;none;korrak;5;docas;9;15;418;38;210;passou
CSV;m1;none;korrak;5;shedaklah;15;21;963;49;584;passou
CSV;m1;none;korrak;5;molor;21;25;652;0;850;morreu
CSV;m1;none;korrak;6;dagruve;1;10;651;72;136;passou
CSV;m1;none;korrak;6;docas;10;15;613;24;482;passou
CSV;m1;none;korrak;6;shedaklah;15;23;2549;17;2677;passou
CSV;m1;none;korrak;6;molor;23;27;2237;0;2363;morreu
CSV;m0;none;leoric;1;dagruve;1;4;154;0;34;morreu
CSV;m0;none;leoric;2;dagruve;1;14;1720;40;199;passou
CSV;m0;none;leoric;2;docas;14;16;812;3;291;passou
CSV;m0;none;leoric;2;shedaklah;16;16;267;0;124;morreu
CSV;m0;none;leoric;3;dagruve;1;4;123;0;32;morreu
CSV;m0;none;leoric;4;dagruve;1;3;86;0;34;morreu
CSV;m0;none;leoric;5;dagruve;1;11;554;67;91;passou
CSV;m0;none;leoric;5;docas;11;15;207;0;88;morreu
CSV;m0;none;leoric;6;dagruve;1;14;344;53;206;passou
CSV;m0;none;leoric;6;docas;14;15;364;0;239;morreu
CSV;m1;none;leoric;1;dagruve;1;4;118;0;40;morreu
CSV;m1;none;leoric;2;dagruve;1;8;127;0;60;morreu
CSV;m1;none;leoric;3;dagruve;1;6;222;0;51;morreu
CSV;m1;none;leoric;4;dagruve;1;6;204;0;42;morreu
CSV;m1;none;leoric;5;dagruve;1;11;861;12;218;passou
CSV;m1;none;leoric;5;docas;11;15;614;23;320;passou
CSV;m1;none;leoric;5;shedaklah;15;15;67;0;56;morreu
CSV;m1;none;leoric;6;dagruve;1;14;333;60;73;passou
CSV;m1;none;leoric;6;docas;14;18;403;2;269;passou
CSV;m1;none;leoric;6;shedaklah;18;18;55;0;56;morreu
CSV;m0;none;maelor;1;dagruve;1;2;50;0;54;morreu
CSV;m0;none;maelor;2;dagruve;1;11;329;69;70;passou
CSV;m0;none;maelor;2;docas;11;16;487;25;181;passou
CSV;m0;none;maelor;2;shedaklah;16;20;730;0;200;morreu
CSV;m0;none;maelor;3;dagruve;1;10;379;47;105;passou
CSV;m0;none;maelor;3;docas;10;14;482;50;230;passou
CSV;m0;none;maelor;3;shedaklah;14;15;56;0;78;morreu
CSV;m0;none;maelor;4;dagruve;1;11;521;25;205;passou
CSV;m0;none;maelor;4;docas;11;11;108;0;86;morreu
CSV;m0;none;maelor;5;dagruve;1;12;745;28;220;passou
CSV;m0;none;maelor;5;docas;12;15;491;12;360;passou
CSV;m0;none;maelor;5;shedaklah;15;16;186;0;181;morreu
CSV;m0;none;maelor;6;dagruve;1;11;562;58;145;passou
CSV;m0;none;maelor;6;docas;11;12;83;0;89;morreu
CSV;m1;none;maelor;1;dagruve;1;2;48;0;48;morreu
CSV;m1;none;maelor;2;dagruve;1;11;340;84;58;passou
CSV;m1;none;maelor;2;docas;11;15;332;50;168;passou
CSV;m1;none;maelor;2;shedaklah;15;16;67;0;100;morreu
CSV;m1;none;maelor;3;dagruve;1;4;93;0;52;morreu
CSV;m1;none;maelor;4;dagruve;1;6;90;0;98;morreu
CSV;m1;none;maelor;5;dagruve;1;12;688;61;84;passou
CSV;m1;none;maelor;5;docas;12;16;416;4;163;passou
CSV;m1;none;maelor;5;shedaklah;16;18;869;0;354;morreu
CSV;m1;none;maelor;6;dagruve;1;3;76;0;60;morreu
CSV;m0;none;nyrelia;1;dagruve;1;1;133;0;32;morreu
CSV;m0;none;nyrelia;2;dagruve;1;9;475;21;76;passou
CSV;m0;none;nyrelia;2;docas;9;10;190;0;85;morreu
CSV;m0;none;nyrelia;3;dagruve;1;10;410;24;101;passou
CSV;m0;none;nyrelia;3;docas;10;13;168;0;107;morreu
CSV;m0;none;nyrelia;4;dagruve;1;3;140;0;32;morreu
CSV;m0;none;nyrelia;5;dagruve;1;2;124;0;32;morreu
CSV;m0;none;nyrelia;6;dagruve;1;2;116;0;32;morreu
CSV;m1;none;nyrelia;1;dagruve;1;6;237;0;51;morreu
CSV;m1;none;nyrelia;2;dagruve;1;4;155;0;40;morreu
CSV;m1;none;nyrelia;3;dagruve;1;6;505;0;196;morreu
CSV;m1;none;nyrelia;4;dagruve;1;6;206;0;51;morreu
CSV;m1;none;nyrelia;5;dagruve;1;2;107;0;40;morreu
CSV;m1;none;nyrelia;6;dagruve;1;4;251;0;40;morreu
CSV;m0;none;sylas;1;dagruve;1;5;116;0;36;morreu
CSV;m0;none;sylas;2;dagruve;1;12;511;63;98;passou
CSV;m0;none;sylas;2;docas;12;16;477;42;247;passou
CSV;m0;none;sylas;2;shedaklah;16;18;583;0;215;morreu
CSV;m0;none;sylas;3;dagruve;1;9;211;0;36;morreu
CSV;m0;none;sylas;4;dagruve;1;9;127;0;42;morreu
CSV;m0;none;sylas;5;dagruve;1;11;335;47;68;passou
CSV;m0;none;sylas;5;docas;11;12;94;0;60;morreu
CSV;m0;none;sylas;6;dagruve;1;8;144;0;38;morreu
CSV;m1;none;sylas;1;dagruve;1;9;207;0;46;morreu
CSV;m1;none;sylas;2;dagruve;1;10;203;0;70;morreu
CSV;m1;none;sylas;3;dagruve;1;10;268;0;65;morreu
CSV;m1;none;sylas;4;dagruve;1;12;348;15;95;passou
CSV;m1;none;sylas;4;docas;12;17;403;28;227;passou
CSV;m1;none;sylas;4;shedaklah;17;23;744;0;533;morreu
CSV;m1;none;sylas;5;dagruve;1;7;99;0;55;morreu
CSV;m1;none;sylas;6;dagruve;1;12;458;71;110;passou
CSV;m1;none;sylas;6;docas;12;16;426;36;292;passou
CSV;m1;none;sylas;6;shedaklah;16;21;1155;0;529;morreu
CSV;m0;none;zynara;1;dagruve;1;2;57;0;34;morreu
CSV;m0;none;zynara;2;dagruve;1;8;534;0;68;morreu
CSV;m0;none;zynara;3;dagruve;1;10;502;28;60;passou
CSV;m0;none;zynara;3;docas;10;13;494;0;144;morreu
CSV;m0;none;zynara;4;dagruve;1;3;170;0;36;morreu
CSV;m0;none;zynara;5;dagruve;1;11;923;37;185;passou
CSV;m0;none;zynara;5;docas;11;13;443;0;180;morreu
CSV;m0;none;zynara;6;dagruve;1;11;727;31;107;passou
CSV;m0;none;zynara;6;docas;11;16;527;41;193;passou
CSV;m0;none;zynara;6;shedaklah;16;18;571;0;334;morreu
CSV;m1;none;zynara;1;dagruve;1;10;440;11;67;passou
CSV;m1;none;zynara;1;docas;10;12;116;0;81;morreu
CSV;m1;none;zynara;2;dagruve;1;6;347;0;67;morreu
CSV;m1;none;zynara;3;dagruve;1;6;340;0;64;morreu
CSV;m1;none;zynara;4;dagruve;1;9;417;36;70;passou
CSV;m1;none;zynara;4;docas;9;11;211;0;123;morreu
CSV;m1;none;zynara;5;dagruve;1;4;147;0;42;morreu
CSV;m1;none;zynara;6;dagruve;1;5;213;0;79;morreu
CSV;m0;selune_guia;bromnor;1;dagruve;1;10;420;41;47;passou
CSV;m0;selune_guia;bromnor;1;docas;10;12;128;0;99;morreu
CSV;m0;selune_guia;bromnor;2;dagruve;1;13;1724;40;282;passou
CSV;m0;selune_guia;bromnor;2;docas;13;15;501;61;133;passou
CSV;m0;selune_guia;bromnor;2;shedaklah;15;17;1073;0;276;morreu
CSV;m0;selune_guia;bromnor;3;dagruve;1;2;57;0;48;morreu
CSV;m0;selune_guia;bromnor;4;dagruve;1;12;347;29;52;passou
CSV;m0;selune_guia;bromnor;4;docas;12;18;357;4;104;passou
CSV;m0;selune_guia;bromnor;4;shedaklah;18;19;118;0;31;morreu
CSV;m0;selune_guia;bromnor;5;dagruve;1;4;113;0;50;morreu
CSV;m0;selune_guia;bromnor;6;dagruve;1;10;520;38;46;passou
CSV;m0;selune_guia;bromnor;6;docas;10;11;89;0;64;morreu
CSV;m1;selune_guia;bromnor;1;dagruve;1;11;1307;72;232;passou
CSV;m1;selune_guia;bromnor;1;docas;11;14;630;3;303;passou
CSV;m1;selune_guia;bromnor;1;shedaklah;14;14;233;0;128;morreu
CSV;m1;selune_guia;bromnor;2;dagruve;1;13;1787;33;427;passou
CSV;m1;selune_guia;bromnor;2;docas;13;15;542;0;238;morreu
CSV;m1;selune_guia;bromnor;3;dagruve;1;12;364;50;44;passou
CSV;m1;selune_guia;bromnor;3;docas;12;16;400;50;134;passou
CSV;m1;selune_guia;bromnor;3;shedaklah;16;20;465;0;244;morreu
CSV;m1;selune_guia;bromnor;4;dagruve;1;10;649;0;99;morreu
CSV;m1;selune_guia;bromnor;5;dagruve;1;10;972;0;89;morreu
CSV;m1;selune_guia;bromnor;6;dagruve;1;12;1859;68;168;passou
CSV;m1;selune_guia;bromnor;6;docas;12;15;459;32;183;passou
CSV;m1;selune_guia;bromnor;6;shedaklah;15;16;834;0;304;morreu
CSV;m0;selune_guia;brook;1;dagruve;1;7;561;0;74;morreu
CSV;m0;selune_guia;brook;2;dagruve;1;5;368;0;77;morreu
CSV;m0;selune_guia;brook;3;dagruve;1;3;131;0;40;morreu
CSV;m0;selune_guia;brook;4;dagruve;1;2;258;0;40;morreu
CSV;m0;selune_guia;brook;5;dagruve;1;9;507;0;52;morreu
CSV;m0;selune_guia;brook;6;dagruve;1;12;2200;13;611;passou
CSV;m0;selune_guia;brook;6;docas;12;14;759;0;279;morreu
CSV;m1;selune_guia;brook;1;dagruve;1;7;304;0;48;morreu
CSV;m1;selune_guia;brook;2;dagruve;1;11;1615;25;245;passou
CSV;m1;selune_guia;brook;2;docas;11;15;380;51;176;passou
CSV;m1;selune_guia;brook;2;shedaklah;15;18;475;0;271;morreu
CSV;m1;selune_guia;brook;3;dagruve;1;4;198;0;48;morreu
CSV;m1;selune_guia;brook;4;dagruve;1;14;1830;32;486;passou
CSV;m1;selune_guia;brook;4;docas;14;16;141;0;101;morreu
CSV;m1;selune_guia;brook;5;dagruve;1;12;1060;49;219;passou
CSV;m1;selune_guia;brook;5;docas;12;15;606;0;239;morreu
CSV;m1;selune_guia;brook;6;dagruve;1;6;565;0;52;morreu
CSV;m0;selune_guia;durvall;1;dagruve;1;3;131;0;38;morreu
CSV;m0;selune_guia;durvall;2;dagruve;1;5;289;0;48;morreu
CSV;m0;selune_guia;durvall;3;dagruve;1;5;347;0;58;morreu
CSV;m0;selune_guia;durvall;4;dagruve;1;6;359;0;53;morreu
CSV;m0;selune_guia;durvall;5;dagruve;1;6;338;0;38;morreu
CSV;m0;selune_guia;durvall;6;dagruve;1;13;2492;5;1230;passou
CSV;m0;selune_guia;durvall;6;docas;13;14;675;14;387;passou
CSV;m0;selune_guia;durvall;6;shedaklah;14;15;354;0;321;morreu
CSV;m1;selune_guia;durvall;1;dagruve;1;3;52;0;46;morreu
CSV;m1;selune_guia;durvall;2;dagruve;1;3;104;0;46;morreu
CSV;m1;selune_guia;durvall;3;dagruve;1;2;36;0;46;morreu
CSV;m1;selune_guia;durvall;4;dagruve;1;5;298;0;46;morreu
CSV;m1;selune_guia;durvall;5;dagruve;1;11;1430;19;586;passou
CSV;m1;selune_guia;durvall;5;docas;11;13;352;0;178;morreu
CSV;m1;selune_guia;durvall;6;dagruve;1;3;39;0;50;morreu
CSV;m0;selune_guia;kayron;1;dagruve;1;8;211;0;63;morreu
CSV;m0;selune_guia;kayron;2;dagruve;1;7;218;0;53;morreu
CSV;m0;selune_guia;kayron;3;dagruve;1;4;92;0;38;morreu
CSV;m0;selune_guia;kayron;4;dagruve;1;10;555;0;201;passou
CSV;m0;selune_guia;kayron;4;docas;10;14;304;0;159;morreu
CSV;m0;selune_guia;kayron;5;dagruve;1;6;356;0;42;morreu
CSV;m0;selune_guia;kayron;6;dagruve;1;3;219;0;38;morreu
CSV;m1;selune_guia;kayron;1;dagruve;1;10;396;36;176;passou
CSV;m1;selune_guia;kayron;1;docas;10;15;378;23;305;passou
CSV;m1;selune_guia;kayron;1;shedaklah;15;24;756;22;507;passou
CSV;m1;selune_guia;kayron;1;molor;24;25;74;0;118;morreu
CSV;m1;selune_guia;kayron;2;dagruve;1;6;343;0;70;morreu
CSV;m1;selune_guia;kayron;3;dagruve;1;10;421;30;115;passou
CSV;m1;selune_guia;kayron;3;docas;10;12;88;0;67;morreu
CSV;m1;selune_guia;kayron;4;dagruve;1;4;110;0;46;morreu
CSV;m1;selune_guia;kayron;5;dagruve;1;11;374;43;83;passou
CSV;m1;selune_guia;kayron;5;docas;11;12;93;0;67;morreu
CSV;m1;selune_guia;kayron;6;dagruve;1;11;368;35;99;passou
CSV;m1;selune_guia;kayron;6;docas;11;16;385;32;148;passou
CSV;m1;selune_guia;kayron;6;shedaklah;16;19;412;0;133;morreu
CSV;m0;selune_guia;korrak;1;dagruve;1;12;864;55;250;passou
CSV;m0;selune_guia;korrak;1;docas;12;14;465;31;218;passou
CSV;m0;selune_guia;korrak;1;shedaklah;14;18;1657;0;914;morreu
CSV;m0;selune_guia;korrak;2;dagruve;1;12;475;45;180;passou
CSV;m0;selune_guia;korrak;2;docas;12;15;450;25;283;passou
CSV;m0;selune_guia;korrak;2;shedaklah;15;16;342;0;289;morreu
CSV;m0;selune_guia;korrak;3;dagruve;1;12;350;74;80;passou
CSV;m0;selune_guia;korrak;3;docas;12;16;410;52;335;passou
CSV;m0;selune_guia;korrak;3;shedaklah;16;20;823;0;823;morreu
CSV;m0;selune_guia;korrak;4;dagruve;1;11;680;70;157;passou
CSV;m0;selune_guia;korrak;4;docas;11;15;386;42;310;passou
CSV;m0;selune_guia;korrak;4;shedaklah;15;17;322;0;251;morreu
CSV;m0;selune_guia;korrak;5;dagruve;1;12;1135;62;195;passou
CSV;m0;selune_guia;korrak;5;docas;12;17;425;59;228;passou
CSV;m0;selune_guia;korrak;5;shedaklah;17;22;575;0;388;morreu
CSV;m0;selune_guia;korrak;6;dagruve;1;13;330;70;87;passou
CSV;m0;selune_guia;korrak;6;docas;13;17;416;67;258;passou
CSV;m0;selune_guia;korrak;6;shedaklah;17;24;646;51;388;passou
CSV;m0;selune_guia;korrak;6;molor;24;31;1053;50;524;passou
CSV;m1;selune_guia;korrak;1;dagruve;1;11;585;42;200;passou
CSV;m1;selune_guia;korrak;1;docas;11;13;406;71;175;passou
CSV;m1;selune_guia;korrak;1;shedaklah;13;20;1335;0;1397;morreu
CSV;m1;selune_guia;korrak;2;dagruve;1;11;570;81;71;passou
CSV;m1;selune_guia;korrak;2;docas;11;14;384;73;73;passou
CSV;m1;selune_guia;korrak;2;shedaklah;14;20;1733;17;1114;passou
CSV;m1;selune_guia;korrak;2;molor;20;25;4645;0;3708;morreu
CSV;m1;selune_guia;korrak;3;dagruve;1;11;532;54;137;passou
CSV;m1;selune_guia;korrak;3;docas;11;14;360;66;177;passou
CSV;m1;selune_guia;korrak;3;shedaklah;14;21;3465;0;3023;morreu
CSV;m1;selune_guia;korrak;4;dagruve;1;13;1387;34;432;passou
CSV;m1;selune_guia;korrak;4;docas;13;17;383;68;162;passou
CSV;m1;selune_guia;korrak;4;shedaklah;17;22;1423;0;1359;morreu
CSV;m1;selune_guia;korrak;5;dagruve;1;11;551;69;109;passou
CSV;m1;selune_guia;korrak;5;docas;11;14;581;29;323;passou
CSV;m1;selune_guia;korrak;5;shedaklah;14;19;1452;0;1048;morreu
CSV;m1;selune_guia;korrak;6;dagruve;1;13;559;71;128;passou
CSV;m1;selune_guia;korrak;6;docas;13;16;353;66;168;passou
CSV;m1;selune_guia;korrak;6;shedaklah;16;22;2290;0;1771;morreu
CSV;m0;selune_guia;leoric;1;dagruve;1;12;779;55;195;passou
CSV;m0;selune_guia;leoric;1;docas;12;14;200;0;116;morreu
CSV;m0;selune_guia;leoric;2;dagruve;1;4;89;0;40;morreu
CSV;m0;selune_guia;leoric;3;dagruve;1;3;139;0;32;morreu
CSV;m0;selune_guia;leoric;4;dagruve;1;4;106;0;44;morreu
CSV;m0;selune_guia;leoric;5;dagruve;1;11;509;11;130;passou
CSV;m0;selune_guia;leoric;5;docas;11;13;136;0;69;morreu
CSV;m0;selune_guia;leoric;6;dagruve;1;7;76;0;40;morreu
CSV;m1;selune_guia;leoric;1;dagruve;1;13;920;45;224;passou
CSV;m1;selune_guia;leoric;1;docas;13;13;64;0;69;morreu
CSV;m1;selune_guia;leoric;2;dagruve;1;10;322;0;71;morreu
CSV;m1;selune_guia;leoric;3;dagruve;1;4;132;0;46;morreu
CSV;m1;selune_guia;leoric;4;dagruve;1;12;829;0;193;morreu
CSV;m1;selune_guia;leoric;5;dagruve;1;2;61;0;40;morreu
CSV;m1;selune_guia;leoric;6;dagruve;1;13;211;0;58;morreu
CSV;m0;selune_guia;maelor;1;dagruve;1;5;145;0;90;morreu
CSV;m0;selune_guia;maelor;2;dagruve;1;13;719;59;158;passou
CSV;m0;selune_guia;maelor;2;docas;13;13;67;0;51;morreu
CSV;m0;selune_guia;maelor;3;dagruve;1;9;345;39;122;passou
CSV;m0;selune_guia;maelor;3;docas;9;12;170;0;117;morreu
CSV;m0;selune_guia;maelor;4;dagruve;1;11;338;74;85;passou
CSV;m0;selune_guia;maelor;4;docas;11;17;342;39;222;passou
CSV;m0;selune_guia;maelor;4;shedaklah;17;17;56;0;85;morreu
CSV;m0;selune_guia;maelor;5;dagruve;1;11;328;84;38;passou
CSV;m0;selune_guia;maelor;5;docas;11;14;165;0;116;morreu
CSV;m0;selune_guia;maelor;6;dagruve;1;11;549;40;163;passou
CSV;m0;selune_guia;maelor;6;docas;11;16;451;0;205;morreu
CSV;m1;selune_guia;maelor;1;dagruve;1;12;321;86;29;passou
CSV;m1;selune_guia;maelor;1;docas;12;17;331;57;112;passou
CSV;m1;selune_guia;maelor;1;shedaklah;17;24;671;8;446;passou
CSV;m1;selune_guia;maelor;1;molor;24;26;307;0;297;morreu
CSV;m1;selune_guia;maelor;2;dagruve;1;11;452;64;93;passou
CSV;m1;selune_guia;maelor;2;docas;11;15;382;63;204;passou
CSV;m1;selune_guia;maelor;2;shedaklah;15;19;604;0;299;morreu
CSV;m1;selune_guia;maelor;3;dagruve;1;3;80;0;53;morreu
CSV;m1;selune_guia;maelor;4;dagruve;1;11;375;65;52;passou
CSV;m1;selune_guia;maelor;4;docas;11;17;350;68;106;passou
CSV;m1;selune_guia;maelor;4;shedaklah;17;20;684;0;307;morreu
CSV;m1;selune_guia;maelor;5;dagruve;1;14;314;26;148;passou
CSV;m1;selune_guia;maelor;5;docas;14;16;524;14;446;passou
CSV;m1;selune_guia;maelor;5;shedaklah;16;20;963;0;573;morreu
CSV;m1;selune_guia;maelor;6;dagruve;1;11;505;56;170;passou
CSV;m1;selune_guia;maelor;6;docas;11;14;541;10;246;passou
CSV;m1;selune_guia;maelor;6;shedaklah;14;14;45;0;53;morreu
CSV;m0;selune_guia;nyrelia;1;dagruve;1;5;324;0;40;morreu
CSV;m0;selune_guia;nyrelia;2;dagruve;1;7;665;0;226;morreu
CSV;m0;selune_guia;nyrelia;3;dagruve;1;1;43;0;32;morreu
CSV;m0;selune_guia;nyrelia;4;dagruve;1;3;194;0;50;morreu
CSV;m0;selune_guia;nyrelia;5;dagruve;1;12;2361;0;617;morreu
CSV;m0;selune_guia;nyrelia;6;dagruve;1;11;1634;0;521;morreu
CSV;m1;selune_guia;nyrelia;1;dagruve;1;8;628;0;197;morreu
CSV;m1;selune_guia;nyrelia;2;dagruve;1;12;333;5;61;passou
CSV;m1;selune_guia;nyrelia;2;docas;12;13;116;0;92;morreu
CSV;m1;selune_guia;nyrelia;3;dagruve;1;5;254;0;49;morreu
CSV;m1;selune_guia;nyrelia;4;dagruve;1;12;1074;0;323;morreu
CSV;m1;selune_guia;nyrelia;5;dagruve;1;11;1838;0;560;morreu
CSV;m1;selune_guia;nyrelia;6;dagruve;1;2;77;0;40;morreu
CSV;m0;selune_guia;sylas;1;dagruve;1;4;62;0;45;morreu
CSV;m0;selune_guia;sylas;2;dagruve;1;5;60;0;36;morreu
CSV;m0;selune_guia;sylas;3;dagruve;1;11;196;0;98;morreu
CSV;m0;selune_guia;sylas;4;dagruve;1;9;196;0;38;morreu
CSV;m0;selune_guia;sylas;5;dagruve;1;9;191;0;45;morreu
CSV;m0;selune_guia;sylas;6;dagruve;1;12;171;0;71;morreu
CSV;m1;selune_guia;sylas;1;dagruve;1;10;236;0;50;morreu
CSV;m1;selune_guia;sylas;2;dagruve;1;8;93;0;61;morreu
CSV;m1;selune_guia;sylas;3;dagruve;1;13;429;60;90;passou
CSV;m1;selune_guia;sylas;3;docas;13;17;436;52;164;passou
CSV;m1;selune_guia;sylas;3;shedaklah;17;17;48;0;72;morreu
CSV;m1;selune_guia;sylas;4;dagruve;1;6;79;0;49;morreu
CSV;m1;selune_guia;sylas;5;dagruve;1;9;158;0;50;morreu
CSV;m1;selune_guia;sylas;6;dagruve;1;15;311;37;84;passou
CSV;m1;selune_guia;sylas;6;docas;15;19;342;20;195;passou
CSV;m1;selune_guia;sylas;6;shedaklah;19;25;1074;8;650;passou
CSV;m1;selune_guia;sylas;6;molor;25;25;98;0;133;morreu
CSV;m0;selune_guia;zynara;1;dagruve;1;5;269;0;59;morreu
CSV;m0;selune_guia;zynara;2;dagruve;1;11;1004;71;115;passou
CSV;m0;selune_guia;zynara;2;docas;11;11;80;0;63;morreu
CSV;m0;selune_guia;zynara;3;dagruve;1;3;123;0;34;morreu
CSV;m0;selune_guia;zynara;4;dagruve;1;2;60;0;34;morreu
CSV;m0;selune_guia;zynara;5;dagruve;1;4;234;0;34;morreu
CSV;m0;selune_guia;zynara;6;dagruve;1;4;207;0;45;morreu
CSV;m1;selune_guia;zynara;1;dagruve;1;7;451;0;44;morreu
CSV;m1;selune_guia;zynara;2;dagruve;1;11;723;60;170;passou
CSV;m1;selune_guia;zynara;2;docas;11;14;539;0;292;morreu
CSV;m1;selune_guia;zynara;3;dagruve;1;8;195;0;63;morreu
CSV;m1;selune_guia;zynara;4;dagruve;1;5;356;0;50;morreu
CSV;m1;selune_guia;zynara;5;dagruve;1;12;1067;9;269;passou
CSV;m1;selune_guia;zynara;5;docas;12;13;548;0;195;morreu
CSV;m1;selune_guia;zynara;6;dagruve;1;5;97;0;46;morreu
CSV;m0;selune_luar;bromnor;1;dagruve;1;13;2864;53;263;passou
CSV;m0;selune_luar;bromnor;1;docas;13;17;620;61;103;passou
CSV;m0;selune_luar;bromnor;1;shedaklah;17;18;939;0;272;morreu
CSV;m0;selune_luar;bromnor;2;dagruve;1;12;1406;81;131;passou
CSV;m0;selune_luar;bromnor;2;docas;12;14;96;0;76;morreu
CSV;m0;selune_luar;bromnor;3;dagruve;1;10;935;47;126;passou
CSV;m0;selune_luar;bromnor;3;docas;10;10;63;0;73;morreu
CSV;m0;selune_luar;bromnor;4;dagruve;1;11;659;38;52;passou
CSV;m0;selune_luar;bromnor;4;docas;11;13;259;0;66;morreu
CSV;m0;selune_luar;bromnor;5;dagruve;1;9;366;22;39;passou
CSV;m0;selune_luar;bromnor;5;docas;9;10;66;0;32;morreu
CSV;m0;selune_luar;bromnor;6;dagruve;1;10;962;83;53;passou
CSV;m0;selune_luar;bromnor;6;docas;10;13;618;78;102;passou
CSV;m0;selune_luar;bromnor;6;shedaklah;13;14;74;0;104;morreu
CSV;m1;selune_luar;bromnor;1;dagruve;1;10;392;75;17;passou
CSV;m1;selune_luar;bromnor;1;docas;10;14;450;73;77;passou
CSV;m1;selune_luar;bromnor;1;shedaklah;14;22;998;27;360;passou
CSV;m1;selune_luar;bromnor;1;molor;22;30;807;47;284;passou
CSV;m1;selune_luar;bromnor;2;dagruve;1;10;756;93;65;passou
CSV;m1;selune_luar;bromnor;2;docas;10;12;694;65;161;passou
CSV;m1;selune_luar;bromnor;2;shedaklah;12;14;805;0;274;morreu
CSV;m1;selune_luar;bromnor;3;dagruve;1;13;1289;37;172;passou
CSV;m1;selune_luar;bromnor;3;docas;13;15;491;73;145;passou
CSV;m1;selune_luar;bromnor;3;shedaklah;15;20;1820;0;793;morreu
CSV;m1;selune_luar;bromnor;4;dagruve;1;2;63;0;56;morreu
CSV;m1;selune_luar;bromnor;5;dagruve;1;15;2107;67;185;passou
CSV;m1;selune_luar;bromnor;5;docas;15;18;449;72;74;passou
CSV;m1;selune_luar;bromnor;5;shedaklah;18;20;3678;0;1062;morreu
CSV;m1;selune_luar;bromnor;6;dagruve;1;14;1974;71;194;passou
CSV;m1;selune_luar;bromnor;6;docas;14;16;509;88;43;passou
CSV;m1;selune_luar;bromnor;6;shedaklah;16;20;2511;0;553;morreu
CSV;m0;selune_luar;brook;1;dagruve;1;2;149;0;40;morreu
CSV;m0;selune_luar;brook;2;dagruve;1;4;376;0;40;morreu
CSV;m0;selune_luar;brook;3;dagruve;1;3;173;0;40;morreu
CSV;m0;selune_luar;brook;4;dagruve;1;12;1990;5;415;passou
CSV;m0;selune_luar;brook;4;docas;12;12;56;0;49;morreu
CSV;m0;selune_luar;brook;5;dagruve;1;7;499;0;66;morreu
CSV;m0;selune_luar;brook;6;dagruve;1;13;2462;50;395;passou
CSV;m0;selune_luar;brook;6;docas;13;15;774;11;210;passou
CSV;m0;selune_luar;brook;6;shedaklah;15;17;1366;0;425;morreu
CSV;m1;selune_luar;brook;1;dagruve;1;6;324;0;65;morreu
CSV;m1;selune_luar;brook;2;dagruve;1;11;783;82;99;passou
CSV;m1;selune_luar;brook;2;docas;11;15;555;39;251;passou
CSV;m1;selune_luar;brook;2;shedaklah;15;16;606;0;192;morreu
CSV;m1;selune_luar;brook;3;dagruve;1;14;2872;54;594;passou
CSV;m1;selune_luar;brook;3;docas;14;16;885;14;352;passou
CSV;m1;selune_luar;brook;3;shedaklah;16;16;303;0;116;morreu
CSV;m1;selune_luar;brook;4;dagruve;1;14;3529;39;843;passou
CSV;m1;selune_luar;brook;4;docas;14;15;779;38;229;passou
CSV;m1;selune_luar;brook;4;shedaklah;15;21;3038;0;1533;morreu
CSV;m1;selune_luar;brook;5;dagruve;1;3;283;0;48;morreu
CSV;m1;selune_luar;brook;6;dagruve;1;13;2461;30;522;passou
CSV;m1;selune_luar;brook;6;docas;13;16;401;39;133;passou
CSV;m1;selune_luar;brook;6;shedaklah;16;20;420;0;226;morreu
CSV;m0;selune_luar;durvall;1;dagruve;1;4;84;0;38;morreu
CSV;m0;selune_luar;durvall;2;dagruve;1;4;127;0;54;morreu
CSV;m0;selune_luar;durvall;3;dagruve;1;4;208;0;38;morreu
CSV;m0;selune_luar;durvall;4;dagruve;1;4;183;0;47;morreu
CSV;m0;selune_luar;durvall;5;dagruve;1;4;127;0;38;morreu
CSV;m0;selune_luar;durvall;6;dagruve;1;3;41;0;38;morreu
CSV;m1;selune_luar;durvall;1;dagruve;1;4;87;0;46;morreu
CSV;m1;selune_luar;durvall;2;dagruve;1;5;230;0;65;morreu
CSV;m1;selune_luar;durvall;3;dagruve;1;7;359;0;46;morreu
CSV;m1;selune_luar;durvall;4;dagruve;1;5;304;0;46;morreu
CSV;m1;selune_luar;durvall;5;dagruve;1;5;283;0;64;morreu
CSV;m1;selune_luar;durvall;6;dagruve;1;7;320;0;73;morreu
CSV;m0;selune_luar;kayron;1;dagruve;1;12;368;21;47;passou
CSV;m0;selune_luar;kayron;1;docas;12;16;524;36;188;passou
CSV;m0;selune_luar;kayron;1;shedaklah;16;20;331;0;194;morreu
CSV;m0;selune_luar;kayron;2;dagruve;1;13;381;47;122;passou
CSV;m0;selune_luar;kayron;2;docas;13;19;329;61;107;passou
CSV;m0;selune_luar;kayron;2;shedaklah;19;26;564;78;82;passou
CSV;m0;selune_luar;kayron;2;molor;26;32;604;35;517;?
CSV;m0;selune_luar;kayron;3;dagruve;1;5;91;0;38;morreu
CSV;m0;selune_luar;kayron;4;dagruve;1;5;335;0;53;morreu
CSV;m0;selune_luar;kayron;5;dagruve;1;12;890;58;121;passou
CSV;m0;selune_luar;kayron;5;docas;12;12;54;0;74;morreu
CSV;m0;selune_luar;kayron;6;dagruve;1;12;602;60;96;passou
CSV;m0;selune_luar;kayron;6;docas;12;18;326;0;128;morreu
CSV;m1;selune_luar;kayron;1;dagruve;1;12;663;39;155;passou
CSV;m1;selune_luar;kayron;1;docas;12;16;437;0;155;morreu
CSV;m1;selune_luar;kayron;2;dagruve;1;10;532;4;160;passou
CSV;m1;selune_luar;kayron;2;docas;10;15;418;42;158;passou
CSV;m1;selune_luar;kayron;2;shedaklah;15;16;75;0;67;morreu
CSV;m1;selune_luar;kayron;3;dagruve;1;5;200;0;46;morreu
CSV;m1;selune_luar;kayron;4;dagruve;1;13;628;18;47;passou
CSV;m1;selune_luar;kayron;4;docas;13;16;409;61;118;passou
CSV;m1;selune_luar;kayron;4;shedaklah;16;23;490;0;280;morreu
CSV;m1;selune_luar;kayron;5;dagruve;1;6;87;0;46;morreu
CSV;m1;selune_luar;kayron;6;dagruve;1;7;235;0;53;morreu
CSV;m0;selune_luar;korrak;1;dagruve;1;12;872;75;80;passou
CSV;m0;selune_luar;korrak;1;docas;12;16;414;74;78;passou
CSV;m0;selune_luar;korrak;1;shedaklah;16;24;1530;26;670;passou
CSV;m0;selune_luar;korrak;1;molor;24;29;1485;28;721;passou
CSV;m0;selune_luar;korrak;2;dagruve;1;12;860;76;159;passou
CSV;m0;selune_luar;korrak;2;docas;12;16;438;62;246;passou
CSV;m0;selune_luar;korrak;2;shedaklah;16;21;1122;0;859;morreu
CSV;m0;selune_luar;korrak;3;dagruve;1;11;741;66;118;passou
CSV;m0;selune_luar;korrak;3;docas;11;15;481;17;267;passou
CSV;m0;selune_luar;korrak;3;shedaklah;15;20;689;0;785;morreu
CSV;m0;selune_luar;korrak;4;dagruve;1;12;545;40;240;passou
CSV;m0;selune_luar;korrak;4;docas;12;16;373;47;339;passou
CSV;m0;selune_luar;korrak;4;shedaklah;16;17;69;0;179;morreu
CSV;m0;selune_luar;korrak;5;dagruve;1;11;344;73;97;passou
CSV;m0;selune_luar;korrak;5;docas;11;16;398;57;249;passou
CSV;m0;selune_luar;korrak;5;shedaklah;16;23;969;4;1131;passou
CSV;m0;selune_luar;korrak;5;molor;23;26;885;0;981;morreu
CSV;m0;selune_luar;korrak;6;dagruve;1;12;620;70;45;passou
CSV;m0;selune_luar;korrak;6;docas;12;16;443;67;184;passou
CSV;m0;selune_luar;korrak;6;shedaklah;16;24;2274;2;1434;passou
CSV;m0;selune_luar;korrak;6;molor;24;25;748;0;564;morreu
CSV;m1;selune_luar;korrak;1;dagruve;1;11;725;74;174;passou
CSV;m1;selune_luar;korrak;1;docas;11;15;481;67;223;passou
CSV;m1;selune_luar;korrak;1;shedaklah;15;25;2452;26;2356;passou
CSV;m1;selune_luar;korrak;1;molor;25;27;1497;0;1747;morreu
CSV;m1;selune_luar;korrak;2;dagruve;1;14;836;68;158;passou
CSV;m1;selune_luar;korrak;2;docas;14;18;353;66;191;passou
CSV;m1;selune_luar;korrak;2;shedaklah;18;22;690;0;384;morreu
CSV;m1;selune_luar;korrak;3;dagruve;1;12;376;80;70;passou
CSV;m1;selune_luar;korrak;3;docas;12;18;345;78;135;passou
CSV;m1;selune_luar;korrak;3;shedaklah;18;28;2297;21;2058;passou
CSV;m1;selune_luar;korrak;3;molor;28;33;1146;47;859;passou
CSV;m1;selune_luar;korrak;4;dagruve;1;13;880;72;121;passou
CSV;m1;selune_luar;korrak;4;docas;13;16;338;57;180;passou
CSV;m1;selune_luar;korrak;4;shedaklah;16;20;621;0;380;morreu
CSV;m1;selune_luar;korrak;5;dagruve;1;13;984;78;175;passou
CSV;m1;selune_luar;korrak;5;docas;13;16;385;65;174;passou
CSV;m1;selune_luar;korrak;5;shedaklah;16;22;1136;0;995;morreu
CSV;m1;selune_luar;korrak;6;dagruve;1;12;720;74;240;passou
CSV;m1;selune_luar;korrak;6;docas;12;15;596;42;427;passou
CSV;m1;selune_luar;korrak;6;shedaklah;15;15;46;0;85;morreu
CSV;m0;selune_luar;leoric;1;dagruve;1;5;203;0;32;morreu
CSV;m0;selune_luar;leoric;2;dagruve;1;14;1258;40;184;passou
CSV;m0;selune_luar;leoric;2;docas;14;17;689;45;227;passou
CSV;m0;selune_luar;leoric;2;shedaklah;17;17;60;0;67;morreu
CSV;m0;selune_luar;leoric;3;dagruve;1;6;284;0;34;morreu
CSV;m0;selune_luar;leoric;4;dagruve;1;4;105;0;32;morreu
CSV;m0;selune_luar;leoric;5;dagruve;1;8;440;0;97;morreu
CSV;m0;selune_luar;leoric;6;dagruve;1;4;50;0;33;morreu
CSV;m1;selune_luar;leoric;1;dagruve;1;5;129;0;42;morreu
CSV;m1;selune_luar;leoric;2;dagruve;1;6;103;0;48;morreu
CSV;m1;selune_luar;leoric;3;dagruve;1;11;698;2;182;passou
CSV;m1;selune_luar;leoric;3;docas;11;12;100;0;87;morreu
CSV;m1;selune_luar;leoric;4;dagruve;1;5;82;0;49;morreu
CSV;m1;selune_luar;leoric;5;dagruve;1;10;376;0;44;morreu
CSV;m1;selune_luar;leoric;6;dagruve;1;14;425;47;120;passou
CSV;m1;selune_luar;leoric;6;docas;14;14;51;0;56;morreu
CSV;m0;selune_luar;maelor;1;dagruve;1;12;496;43;199;passou
CSV;m0;selune_luar;maelor;1;docas;12;14;276;0;205;morreu
CSV;m0;selune_luar;maelor;2;dagruve;1;12;349;46;121;passou
CSV;m0;selune_luar;maelor;2;docas;12;13;61;0;50;morreu
CSV;m0;selune_luar;maelor;3;dagruve;1;12;358;59;141;passou
CSV;m0;selune_luar;maelor;3;docas;12;12;53;0;85;morreu
CSV;m0;selune_luar;maelor;4;dagruve;1;12;720;30;187;passou
CSV;m0;selune_luar;maelor;4;docas;12;16;523;50;247;passou
CSV;m0;selune_luar;maelor;4;shedaklah;16;16;83;0;89;morreu
CSV;m0;selune_luar;maelor;5;dagruve;1;12;783;50;159;passou
CSV;m0;selune_luar;maelor;5;docas;12;14;421;0;180;morreu
CSV;m0;selune_luar;maelor;6;dagruve;1;10;408;46;108;passou
CSV;m0;selune_luar;maelor;6;docas;10;15;459;12;241;passou
CSV;m0;selune_luar;maelor;6;shedaklah;15;18;441;0;314;morreu
CSV;m1;selune_luar;maelor;1;dagruve;1;10;394;69;62;passou
CSV;m1;selune_luar;maelor;1;docas;10;15;425;28;265;passou
CSV;m1;selune_luar;maelor;1;shedaklah;15;16;53;0;104;morreu
CSV;m1;selune_luar;maelor;2;dagruve;1;11;420;76;85;passou
CSV;m1;selune_luar;maelor;2;docas;11;17;366;47;165;passou
CSV;m1;selune_luar;maelor;2;shedaklah;17;23;1164;0;599;morreu
CSV;m1;selune_luar;maelor;3;dagruve;1;12;350;66;71;passou
CSV;m1;selune_luar;maelor;3;docas;12;14;166;0;116;morreu
CSV;m1;selune_luar;maelor;4;dagruve;1;13;330;23;135;passou
CSV;m1;selune_luar;maelor;4;docas;13;18;349;60;140;passou
CSV;m1;selune_luar;maelor;4;shedaklah;18;23;539;0;739;morreu
CSV;m1;selune_luar;maelor;5;dagruve;1;3;56;0;99;morreu
CSV;m1;selune_luar;maelor;6;dagruve;1;10;345;70;89;passou
CSV;m1;selune_luar;maelor;6;docas;10;16;367;47;225;passou
CSV;m1;selune_luar;maelor;6;shedaklah;16;16;74;0;65;morreu
CSV;m0;selune_luar;nyrelia;1;dagruve;1;6;238;0;34;morreu
CSV;m0;selune_luar;nyrelia;2;dagruve;1;12;1476;5;424;passou
CSV;m0;selune_luar;nyrelia;2;docas;12;14;713;0;373;morreu
CSV;m0;selune_luar;nyrelia;3;dagruve;1;5;264;0;46;morreu
CSV;m0;selune_luar;nyrelia;4;dagruve;1;12;2269;0;902;morreu
CSV;m0;selune_luar;nyrelia;5;dagruve;1;1;123;0;32;morreu
CSV;m0;selune_luar;nyrelia;6;dagruve;1;2;116;0;32;morreu
CSV;m1;selune_luar;nyrelia;1;dagruve;1;12;896;62;149;passou
CSV;m1;selune_luar;nyrelia;1;docas;12;15;607;31;168;passou
CSV;m1;selune_luar;nyrelia;1;shedaklah;15;18;469;0;216;morreu
CSV;m1;selune_luar;nyrelia;2;dagruve;1;6;389;0;70;morreu
CSV;m1;selune_luar;nyrelia;3;dagruve;1;3;218;0;40;morreu
CSV;m1;selune_luar;nyrelia;4;dagruve;1;11;897;26;236;passou
CSV;m1;selune_luar;nyrelia;4;docas;11;16;435;31;188;passou
CSV;m1;selune_luar;nyrelia;4;shedaklah;16;22;499;0;386;morreu
CSV;m1;selune_luar;nyrelia;5;dagruve;1;3;207;0;40;morreu
CSV;m1;selune_luar;nyrelia;6;dagruve;1;13;1437;61;251;passou
CSV;m1;selune_luar;nyrelia;6;docas;13;13;64;0;57;morreu
CSV;m0;selune_luar;sylas;1;dagruve;1;5;56;0;42;morreu
CSV;m0;selune_luar;sylas;2;dagruve;1;4;53;0;46;morreu
CSV;m0;selune_luar;sylas;3;dagruve;1;11;339;30;76;passou
CSV;m0;selune_luar;sylas;3;docas;11;13;174;0;50;morreu
CSV;m0;selune_luar;sylas;4;dagruve;1;11;200;0;40;morreu
CSV;m0;selune_luar;sylas;5;dagruve;1;8;172;0;36;morreu
CSV;m0;selune_luar;sylas;6;dagruve;1;13;439;71;61;passou
CSV;m0;selune_luar;sylas;6;docas;13;17;413;0;235;morreu
CSV;m1;selune_luar;sylas;1;dagruve;1;13;451;50;94;passou
CSV;m1;selune_luar;sylas;1;docas;13;17;466;36;267;passou
CSV;m1;selune_luar;sylas;1;shedaklah;17;20;696;0;361;morreu
CSV;m1;selune_luar;sylas;2;dagruve;1;14;331;55;49;passou
CSV;m1;selune_luar;sylas;2;docas;14;18;413;53;134;passou
CSV;m1;selune_luar;sylas;2;shedaklah;18;22;759;0;438;morreu
CSV;m1;selune_luar;sylas;3;dagruve;1;12;375;13;73;passou
CSV;m1;selune_luar;sylas;3;docas;12;14;143;0;41;morreu
CSV;m1;selune_luar;sylas;4;dagruve;1;14;321;11;126;passou
CSV;m1;selune_luar;sylas;4;docas;14;19;361;48;243;passou
CSV;m1;selune_luar;sylas;4;shedaklah;19;22;456;0;267;morreu
CSV;m1;selune_luar;sylas;5;dagruve;1;8;164;0;49;morreu
CSV;m1;selune_luar;sylas;6;dagruve;1;13;419;66;49;passou
CSV;m1;selune_luar;sylas;6;docas;13;16;424;22;148;passou
CSV;m1;selune_luar;sylas;6;shedaklah;16;22;1431;0;529;morreu
CSV;m0;selune_luar;zynara;1;dagruve;1;3;67;0;34;morreu
CSV;m0;selune_luar;zynara;2;dagruve;1;4;95;0;40;morreu
CSV;m0;selune_luar;zynara;3;dagruve;1;10;988;0;236;morreu
CSV;m0;selune_luar;zynara;4;dagruve;1;2;124;0;34;morreu
CSV;m0;selune_luar;zynara;5;dagruve;1;3;115;0;34;morreu
CSV;m0;selune_luar;zynara;6;dagruve;1;11;491;47;80;passou
CSV;m0;selune_luar;zynara;6;docas;11;13;172;0;69;morreu
CSV;m1;selune_luar;zynara;1;dagruve;1;11;573;2;74;passou
CSV;m1;selune_luar;zynara;1;docas;11;13;242;0;144;morreu
CSV;m1;selune_luar;zynara;2;dagruve;1;2;79;0;46;morreu
CSV;m1;selune_luar;zynara;3;dagruve;1;2;154;0;42;morreu
CSV;m1;selune_luar;zynara;4;dagruve;1;3;71;0;42;morreu
CSV;m1;selune_luar;zynara;5;dagruve;1;12;890;60;139;passou
CSV;m1;selune_luar;zynara;5;docas;12;17;497;11;210;passou
CSV;m1;selune_luar;zynara;5;shedaklah;17;17;79;0;83;morreu
CSV;m1;selune_luar;zynara;6;dagruve;1;5;68;0;48;morreu
CSV;m0;sendrinah_cura;bromnor;1;dagruve;1;11;447;91;5;passou
CSV;m0;sendrinah_cura;bromnor;1;docas;11;16;489;100;0;passou
CSV;m0;sendrinah_cura;bromnor;1;shedaklah;16;19;457;0;127;morreu
CSV;m0;sendrinah_cura;bromnor;2;dagruve;1;11;1032;100;0;passou
CSV;m0;sendrinah_cura;bromnor;2;docas;11;13;803;78;26;passou
CSV;m0;sendrinah_cura;bromnor;2;shedaklah;13;15;1664;0;408;morreu
CSV;m0;sendrinah_cura;bromnor;3;dagruve;1;9;867;96;2;?
CSV;m0;sendrinah_cura;bromnor;4;dagruve;1;14;1870;96;10;passou
CSV;m0;sendrinah_cura;bromnor;4;docas;14;17;450;55;66;passou
CSV;m0;sendrinah_cura;bromnor;4;shedaklah;17;18;667;0;88;morreu
CSV;m0;sendrinah_cura;bromnor;5;dagruve;1;11;1009;100;0;passou
CSV;m0;sendrinah_cura;bromnor;5;docas;11;13;577;94;4;passou
CSV;m0;sendrinah_cura;bromnor;5;shedaklah;13;16;1738;0;197;morreu
CSV;m0;sendrinah_cura;bromnor;6;dagruve;1;10;1372;82;17;passou
CSV;m0;sendrinah_cura;bromnor;6;docas;10;12;639;91;12;passou
CSV;m0;sendrinah_cura;bromnor;6;shedaklah;12;15;1931;0;473;morreu
CSV;m1;sendrinah_cura;bromnor;1;dagruve;1;12;2446;63;44;passou
CSV;m1;sendrinah_cura;bromnor;1;docas;12;16;607;43;82;passou
CSV;m1;sendrinah_cura;bromnor;1;shedaklah;16;19;1968;0;357;morreu
CSV;m1;sendrinah_cura;bromnor;2;dagruve;1;13;1661;79;22;passou
CSV;m1;sendrinah_cura;bromnor;2;docas;13;15;577;94;12;passou
CSV;m1;sendrinah_cura;bromnor;2;shedaklah;15;17;387;0;167;morreu
CSV;m1;sendrinah_cura;bromnor;3;dagruve;1;9;401;91;13;passou
CSV;m1;sendrinah_cura;bromnor;3;docas;9;15;456;98;1;passou
CSV;m1;sendrinah_cura;bromnor;3;shedaklah;15;23;1553;0;314;morreu
CSV;m1;sendrinah_cura;bromnor;4;dagruve;1;12;331;41;40;passou
CSV;m1;sendrinah_cura;bromnor;4;docas;12;16;340;74;42;passou
CSV;m1;sendrinah_cura;bromnor;4;shedaklah;16;23;571;97;2;passou
CSV;m1;sendrinah_cura;bromnor;4;molor;23;28;662;88;23;passou
CSV;m1;sendrinah_cura;bromnor;5;dagruve;1;13;1473;100;6;passou
CSV;m1;sendrinah_cura;bromnor;5;docas;13;17;474;66;30;passou
CSV;m1;sendrinah_cura;bromnor;5;shedaklah;17;22;566;0;83;morreu
CSV;m1;sendrinah_cura;bromnor;6;dagruve;1;13;2354;79;39;passou
CSV;m1;sendrinah_cura;bromnor;6;docas;13;14;661;82;17;passou
CSV;m1;sendrinah_cura;bromnor;6;shedaklah;14;16;904;0;139;morreu
CSV;m0;sendrinah_cura;brook;1;dagruve;1;4;54;0;48;morreu
CSV;m0;sendrinah_cura;brook;2;dagruve;1;11;719;100;0;passou
CSV;m0;sendrinah_cura;brook;2;docas;11;16;635;69;40;passou
CSV;m0;sendrinah_cura;brook;2;shedaklah;16;18;723;0;111;morreu
CSV;m0;sendrinah_cura;brook;3;dagruve;1;12;1293;0;73;morreu
CSV;m0;sendrinah_cura;brook;4;dagruve;1;3;57;0;47;morreu
CSV;m0;sendrinah_cura;brook;5;dagruve;1;12;1983;0;151;morreu
CSV;m0;sendrinah_cura;brook;6;dagruve;1;11;1434;42;95;passou
CSV;m0;sendrinah_cura;brook;6;docas;11;16;658;1;183;passou
CSV;m0;sendrinah_cura;brook;6;shedaklah;16;19;473;0;139;morreu
CSV;m1;sendrinah_cura;brook;1;dagruve;1;5;72;0;55;morreu
CSV;m1;sendrinah_cura;brook;2;dagruve;1;12;2019;0;147;morreu
CSV;m1;sendrinah_cura;brook;3;dagruve;1;13;1499;93;3;passou
CSV;m1;sendrinah_cura;brook;3;docas;13;15;723;93;3;passou
CSV;m1;sendrinah_cura;brook;3;shedaklah;15;18;1968;0;208;morreu
CSV;m1;sendrinah_cura;brook;4;dagruve;1;12;1270;81;57;passou
CSV;m1;sendrinah_cura;brook;4;docas;12;17;459;75;52;passou
CSV;m1;sendrinah_cura;brook;4;shedaklah;17;18;220;0;67;morreu
CSV;m1;sendrinah_cura;brook;5;dagruve;1;12;2201;35;179;passou
CSV;m1;sendrinah_cura;brook;5;docas;12;14;840;85;21;passou
CSV;m1;sendrinah_cura;brook;5;shedaklah;14;15;545;0;210;morreu
CSV;m1;sendrinah_cura;brook;6;dagruve;1;13;1569;84;18;passou
CSV;m1;sendrinah_cura;brook;6;docas;13;15;600;87;18;passou
CSV;m1;sendrinah_cura;brook;6;shedaklah;15;16;647;0;184;morreu
CSV;m0;sendrinah_cura;durvall;1;dagruve;1;11;2315;15;405;passou
CSV;m0;sendrinah_cura;durvall;1;docas;11;15;428;68;63;passou
CSV;m0;sendrinah_cura;durvall;1;shedaklah;15;17;1852;0;417;morreu
CSV;m0;sendrinah_cura;durvall;2;dagruve;1;12;1510;0;193;morreu
CSV;m0;sendrinah_cura;durvall;3;dagruve;1;10;993;17;88;passou
CSV;m0;sendrinah_cura;durvall;3;docas;10;11;155;0;52;morreu
CSV;m0;sendrinah_cura;durvall;4;dagruve;1;11;1565;0;337;morreu
CSV;m0;sendrinah_cura;durvall;5;dagruve;1;9;819;0;220;morreu
CSV;m0;sendrinah_cura;durvall;6;dagruve;1;3;43;0;41;morreu
CSV;m1;sendrinah_cura;durvall;1;dagruve;1;10;1023;0;200;morreu
CSV;m1;sendrinah_cura;durvall;2;dagruve;1;10;906;88;22;passou
CSV;m1;sendrinah_cura;durvall;2;docas;10;11;87;0;62;morreu
CSV;m1;sendrinah_cura;durvall;3;dagruve;1;14;1588;27;197;passou
CSV;m1;sendrinah_cura;durvall;3;docas;14;16;548;4;145;passou
CSV;m1;sendrinah_cura;durvall;3;shedaklah;16;16;52;0;81;morreu
CSV;m1;sendrinah_cura;durvall;4;dagruve;1;13;3708;53;160;passou
CSV;m1;sendrinah_cura;durvall;4;docas;13;14;565;99;0;passou
CSV;m1;sendrinah_cura;durvall;4;shedaklah;14;16;1063;0;139;morreu
CSV;m1;sendrinah_cura;durvall;5;dagruve;1;10;1382;54;87;passou
CSV;m1;sendrinah_cura;durvall;5;docas;10;10;66;0;75;morreu
CSV;m1;sendrinah_cura;durvall;6;dagruve;1;11;908;51;65;passou
CSV;m1;sendrinah_cura;durvall;6;docas;11;11;68;0;71;morreu
CSV;m0;sendrinah_cura;kayron;1;dagruve;1;11;375;90;4;passou
CSV;m0;sendrinah_cura;kayron;1;docas;11;16;318;35;47;passou
CSV;m0;sendrinah_cura;kayron;1;shedaklah;16;24;614;0;132;morreu
CSV;m0;sendrinah_cura;kayron;2;dagruve;1;10;508;90;10;passou
CSV;m0;sendrinah_cura;kayron;2;docas;10;12;296;0;58;morreu
CSV;m0;sendrinah_cura;kayron;3;dagruve;1;7;103;0;46;morreu
CSV;m0;sendrinah_cura;kayron;4;dagruve;1;12;326;62;26;passou
CSV;m0;sendrinah_cura;kayron;4;docas;12;17;335;75;48;passou
CSV;m0;sendrinah_cura;kayron;4;shedaklah;17;20;255;0;108;morreu
CSV;m0;sendrinah_cura;kayron;5;dagruve;1;3;67;0;42;morreu
CSV;m0;sendrinah_cura;kayron;6;dagruve;1;11;706;48;29;passou
CSV;m0;sendrinah_cura;kayron;6;docas;11;14;411;45;75;passou
CSV;m0;sendrinah_cura;kayron;6;shedaklah;14;15;54;0;79;morreu
CSV;m1;sendrinah_cura;kayron;1;dagruve;1;13;362;57;57;passou
CSV;m1;sendrinah_cura;kayron;1;docas;13;17;426;13;145;passou
CSV;m1;sendrinah_cura;kayron;1;shedaklah;17;19;557;0;82;morreu
CSV;m1;sendrinah_cura;kayron;2;dagruve;1;4;98;0;56;morreu
CSV;m1;sendrinah_cura;kayron;3;dagruve;1;11;1074;78;17;passou
CSV;m1;sendrinah_cura;kayron;3;docas;11;12;71;0;91;morreu
CSV;m1;sendrinah_cura;kayron;4;dagruve;1;12;527;72;24;passou
CSV;m1;sendrinah_cura;kayron;4;docas;12;16;427;10;197;passou
CSV;m1;sendrinah_cura;kayron;4;shedaklah;16;19;695;0;162;morreu
CSV;m1;sendrinah_cura;kayron;5;dagruve;1;12;821;64;42;passou
CSV;m1;sendrinah_cura;kayron;5;docas;12;16;383;67;106;passou
CSV;m1;sendrinah_cura;kayron;5;shedaklah;16;20;530;0;146;morreu
CSV;m1;sendrinah_cura;kayron;6;dagruve;1;12;944;97;1;passou
CSV;m1;sendrinah_cura;kayron;6;docas;12;16;595;74;39;passou
CSV;m1;sendrinah_cura;kayron;6;shedaklah;16;19;1655;0;210;morreu
CSV;m0;sendrinah_cura;korrak;1;dagruve;1;11;673;100;0;passou
CSV;m0;sendrinah_cura;korrak;1;docas;11;14;386;53;84;passou
CSV;m0;sendrinah_cura;korrak;1;shedaklah;14;23;1863;47;736;passou
CSV;m0;sendrinah_cura;korrak;1;molor;23;24;478;0;207;morreu
CSV;m0;sendrinah_cura;korrak;2;dagruve;1;13;1235;96;2;passou
CSV;m0;sendrinah_cura;korrak;2;docas;13;15;503;82;32;passou
CSV;m0;sendrinah_cura;korrak;2;shedaklah;15;17;680;0;154;morreu
CSV;m0;sendrinah_cura;korrak;3;dagruve;1;11;358;95;4;passou
CSV;m0;sendrinah_cura;korrak;3;docas;11;16;417;44;100;passou
CSV;m0;sendrinah_cura;korrak;3;shedaklah;16;24;1217;5;485;passou
CSV;m0;sendrinah_cura;korrak;3;molor;24;25;273;0;235;morreu
CSV;m0;sendrinah_cura;korrak;4;dagruve;1;11;617;83;37;passou
CSV;m0;sendrinah_cura;korrak;4;docas;11;14;451;75;19;passou
CSV;m0;sendrinah_cura;korrak;4;shedaklah;14;18;1108;0;560;morreu
CSV;m0;sendrinah_cura;korrak;5;dagruve;1;12;735;87;23;passou
CSV;m0;sendrinah_cura;korrak;5;docas;12;13;63;0;73;morreu
CSV;m0;sendrinah_cura;korrak;6;dagruve;1;12;401;94;4;passou
CSV;m0;sendrinah_cura;korrak;6;docas;12;17;369;67;121;passou
CSV;m0;sendrinah_cura;korrak;6;shedaklah;17;18;148;0;166;morreu
CSV;m1;sendrinah_cura;korrak;1;dagruve;1;10;602;99;1;passou
CSV;m1;sendrinah_cura;korrak;1;docas;10;16;396;72;36;passou
CSV;m1;sendrinah_cura;korrak;1;shedaklah;16;25;1271;15;587;passou
CSV;m1;sendrinah_cura;korrak;1;molor;25;27;458;0;769;morreu
CSV;m1;sendrinah_cura;korrak;2;dagruve;1;13;975;93;4;passou
CSV;m1;sendrinah_cura;korrak;2;docas;13;16;365;70;59;passou
CSV;m1;sendrinah_cura;korrak;2;shedaklah;16;27;7661;16;3723;cap_tempo
CSV;m1;sendrinah_cura;korrak;3;dagruve;1;10;408;81;35;passou
CSV;m1;sendrinah_cura;korrak;3;docas;10;17;348;83;112;passou
CSV;m1;sendrinah_cura;korrak;3;shedaklah;17;24;1584;0;684;morreu
CSV;m1;sendrinah_cura;korrak;4;dagruve;1;11;656;96;5;passou
CSV;m1;sendrinah_cura;korrak;4;docas;11;15;491;85;31;passou
CSV;m1;sendrinah_cura;korrak;4;shedaklah;15;23;1977;22;326;passou
CSV;m1;sendrinah_cura;korrak;4;molor;23;27;1008;0;297;morreu
CSV;m1;sendrinah_cura;korrak;5;dagruve;1;11;640;83;26;passou
CSV;m1;sendrinah_cura;korrak;5;docas;11;15;637;87;28;passou
CSV;m1;sendrinah_cura;korrak;5;shedaklah;15;17;500;0;166;morreu
CSV;m1;sendrinah_cura;korrak;6;dagruve;1;12;814;100;0;passou
CSV;m1;sendrinah_cura;korrak;6;docas;12;15;488;82;75;passou
CSV;m1;sendrinah_cura;korrak;6;shedaklah;15;24;7698;24;2061;cap_tempo
CSV;m0;sendrinah_cura;leoric;1;dagruve;1;4;165;0;48;morreu
CSV;m0;sendrinah_cura;leoric;2;dagruve;1;10;509;99;0;passou
CSV;m0;sendrinah_cura;leoric;2;docas;10;14;748;0;72;morreu
CSV;m0;sendrinah_cura;leoric;3;dagruve;1;10;639;87;18;passou
CSV;m0;sendrinah_cura;leoric;3;docas;10;11;62;0;45;morreu
CSV;m0;sendrinah_cura;leoric;4;dagruve;1;13;866;31;55;passou
CSV;m0;sendrinah_cura;leoric;4;docas;13;14;112;0;70;morreu
CSV;m0;sendrinah_cura;leoric;5;dagruve;1;12;712;94;4;passou
CSV;m0;sendrinah_cura;leoric;5;docas;12;15;275;0;84;morreu
CSV;m0;sendrinah_cura;leoric;6;dagruve;1;12;737;25;73;passou
CSV;m0;sendrinah_cura;leoric;6;docas;12;13;270;0;95;morreu
CSV;m1;sendrinah_cura;leoric;1;dagruve;1;11;557;71;41;passou
CSV;m1;sendrinah_cura;leoric;1;docas;11;13;301;0;54;morreu
CSV;m1;sendrinah_cura;leoric;2;dagruve;1;13;330;54;44;passou
CSV;m1;sendrinah_cura;leoric;2;docas;13;18;383;48;114;passou
CSV;m1;sendrinah_cura;leoric;2;shedaklah;18;24;553;94;13;passou
CSV;m1;sendrinah_cura;leoric;2;molor;24;31;596;20;207;passou
CSV;m1;sendrinah_cura;leoric;3;dagruve;1;14;1664;27;173;passou
CSV;m1;sendrinah_cura;leoric;3;docas;14;17;1071;81;58;passou
CSV;m1;sendrinah_cura;leoric;3;shedaklah;17;18;734;0;242;morreu
CSV;m1;sendrinah_cura;leoric;4;dagruve;1;11;610;84;23;passou
CSV;m1;sendrinah_cura;leoric;4;docas;11;16;523;59;89;passou
CSV;m1;sendrinah_cura;leoric;4;shedaklah;16;20;673;0;150;morreu
CSV;m1;sendrinah_cura;leoric;5;dagruve;1;12;343;44;29;passou
CSV;m1;sendrinah_cura;leoric;5;docas;12;18;378;71;60;passou
CSV;m1;sendrinah_cura;leoric;5;shedaklah;18;19;93;0;138;morreu
CSV;m1;sendrinah_cura;leoric;6;dagruve;1;14;327;85;15;passou
CSV;m1;sendrinah_cura;leoric;6;docas;14;19;361;80;14;passou
CSV;m1;sendrinah_cura;leoric;6;shedaklah;19;25;1695;0;697;morreu
CSV;m0;sendrinah_cura;maelor;1;dagruve;1;5;155;0;43;morreu
CSV;m0;sendrinah_cura;maelor;2;dagruve;1;11;337;100;0;passou
CSV;m0;sendrinah_cura;maelor;2;docas;11;17;341;48;53;passou
CSV;m0;sendrinah_cura;maelor;2;shedaklah;17;23;629;53;84;passou
CSV;m0;sendrinah_cura;maelor;2;molor;23;28;667;0;335;morreu
CSV;m0;sendrinah_cura;maelor;3;dagruve;1;11;348;72;11;passou
CSV;m0;sendrinah_cura;maelor;3;docas;11;16;524;2;209;passou
CSV;m0;sendrinah_cura;maelor;3;shedaklah;16;16;38;0;50;morreu
CSV;m0;sendrinah_cura;maelor;4;dagruve;1;14;2087;61;80;passou
CSV;m0;sendrinah_cura;maelor;4;docas;14;16;606;0;76;morreu
CSV;m0;sendrinah_cura;maelor;5;dagruve;1;12;1049;81;16;passou
CSV;m0;sendrinah_cura;maelor;5;docas;12;13;69;0;70;morreu
CSV;m0;sendrinah_cura;maelor;6;dagruve;1;12;747;63;44;passou
CSV;m0;sendrinah_cura;maelor;6;docas;12;12;121;0;56;morreu
CSV;m1;sendrinah_cura;maelor;1;dagruve;1;12;650;38;38;passou
CSV;m1;sendrinah_cura;maelor;1;docas;12;15;446;28;120;passou
CSV;m1;sendrinah_cura;maelor;1;shedaklah;15;20;1086;0;261;morreu
CSV;m1;sendrinah_cura;maelor;2;dagruve;1;12;511;64;56;passou
CSV;m1;sendrinah_cura;maelor;2;docas;12;15;585;63;61;passou
CSV;m1;sendrinah_cura;maelor;2;shedaklah;15;19;1334;0;475;morreu
CSV;m1;sendrinah_cura;maelor;3;dagruve;1;11;445;100;0;passou
CSV;m1;sendrinah_cura;maelor;3;docas;11;16;507;77;20;passou
CSV;m1;sendrinah_cura;maelor;3;shedaklah;16;18;620;0;218;morreu
CSV;m1;sendrinah_cura;maelor;4;dagruve;1;2;48;0;51;morreu
CSV;m1;sendrinah_cura;maelor;5;dagruve;1;3;59;0;68;morreu
CSV;m1;sendrinah_cura;maelor;6;dagruve;1;3;64;0;58;morreu
CSV;m0;sendrinah_cura;nyrelia;1;dagruve;1;13;1348;50;78;passou
CSV;m0;sendrinah_cura;nyrelia;1;docas;13;19;369;78;28;passou
CSV;m0;sendrinah_cura;nyrelia;1;shedaklah;19;21;607;0;92;morreu
CSV;m0;sendrinah_cura;nyrelia;2;dagruve;1;12;1079;44;71;passou
CSV;m0;sendrinah_cura;nyrelia;2;docas;12;14;408;0;96;morreu
CSV;m0;sendrinah_cura;nyrelia;3;dagruve;1;10;1145;0;92;morreu
CSV;m0;sendrinah_cura;nyrelia;4;dagruve;1;12;1841;31;137;passou
CSV;m0;sendrinah_cura;nyrelia;4;docas;12;18;405;25;55;passou
CSV;m0;sendrinah_cura;nyrelia;4;shedaklah;18;23;598;0;126;morreu
CSV;m0;sendrinah_cura;nyrelia;5;dagruve;1;8;390;48;51;passou
CSV;m0;sendrinah_cura;nyrelia;5;docas;8;15;596;23;208;passou
CSV;m0;sendrinah_cura;nyrelia;5;shedaklah;15;19;576;0;162;morreu
CSV;m0;sendrinah_cura;nyrelia;6;dagruve;1;11;793;56;35;passou
CSV;m0;sendrinah_cura;nyrelia;6;docas;11;13;338;0;95;morreu
CSV;m1;sendrinah_cura;nyrelia;1;dagruve;1;14;2002;60;129;passou
CSV;m1;sendrinah_cura;nyrelia;1;docas;14;16;790;79;45;passou
CSV;m1;sendrinah_cura;nyrelia;1;shedaklah;16;17;1187;0;174;morreu
CSV;m1;sendrinah_cura;nyrelia;2;dagruve;1;13;1834;3;312;passou
CSV;m1;sendrinah_cura;nyrelia;2;docas;13;15;530;79;27;passou
CSV;m1;sendrinah_cura;nyrelia;2;shedaklah;15;15;45;0;48;morreu
CSV;m1;sendrinah_cura;nyrelia;3;dagruve;1;11;773;81;21;passou
CSV;m1;sendrinah_cura;nyrelia;3;docas;11;17;394;96;18;passou
CSV;m1;sendrinah_cura;nyrelia;3;shedaklah;17;20;1381;0;634;morreu
CSV;m1;sendrinah_cura;nyrelia;4;dagruve;1;13;1502;26;184;passou
CSV;m1;sendrinah_cura;nyrelia;4;docas;13;15;840;24;189;passou
CSV;m1;sendrinah_cura;nyrelia;4;shedaklah;15;17;624;0;78;morreu
CSV;m1;sendrinah_cura;nyrelia;5;dagruve;1;9;320;75;10;passou
CSV;m1;sendrinah_cura;nyrelia;5;docas;9;16;448;70;47;passou
CSV;m1;sendrinah_cura;nyrelia;5;shedaklah;16;19;360;0;161;morreu
CSV;m1;sendrinah_cura;nyrelia;6;dagruve;1;6;454;0;55;morreu
CSV;m0;sendrinah_cura;sylas;1;dagruve;1;12;511;66;38;passou
CSV;m0;sendrinah_cura;sylas;1;docas;12;13;136;0;58;morreu
CSV;m0;sendrinah_cura;sylas;2;dagruve;1;13;356;87;5;passou
CSV;m0;sendrinah_cura;sylas;2;docas;13;14;147;0;107;morreu
CSV;m0;sendrinah_cura;sylas;3;dagruve;1;15;330;54;28;passou
CSV;m0;sendrinah_cura;sylas;3;docas;15;19;385;88;7;passou
CSV;m0;sendrinah_cura;sylas;3;shedaklah;19;23;518;0;219;morreu
CSV;m0;sendrinah_cura;sylas;4;dagruve;1;15;322;74;23;passou
CSV;m0;sendrinah_cura;sylas;4;docas;15;19;358;85;25;passou
CSV;m0;sendrinah_cura;sylas;4;shedaklah;19;22;281;0;113;morreu
CSV;m0;sendrinah_cura;sylas;5;dagruve;1;12;419;90;7;passou
CSV;m0;sendrinah_cura;sylas;5;docas;12;16;437;96;2;passou
CSV;m0;sendrinah_cura;sylas;5;shedaklah;16;22;1942;0;690;morreu
CSV;m0;sendrinah_cura;sylas;6;dagruve;1;12;490;62;56;passou
CSV;m0;sendrinah_cura;sylas;6;docas;12;13;219;0;57;morreu
CSV;m1;sendrinah_cura;sylas;1;dagruve;1;4;73;0;49;morreu
CSV;m1;sendrinah_cura;sylas;2;dagruve;1;13;415;96;1;passou
CSV;m1;sendrinah_cura;sylas;2;docas;13;17;411;22;146;passou
CSV;m1;sendrinah_cura;sylas;2;shedaklah;17;17;65;0;54;morreu
CSV;m1;sendrinah_cura;sylas;3;dagruve;1;12;360;100;0;passou
CSV;m1;sendrinah_cura;sylas;3;docas;12;16;459;47;110;passou
CSV;m1;sendrinah_cura;sylas;3;shedaklah;16;20;1196;0;214;morreu
CSV;m1;sendrinah_cura;sylas;4;dagruve;1;13;324;94;4;passou
CSV;m1;sendrinah_cura;sylas;4;docas;13;17;360;1;154;passou
CSV;m1;sendrinah_cura;sylas;4;shedaklah;17;23;841;10;444;passou
CSV;m1;sendrinah_cura;sylas;4;molor;23;25;595;0;348;morreu
CSV;m1;sendrinah_cura;sylas;5;dagruve;1;12;345;58;28;passou
CSV;m1;sendrinah_cura;sylas;5;docas;12;18;337;38;85;passou
CSV;m1;sendrinah_cura;sylas;5;shedaklah;18;25;654;55;162;passou
CSV;m1;sendrinah_cura;sylas;5;molor;25;25;94;0;78;morreu
CSV;m1;sendrinah_cura;sylas;6;dagruve;1;13;403;86;12;passou
CSV;m1;sendrinah_cura;sylas;6;docas;13;17;438;97;2;passou
CSV;m1;sendrinah_cura;sylas;6;shedaklah;17;21;899;0;229;morreu
CSV;m0;sendrinah_cura;zynara;1;dagruve;1;14;1530;5;74;passou
CSV;m0;sendrinah_cura;zynara;1;docas;14;16;676;61;61;passou
CSV;m0;sendrinah_cura;zynara;1;shedaklah;16;16;229;0;133;morreu
CSV;m0;sendrinah_cura;zynara;2;dagruve;1;12;1155;25;95;passou
CSV;m0;sendrinah_cura;zynara;2;docas;12;17;420;72;30;passou
CSV;m0;sendrinah_cura;zynara;2;shedaklah;17;18;977;0;113;morreu
CSV;m0;sendrinah_cura;zynara;3;dagruve;1;16;2407;73;55;passou
CSV;m0;sendrinah_cura;zynara;3;docas;16;17;938;77;32;passou
CSV;m0;sendrinah_cura;zynara;3;shedaklah;17;19;693;0;103;morreu
CSV;m0;sendrinah_cura;zynara;4;dagruve;1;12;1392;0;115;morreu
CSV;m0;sendrinah_cura;zynara;5;dagruve;1;7;535;0;72;morreu
CSV;m0;sendrinah_cura;zynara;6;dagruve;1;11;605;95;3;passou
CSV;m0;sendrinah_cura;zynara;6;docas;11;14;593;22;105;passou
CSV;m0;sendrinah_cura;zynara;6;shedaklah;14;16;657;0;97;morreu
CSV;m1;sendrinah_cura;zynara;1;dagruve;1;14;1524;86;10;passou
CSV;m1;sendrinah_cura;zynara;1;docas;14;16;510;83;19;passou
CSV;m1;sendrinah_cura;zynara;1;shedaklah;16;23;763;10;87;passou
CSV;m1;sendrinah_cura;zynara;1;molor;23;29;952;34;193;passou
CSV;m1;sendrinah_cura;zynara;2;dagruve;1;10;462;82;33;passou
CSV;m1;sendrinah_cura;zynara;2;docas;10;14;456;22;82;passou
CSV;m1;sendrinah_cura;zynara;2;shedaklah;14;17;747;0;143;morreu
CSV;m1;sendrinah_cura;zynara;3;dagruve;1;8;489;81;13;passou
CSV;m1;sendrinah_cura;zynara;3;docas;8;10;88;0;72;morreu
CSV;m1;sendrinah_cura;zynara;4;dagruve;1;3;72;0;49;morreu
CSV;m1;sendrinah_cura;zynara;5;dagruve;1;14;2190;48;83;passou
CSV;m1;sendrinah_cura;zynara;5;docas;14;15;388;0;58;morreu
CSV;m1;sendrinah_cura;zynara;6;dagruve;1;11;1121;80;27;passou
CSV;m1;sendrinah_cura;zynara;6;docas;11;16;507;28;233;passou
CSV;m1;sendrinah_cura;zynara;6;shedaklah;16;17;617;0;127;morreu
CSV;m0;sendrinah_vida;bromnor;1;dagruve;1;6;512;0;70;morreu
CSV;m0;sendrinah_vida;bromnor;2;dagruve;1;12;1404;67;215;passou
CSV;m0;sendrinah_vida;bromnor;2;docas;12;14;725;40;237;passou
CSV;m0;sendrinah_vida;bromnor;2;shedaklah;14;15;175;0;101;morreu
CSV;m0;sendrinah_vida;bromnor;3;dagruve;1;13;1332;64;106;passou
CSV;m0;sendrinah_vida;bromnor;3;docas;13;15;452;69;189;passou
CSV;m0;sendrinah_vida;bromnor;3;shedaklah;15;18;854;0;217;morreu
CSV;m0;sendrinah_vida;bromnor;4;dagruve;1;10;617;80;44;passou
CSV;m0;sendrinah_vida;bromnor;4;docas;10;13;581;31;102;passou
CSV;m0;sendrinah_vida;bromnor;4;shedaklah;13;16;797;0;123;morreu
CSV;m0;sendrinah_vida;bromnor;5;dagruve;1;10;897;0;85;morreu
CSV;m0;sendrinah_vida;bromnor;6;dagruve;1;14;2341;12;315;passou
CSV;m0;sendrinah_vida;bromnor;6;docas;14;18;391;91;37;passou
CSV;m0;sendrinah_vida;bromnor;6;shedaklah;18;21;652;0;208;morreu
CSV;m1;sendrinah_vida;bromnor;1;dagruve;1;13;991;36;125;passou
CSV;m1;sendrinah_vida;bromnor;1;docas;13;16;677;20;230;passou
CSV;m1;sendrinah_vida;bromnor;1;shedaklah;16;20;2617;0;742;morreu
CSV;m1;sendrinah_vida;bromnor;2;dagruve;1;11;647;24;76;passou
CSV;m1;sendrinah_vida;bromnor;2;docas;11;14;407;0;136;morreu
CSV;m1;sendrinah_vida;bromnor;3;dagruve;1;11;896;22;95;passou
CSV;m1;sendrinah_vida;bromnor;3;docas;11;13;482;40;109;passou
CSV;m1;sendrinah_vida;bromnor;3;shedaklah;13;15;855;0;250;morreu
CSV;m1;sendrinah_vida;bromnor;4;dagruve;1;10;1214;76;157;passou
CSV;m1;sendrinah_vida;bromnor;4;docas;10;14;461;48;181;passou
CSV;m1;sendrinah_vida;bromnor;4;shedaklah;14;16;307;0;220;morreu
CSV;m1;sendrinah_vida;bromnor;5;dagruve;1;10;998;65;62;passou
CSV;m1;sendrinah_vida;bromnor;5;docas;10;14;664;63;100;passou
CSV;m1;sendrinah_vida;bromnor;5;shedaklah;14;18;1986;0;719;morreu
CSV;m1;sendrinah_vida;bromnor;6;dagruve;1;12;985;73;135;passou
CSV;m1;sendrinah_vida;bromnor;6;docas;12;14;529;63;112;passou
CSV;m1;sendrinah_vida;bromnor;6;shedaklah;14;17;1176;0;355;morreu
CSV;m0;sendrinah_vida;brook;1;dagruve;1;14;2311;5;703;passou
CSV;m0;sendrinah_vida;brook;1;docas;14;15;69;0;93;morreu
CSV;m0;sendrinah_vida;brook;2;dagruve;1;7;575;0;126;morreu
CSV;m0;sendrinah_vida;brook;3;dagruve;1;6;478;0;64;morreu
CSV;m0;sendrinah_vida;brook;4;dagruve;1;8;464;0;64;morreu
CSV;m0;sendrinah_vida;brook;5;dagruve;1;3;313;0;65;morreu
CSV;m0;sendrinah_vida;brook;6;dagruve;1;9;636;0;73;morreu
CSV;m1;sendrinah_vida;brook;1;dagruve;1;13;1113;38;247;passou
CSV;m1;sendrinah_vida;brook;1;docas;13;14;247;0;220;morreu
CSV;m1;sendrinah_vida;brook;2;dagruve;1;4;294;0;72;morreu
CSV;m1;sendrinah_vida;brook;3;dagruve;1;4;72;0;68;morreu
CSV;m1;sendrinah_vida;brook;4;dagruve;1;10;1251;32;208;passou
CSV;m1;sendrinah_vida;brook;4;docas;10;14;382;0;182;morreu
CSV;m1;sendrinah_vida;brook;5;dagruve;1;3;238;0;68;morreu
CSV;m1;sendrinah_vida;brook;6;dagruve;1;8;875;80;119;passou
CSV;m1;sendrinah_vida;brook;6;docas;8;15;480;14;291;passou
CSV;m1;sendrinah_vida;brook;6;shedaklah;15;16;59;0;101;morreu
CSV;m0;sendrinah_vida;durvall;1;dagruve;1;7;557;0;76;morreu
CSV;m0;sendrinah_vida;durvall;2;dagruve;1;4;332;0;90;morreu
CSV;m0;sendrinah_vida;durvall;3;dagruve;1;6;444;0;73;morreu
CSV;m0;sendrinah_vida;durvall;4;dagruve;1;12;1440;31;374;passou
CSV;m0;sendrinah_vida;durvall;4;docas;12;15;572;71;177;passou
CSV;m0;sendrinah_vida;durvall;4;shedaklah;15;17;657;0;183;morreu
CSV;m0;sendrinah_vida;durvall;5;dagruve;1;8;769;0;148;morreu
CSV;m0;sendrinah_vida;durvall;6;dagruve;1;7;593;0;178;morreu
CSV;m1;sendrinah_vida;durvall;1;dagruve;1;7;463;0;99;morreu
CSV;m1;sendrinah_vida;durvall;2;dagruve;1;9;563;0;120;morreu
CSV;m1;sendrinah_vida;durvall;3;dagruve;1;6;184;0;66;morreu
CSV;m1;sendrinah_vida;durvall;4;dagruve;1;5;320;0;66;morreu
CSV;m1;sendrinah_vida;durvall;5;dagruve;1;5;424;0;72;morreu
CSV;m1;sendrinah_vida;durvall;6;dagruve;1;7;220;0;78;morreu
CSV;m0;sendrinah_vida;kayron;1;dagruve;1;4;81;0;68;morreu
CSV;m0;sendrinah_vida;kayron;2;dagruve;1;3;55;0;62;morreu
CSV;m0;sendrinah_vida;kayron;3;dagruve;1;10;532;44;143;passou
CSV;m0;sendrinah_vida;kayron;3;docas;10;17;379;68;236;passou
CSV;m0;sendrinah_vida;kayron;3;shedaklah;17;23;708;38;440;passou
CSV;m0;sendrinah_vida;kayron;3;molor;23;24;104;0;142;morreu
CSV;m0;sendrinah_vida;kayron;4;dagruve;1;9;481;0;113;morreu
CSV;m0;sendrinah_vida;kayron;5;dagruve;1;6;92;0;60;morreu
CSV;m0;sendrinah_vida;kayron;6;dagruve;1;10;432;37;126;passou
CSV;m0;sendrinah_vida;kayron;6;docas;10;11;64;0;58;morreu
CSV;m1;sendrinah_vida;kayron;1;dagruve;1;13;334;3;122;passou
CSV;m1;sendrinah_vida;kayron;1;docas;13;17;350;57;109;passou
CSV;m1;sendrinah_vida;kayron;1;shedaklah;17;18;87;0;99;morreu
CSV;m1;sendrinah_vida;kayron;2;dagruve;1;12;327;27;77;passou
CSV;m1;sendrinah_vida;kayron;2;docas;12;16;345;48;192;passou
CSV;m1;sendrinah_vida;kayron;2;shedaklah;16;17;139;0;151;morreu
CSV;m1;sendrinah_vida;kayron;3;dagruve;1;11;643;37;108;passou
CSV;m1;sendrinah_vida;kayron;3;docas;11;17;462;54;194;passou
CSV;m1;sendrinah_vida;kayron;3;shedaklah;17;21;962;0;664;morreu
CSV;m1;sendrinah_vida;kayron;4;dagruve;1;8;442;66;63;passou
CSV;m1;sendrinah_vida;kayron;4;docas;8;12;178;0;187;morreu
CSV;m1;sendrinah_vida;kayron;5;dagruve;1;10;253;0;66;morreu
CSV;m1;sendrinah_vida;kayron;6;dagruve;1;7;164;0;66;morreu
CSV;m0;sendrinah_vida;korrak;1;dagruve;1;12;375;63;201;passou
CSV;m0;sendrinah_vida;korrak;1;docas;12;16;442;67;362;passou
CSV;m0;sendrinah_vida;korrak;1;shedaklah;16;25;1665;0;2048;morreu
CSV;m0;sendrinah_vida;korrak;2;dagruve;1;11;389;83;84;passou
CSV;m0;sendrinah_vida;korrak;2;docas;11;17;461;72;194;passou
CSV;m0;sendrinah_vida;korrak;2;shedaklah;17;19;441;0;528;morreu
CSV;m0;sendrinah_vida;korrak;3;dagruve;1;12;421;73;121;passou
CSV;m0;sendrinah_vida;korrak;3;docas;12;16;383;51;257;passou
CSV;m0;sendrinah_vida;korrak;3;shedaklah;16;23;632;49;395;passou
CSV;m0;sendrinah_vida;korrak;3;molor;23;28;619;0;618;morreu
CSV;m0;sendrinah_vida;korrak;4;dagruve;1;12;338;61;259;passou
CSV;m0;sendrinah_vida;korrak;4;docas;12;16;430;50;303;passou
CSV;m0;sendrinah_vida;korrak;4;shedaklah;16;25;2670;1;2635;passou
CSV;m0;sendrinah_vida;korrak;4;molor;25;33;3000;0;3642;morreu
CSV;m0;sendrinah_vida;korrak;5;dagruve;1;10;348;55;101;passou
CSV;m0;sendrinah_vida;korrak;5;docas;10;16;400;50;253;passou
CSV;m0;sendrinah_vida;korrak;5;shedaklah;16;16;62;0;160;morreu
CSV;m0;sendrinah_vida;korrak;6;dagruve;1;12;795;69;344;passou
CSV;m0;sendrinah_vida;korrak;6;docas;12;15;380;65;184;passou
CSV;m0;sendrinah_vida;korrak;6;shedaklah;15;22;1034;0;1185;morreu
CSV;m1;sendrinah_vida;korrak;1;dagruve;1;12;327;80;125;passou
CSV;m1;sendrinah_vida;korrak;1;docas;12;17;344;85;75;passou
CSV;m1;sendrinah_vida;korrak;1;shedaklah;17;24;861;46;1035;passou
CSV;m1;sendrinah_vida;korrak;1;molor;24;30;595;32;631;passou
CSV;m1;sendrinah_vida;korrak;2;dagruve;1;12;694;70;190;passou
CSV;m1;sendrinah_vida;korrak;2;docas;12;15;445;63;196;passou
CSV;m1;sendrinah_vida;korrak;2;shedaklah;15;19;1159;0;656;morreu
CSV;m1;sendrinah_vida;korrak;3;dagruve;1;11;742;59;181;passou
CSV;m1;sendrinah_vida;korrak;3;docas;11;16;427;65;317;passou
CSV;m1;sendrinah_vida;korrak;3;shedaklah;16;21;1080;0;562;morreu
CSV;m1;sendrinah_vida;korrak;4;dagruve;1;13;1115;77;317;passou
CSV;m1;sendrinah_vida;korrak;4;docas;13;16;513;70;195;passou
CSV;m1;sendrinah_vida;korrak;4;shedaklah;16;24;3084;0;4080;morreu
CSV;m1;sendrinah_vida;korrak;5;dagruve;1;12;747;83;168;passou
CSV;m1;sendrinah_vida;korrak;5;docas;12;14;366;86;105;passou
CSV;m1;sendrinah_vida;korrak;5;shedaklah;14;18;540;0;389;morreu
CSV;m1;sendrinah_vida;korrak;6;dagruve;1;9;438;84;57;passou
CSV;m1;sendrinah_vida;korrak;6;docas;9;15;373;60;345;passou
CSV;m1;sendrinah_vida;korrak;6;shedaklah;15;20;863;0;1107;morreu
CSV;m0;sendrinah_vida;leoric;1;dagruve;1;5;158;0;65;morreu
CSV;m0;sendrinah_vida;leoric;2;dagruve;1;11;400;58;84;passou
CSV;m0;sendrinah_vida;leoric;2;docas;11;15;543;0;400;morreu
CSV;m0;sendrinah_vida;leoric;3;dagruve;1;5;177;0;54;morreu
CSV;m0;sendrinah_vida;leoric;4;dagruve;1;6;196;0;56;morreu
CSV;m0;sendrinah_vida;leoric;5;dagruve;1;4;102;0;54;morreu
CSV;m0;sendrinah_vida;leoric;6;dagruve;1;15;486;62;113;passou
CSV;m0;sendrinah_vida;leoric;6;docas;15;16;110;0;92;morreu
CSV;m1;sendrinah_vida;leoric;1;dagruve;1;11;365;8;130;passou
CSV;m1;sendrinah_vida;leoric;1;docas;11;15;466;3;365;passou
CSV;m1;sendrinah_vida;leoric;1;shedaklah;15;20;711;0;404;morreu
CSV;m1;sendrinah_vida;leoric;2;dagruve;1;5;83;0;68;morreu
CSV;m1;sendrinah_vida;leoric;3;dagruve;1;5;80;0;60;morreu
CSV;m1;sendrinah_vida;leoric;4;dagruve;1;13;332;45;76;passou
CSV;m1;sendrinah_vida;leoric;4;docas;13;18;331;54;144;passou
CSV;m1;sendrinah_vida;leoric;4;shedaklah;18;20;190;0;127;morreu
CSV;m1;sendrinah_vida;leoric;5;dagruve;1;6;193;0;62;morreu
CSV;m1;sendrinah_vida;leoric;6;dagruve;1;13;384;36;86;passou
CSV;m1;sendrinah_vida;leoric;6;docas;13;16;577;40;168;passou
CSV;m1;sendrinah_vida;leoric;6;shedaklah;16;19;822;0;484;morreu
CSV;m0;sendrinah_vida;maelor;1;dagruve;1;11;336;81;46;passou
CSV;m0;sendrinah_vida;maelor;1;docas;11;17;408;32;274;passou
CSV;m0;sendrinah_vida;maelor;1;shedaklah;17;20;574;0;327;morreu
CSV;m0;sendrinah_vida;maelor;2;dagruve;1;13;915;30;254;passou
CSV;m0;sendrinah_vida;maelor;2;docas;13;16;403;35;217;passou
CSV;m0;sendrinah_vida;maelor;2;shedaklah;16;20;1014;0;434;morreu
CSV;m0;sendrinah_vida;maelor;3;dagruve;1;10;339;56;74;passou
CSV;m0;sendrinah_vida;maelor;3;docas;10;15;373;66;197;passou
CSV;m0;sendrinah_vida;maelor;3;shedaklah;15;20;1193;0;1012;morreu
CSV;m0;sendrinah_vida;maelor;4;dagruve;1;11;539;68;170;passou
CSV;m0;sendrinah_vida;maelor;4;docas;11;14;499;19;296;passou
CSV;m0;sendrinah_vida;maelor;4;shedaklah;14;16;307;0;167;morreu
CSV;m0;sendrinah_vida;maelor;5;dagruve;1;12;821;54;235;passou
CSV;m0;sendrinah_vida;maelor;5;docas;12;12;187;0;149;morreu
CSV;m0;sendrinah_vida;maelor;6;dagruve;1;12;968;25;279;passou
CSV;m0;sendrinah_vida;maelor;6;docas;12;17;440;19;321;passou
CSV;m0;sendrinah_vida;maelor;6;shedaklah;17;20;1011;0;509;morreu
CSV;m1;sendrinah_vida;maelor;1;dagruve;1;11;345;82;75;passou
CSV;m1;sendrinah_vida;maelor;1;docas;11;13;123;0;128;morreu
CSV;m1;sendrinah_vida;maelor;2;dagruve;1;12;556;23;236;passou
CSV;m1;sendrinah_vida;maelor;2;docas;12;13;63;0;83;morreu
CSV;m1;sendrinah_vida;maelor;3;dagruve;1;11;770;63;218;passou
CSV;m1;sendrinah_vida;maelor;3;docas;11;15;790;62;352;passou
CSV;m1;sendrinah_vida;maelor;3;shedaklah;15;19;1109;0;679;morreu
CSV;m1;sendrinah_vida;maelor;4;dagruve;1;12;657;70;244;passou
CSV;m1;sendrinah_vida;maelor;4;docas;12;17;537;54;312;passou
CSV;m1;sendrinah_vida;maelor;4;shedaklah;17;20;601;0;275;morreu
CSV;m1;sendrinah_vida;maelor;5;dagruve;1;12;720;76;151;passou
CSV;m1;sendrinah_vida;maelor;5;docas;12;12;64;0;81;morreu
CSV;m1;sendrinah_vida;maelor;6;dagruve;1;13;992;62;270;passou
CSV;m1;sendrinah_vida;maelor;6;docas;13;16;697;26;383;passou
CSV;m1;sendrinah_vida;maelor;6;shedaklah;16;18;872;0;416;morreu
CSV;m0;sendrinah_vida;nyrelia;1;dagruve;1;12;2438;0;822;morreu
CSV;m0;sendrinah_vida;nyrelia;2;dagruve;1;5;250;0;52;morreu
CSV;m0;sendrinah_vida;nyrelia;3;dagruve;1;2;48;0;52;morreu
CSV;m0;sendrinah_vida;nyrelia;4;dagruve;1;4;201;0;52;morreu
CSV;m0;sendrinah_vida;nyrelia;5;dagruve;1;11;631;49;178;passou
CSV;m0;sendrinah_vida;nyrelia;5;docas;11;15;763;4;528;passou
CSV;m0;sendrinah_vida;nyrelia;5;shedaklah;15;18;718;0;615;morreu
CSV;m0;sendrinah_vida;nyrelia;6;dagruve;1;10;559;63;81;passou
CSV;m0;sendrinah_vida;nyrelia;6;docas;10;17;394;68;128;passou
CSV;m0;sendrinah_vida;nyrelia;6;shedaklah;17;24;957;4;510;passou
CSV;m0;sendrinah_vida;nyrelia;6;molor;24;25;304;0;335;morreu
CSV;m1;sendrinah_vida;nyrelia;1;dagruve;1;11;535;23;122;passou
CSV;m1;sendrinah_vida;nyrelia;1;docas;11;17;474;70;123;passou
CSV;m1;sendrinah_vida;nyrelia;1;shedaklah;17;18;50;0;80;morreu
CSV;m1;sendrinah_vida;nyrelia;2;dagruve;1;5;339;0;84;morreu
CSV;m1;sendrinah_vida;nyrelia;3;dagruve;1;3;163;0;62;morreu
CSV;m1;sendrinah_vida;nyrelia;4;dagruve;1;2;117;0;62;morreu
CSV;m1;sendrinah_vida;nyrelia;5;dagruve;1;12;989;70;156;passou
CSV;m1;sendrinah_vida;nyrelia;5;docas;12;16;468;57;235;passou
CSV;m1;sendrinah_vida;nyrelia;5;shedaklah;16;16;44;0;63;morreu
CSV;m1;sendrinah_vida;nyrelia;6;dagruve;1;1;68;0;60;morreu
CSV;m0;sendrinah_vida;sylas;1;dagruve;1;14;335;62;90;passou
CSV;m0;sendrinah_vida;sylas;1;docas;14;15;103;0;85;morreu
CSV;m0;sendrinah_vida;sylas;2;dagruve;1;13;318;23;64;passou
CSV;m0;sendrinah_vida;sylas;2;docas;13;16;216;0;66;morreu
CSV;m0;sendrinah_vida;sylas;3;dagruve;1;7;139;0;56;morreu
CSV;m0;sendrinah_vida;sylas;4;dagruve;1;13;324;56;122;passou
CSV;m0;sendrinah_vida;sylas;4;docas;13;18;347;80;149;passou
CSV;m0;sendrinah_vida;sylas;4;shedaklah;18;20;193;0;255;morreu
CSV;m0;sendrinah_vida;sylas;5;dagruve;1;7;179;0;62;morreu
CSV;m0;sendrinah_vida;sylas;6;dagruve;1;7;95;0;56;morreu
CSV;m1;sendrinah_vida;sylas;1;dagruve;1;12;536;76;126;passou
CSV;m1;sendrinah_vida;sylas;1;docas;12;16;390;75;139;passou
CSV;m1;sendrinah_vida;sylas;1;shedaklah;16;17;91;0;90;morreu
CSV;m1;sendrinah_vida;sylas;2;dagruve;1;12;391;46;80;passou
CSV;m1;sendrinah_vida;sylas;2;docas;12;17;481;70;259;passou
CSV;m1;sendrinah_vida;sylas;2;shedaklah;17;20;531;0;508;morreu
CSV;m1;sendrinah_vida;sylas;3;dagruve;1;11;369;7;187;passou
CSV;m1;sendrinah_vida;sylas;3;docas;11;16;476;60;198;passou
CSV;m1;sendrinah_vida;sylas;3;shedaklah;16;16;66;0;118;morreu
CSV;m1;sendrinah_vida;sylas;4;dagruve;1;15;312;20;54;passou
CSV;m1;sendrinah_vida;sylas;4;docas;15;19;327;30;83;passou
CSV;m1;sendrinah_vida;sylas;4;shedaklah;19;19;63;0;65;morreu
CSV;m1;sendrinah_vida;sylas;5;dagruve;1;14;337;70;75;passou
CSV;m1;sendrinah_vida;sylas;5;docas;14;18;343;51;107;passou
CSV;m1;sendrinah_vida;sylas;5;shedaklah;18;23;804;65;348;passou
CSV;m1;sendrinah_vida;sylas;5;molor;23;24;74;0;111;morreu
CSV;m1;sendrinah_vida;sylas;6;dagruve;1;20;2487;14;611;passou
CSV;m1;sendrinah_vida;sylas;6;docas;20;22;428;8;248;passou
CSV;m1;sendrinah_vida;sylas;6;shedaklah;22;23;526;0;242;morreu
CSV;m0;sendrinah_vida;zynara;1;dagruve;1;13;1747;0;501;morreu
CSV;m0;sendrinah_vida;zynara;2;dagruve;1;12;344;13;104;passou
CSV;m0;sendrinah_vida;zynara;2;docas;12;16;419;16;238;passou
CSV;m0;sendrinah_vida;zynara;2;shedaklah;16;17;83;0;81;morreu
CSV;m0;sendrinah_vida;zynara;3;dagruve;1;11;808;35;151;passou
CSV;m0;sendrinah_vida;zynara;3;docas;11;13;575;0;275;morreu
CSV;m0;sendrinah_vida;zynara;4;dagruve;1;11;542;48;152;passou
CSV;m0;sendrinah_vida;zynara;4;docas;11;12;117;0;78;morreu
CSV;m0;sendrinah_vida;zynara;5;dagruve;1;12;1005;48;234;passou
CSV;m0;sendrinah_vida;zynara;5;docas;12;15;593;32;262;passou
CSV;m0;sendrinah_vida;zynara;5;shedaklah;15;16;263;0;219;morreu
CSV;m0;sendrinah_vida;zynara;6;dagruve;1;8;432;0;77;morreu
CSV;m1;sendrinah_vida;zynara;1;dagruve;1;10;352;12;87;passou
CSV;m1;sendrinah_vida;zynara;1;docas;10;13;166;0;120;morreu
CSV;m1;sendrinah_vida;zynara;2;dagruve;1;11;681;18;153;passou
CSV;m1;sendrinah_vida;zynara;2;docas;11;16;459;19;223;passou
CSV;m1;sendrinah_vida;zynara;2;shedaklah;16;17;257;0;175;morreu
CSV;m1;sendrinah_vida;zynara;3;dagruve;1;12;1000;60;243;passou
CSV;m1;sendrinah_vida;zynara;3;docas;12;14;872;3;431;passou
CSV;m1;sendrinah_vida;zynara;3;shedaklah;14;17;2245;0;570;morreu
CSV;m1;sendrinah_vida;zynara;4;dagruve;1;11;449;75;82;passou
CSV;m1;sendrinah_vida;zynara;4;docas;11;15;413;28;147;passou
CSV;m1;sendrinah_vida;zynara;4;shedaklah;15;18;622;0;342;morreu
CSV;m1;sendrinah_vida;zynara;5;dagruve;1;7;409;0;62;morreu
CSV;m1;sendrinah_vida;zynara;6;dagruve;1;12;718;63;144;passou
CSV;m1;sendrinah_vida;zynara;6;docas;12;17;591;39;195;passou
CSV;m1;sendrinah_vida;zynara;6;shedaklah;17;21;772;0;258;morreu
CSV;m0;shar_noite;bromnor;1;dagruve;1;11;728;2;50;passou
CSV;m0;shar_noite;bromnor;1;docas;11;13;433;0;53;morreu
CSV;m0;shar_noite;bromnor;2;dagruve;1;12;438;80;52;passou
CSV;m0;shar_noite;bromnor;2;docas;12;16;403;55;191;passou
CSV;m0;shar_noite;bromnor;2;shedaklah;16;17;259;0;133;morreu
CSV;m0;shar_noite;bromnor;3;dagruve;1;7;630;0;50;morreu
CSV;m0;shar_noite;bromnor;4;dagruve;1;10;442;81;17;passou
CSV;m0;shar_noite;bromnor;4;docas;10;11;147;0;93;morreu
CSV;m0;shar_noite;bromnor;5;dagruve;1;8;487;54;68;passou
CSV;m0;shar_noite;bromnor;5;docas;8;14;206;0;192;morreu
CSV;m0;shar_noite;bromnor;6;dagruve;1;12;2355;24;510;passou
CSV;m0;shar_noite;bromnor;6;docas;12;14;612;35;243;passou
CSV;m0;shar_noite;bromnor;6;shedaklah;14;16;1382;0;469;morreu
CSV;m1;shar_noite;bromnor;1;dagruve;1;12;1446;7;144;passou
CSV;m1;shar_noite;bromnor;1;docas;12;14;741;57;126;passou
CSV;m1;shar_noite;bromnor;1;shedaklah;14;15;751;0;214;morreu
CSV;m1;shar_noite;bromnor;2;dagruve;1;11;1360;74;171;passou
CSV;m1;shar_noite;bromnor;2;docas;11;15;518;48;158;passou
CSV;m1;shar_noite;bromnor;2;shedaklah;15;18;1084;0;430;morreu
CSV;m1;shar_noite;bromnor;3;dagruve;1;13;3038;43;501;passou
CSV;m1;shar_noite;bromnor;3;docas;13;15;744;28;249;passou
CSV;m1;shar_noite;bromnor;3;shedaklah;15;17;510;0;218;morreu
CSV;m1;shar_noite;bromnor;4;dagruve;1;11;1656;58;232;passou
CSV;m1;shar_noite;bromnor;4;docas;11;13;671;0;126;morreu
CSV;m1;shar_noite;bromnor;5;dagruve;1;11;995;73;91;passou
CSV;m1;shar_noite;bromnor;5;docas;11;13;541;56;125;passou
CSV;m1;shar_noite;bromnor;5;shedaklah;13;15;634;0;291;morreu
CSV;m1;shar_noite;bromnor;6;dagruve;1;13;1671;65;266;passou
CSV;m1;shar_noite;bromnor;6;docas;13;16;444;45;157;passou
CSV;m1;shar_noite;bromnor;6;shedaklah;16;18;1562;0;403;morreu
CSV;m0;shar_noite;brook;1;dagruve;1;3;60;0;40;morreu
CSV;m0;shar_noite;brook;2;dagruve;1;11;759;53;168;passou
CSV;m0;shar_noite;brook;2;docas;11;15;479;49;199;passou
CSV;m0;shar_noite;brook;2;shedaklah;15;16;150;0;118;morreu
CSV;m0;shar_noite;brook;3;dagruve;1;10;1123;48;207;passou
CSV;m0;shar_noite;brook;3;docas;10;12;546;47;88;passou
CSV;m0;shar_noite;brook;3;shedaklah;12;12;113;0;84;morreu
CSV;m0;shar_noite;brook;4;dagruve;1;6;497;0;53;morreu
CSV;m0;shar_noite;brook;5;dagruve;1;2;250;0;40;morreu
CSV;m0;shar_noite;brook;6;dagruve;1;6;361;0;54;morreu
CSV;m1;shar_noite;brook;1;dagruve;1;9;627;41;42;passou
CSV;m1;shar_noite;brook;1;docas;9;15;423;69;115;passou
CSV;m1;shar_noite;brook;1;shedaklah;15;16;166;0;174;morreu
CSV;m1;shar_noite;brook;2;dagruve;1;12;522;54;86;passou
CSV;m1;shar_noite;brook;2;docas;12;15;541;66;177;passou
CSV;m1;shar_noite;brook;2;shedaklah;15;17;610;0;286;morreu
CSV;m1;shar_noite;brook;3;dagruve;1;12;905;21;126;passou
CSV;m1;shar_noite;brook;3;docas;12;12;58;0;64;morreu
CSV;m1;shar_noite;brook;4;dagruve;1;11;767;30;63;passou
CSV;m1;shar_noite;brook;4;docas;11;12;73;0;48;morreu
CSV;m1;shar_noite;brook;5;dagruve;1;10;1442;0;315;morreu
CSV;m1;shar_noite;brook;6;dagruve;1;8;304;0;50;morreu
CSV;m0;shar_noite;durvall;1;dagruve;1;4;48;0;38;morreu
CSV;m0;shar_noite;durvall;2;dagruve;1;5;479;0;38;morreu
CSV;m0;shar_noite;durvall;3;dagruve;1;9;1027;26;316;passou
CSV;m0;shar_noite;durvall;3;docas;9;11;132;0;104;morreu
CSV;m0;shar_noite;durvall;4;dagruve;1;4;303;0;38;morreu
CSV;m0;shar_noite;durvall;5;dagruve;1;3;49;0;40;morreu
CSV;m0;shar_noite;durvall;6;dagruve;1;4;109;0;38;morreu
CSV;m1;shar_noite;durvall;1;dagruve;1;5;309;0;50;morreu
CSV;m1;shar_noite;durvall;2;dagruve;1;10;1091;0;424;morreu
CSV;m1;shar_noite;durvall;3;dagruve;1;10;1066;0;265;passou
CSV;m1;shar_noite;durvall;3;docas;10;11;56;0;64;morreu
CSV;m1;shar_noite;durvall;4;dagruve;1;5;387;0;76;morreu
CSV;m1;shar_noite;durvall;5;dagruve;1;10;559;0;126;passou
CSV;m1;shar_noite;durvall;5;docas;10;11;135;0;74;morreu
CSV;m1;shar_noite;durvall;6;dagruve;1;5;115;0;46;morreu
CSV;m0;shar_noite;kayron;1;dagruve;1;8;168;0;38;morreu
CSV;m0;shar_noite;kayron;2;dagruve;1;5;250;0;42;morreu
CSV;m0;shar_noite;kayron;3;dagruve;1;12;315;29;62;passou
CSV;m0;shar_noite;kayron;3;docas;12;14;175;0;63;morreu
CSV;m0;shar_noite;kayron;4;dagruve;1;5;81;0;38;morreu
CSV;m0;shar_noite;kayron;5;dagruve;1;10;523;63;75;passou
CSV;m0;shar_noite;kayron;5;docas;10;14;432;0;210;morreu
CSV;m0;shar_noite;kayron;6;dagruve;1;13;1785;0;631;passou
CSV;m0;shar_noite;kayron;6;docas;13;13;0;34;0;?
CSV;m1;shar_noite;kayron;1;dagruve;1;5;51;0;46;morreu
CSV;m1;shar_noite;kayron;2;dagruve;1;6;277;0;50;morreu
CSV;m1;shar_noite;kayron;3;dagruve;1;3;55;0;52;morreu
CSV;m1;shar_noite;kayron;4;dagruve;1;7;217;0;46;morreu
CSV;m1;shar_noite;kayron;5;dagruve;1;4;68;0;48;morreu
CSV;m1;shar_noite;kayron;6;dagruve;1;10;442;25;100;passou
CSV;m1;shar_noite;kayron;6;docas;10;11;59;0;33;morreu
CSV;m0;shar_noite;korrak;1;dagruve;1;10;599;64;159;passou
CSV;m0;shar_noite;korrak;1;docas;10;12;370;79;93;passou
CSV;m0;shar_noite;korrak;1;shedaklah;12;19;3703;0;1886;morreu
CSV;m0;shar_noite;korrak;2;dagruve;1;9;480;48;143;passou
CSV;m0;shar_noite;korrak;2;docas;9;14;482;48;346;passou
CSV;m0;shar_noite;korrak;2;shedaklah;14;17;1493;0;966;morreu
CSV;m0;shar_noite;korrak;3;dagruve;1;11;631;69;88;passou
CSV;m0;shar_noite;korrak;3;docas;11;14;465;70;186;passou
CSV;m0;shar_noite;korrak;3;shedaklah;14;19;1024;0;798;morreu
CSV;m0;shar_noite;korrak;4;dagruve;1;9;526;70;105;passou
CSV;m0;shar_noite;korrak;4;docas;9;11;437;72;97;passou
CSV;m0;shar_noite;korrak;4;shedaklah;11;12;349;0;225;morreu
CSV;m0;shar_noite;korrak;5;dagruve;1;12;1074;47;376;passou
CSV;m0;shar_noite;korrak;5;docas;12;13;129;0;156;morreu
CSV;m0;shar_noite;korrak;6;dagruve;1;11;467;80;77;passou
CSV;m0;shar_noite;korrak;6;docas;11;16;457;59;192;passou
CSV;m0;shar_noite;korrak;6;shedaklah;16;26;1957;6;1651;passou
CSV;m0;shar_noite;korrak;6;molor;26;27;127;0;209;morreu
CSV;m1;shar_noite;korrak;1;dagruve;1;10;479;69;141;passou
CSV;m1;shar_noite;korrak;1;docas;10;15;511;68;230;passou
CSV;m1;shar_noite;korrak;1;shedaklah;15;20;1249;0;1651;morreu
CSV;m1;shar_noite;korrak;2;dagruve;1;13;908;63;192;passou
CSV;m1;shar_noite;korrak;2;docas;13;17;500;62;209;passou
CSV;m1;shar_noite;korrak;2;shedaklah;17;20;906;0;532;morreu
CSV;m1;shar_noite;korrak;3;dagruve;1;10;556;57;178;passou
CSV;m1;shar_noite;korrak;3;docas;10;14;484;43;237;passou
CSV;m1;shar_noite;korrak;3;shedaklah;14;21;3421;0;1773;morreu
CSV;m1;shar_noite;korrak;4;dagruve;1;11;1071;77;168;passou
CSV;m1;shar_noite;korrak;4;docas;11;13;421;65;186;passou
CSV;m1;shar_noite;korrak;4;shedaklah;13;18;1806;0;1096;morreu
CSV;m1;shar_noite;korrak;5;dagruve;1;9;758;57;177;passou
CSV;m1;shar_noite;korrak;5;docas;9;11;370;57;112;passou
CSV;m1;shar_noite;korrak;5;shedaklah;11;12;261;0;249;morreu
CSV;m1;shar_noite;korrak;6;dagruve;1;11;335;64;146;passou
CSV;m1;shar_noite;korrak;6;docas;11;16;376;44;279;passou
CSV;m1;shar_noite;korrak;6;shedaklah;16;21;564;0;800;morreu
CSV;m0;shar_noite;leoric;1;dagruve;1;2;58;0;34;morreu
CSV;m0;shar_noite;leoric;2;dagruve;1;6;96;0;40;morreu
CSV;m0;shar_noite;leoric;3;dagruve;1;2;42;0;32;morreu
CSV;m0;shar_noite;leoric;4;dagruve;1;9;189;0;36;morreu
CSV;m0;shar_noite;leoric;5;dagruve;1;11;559;65;105;passou
CSV;m0;shar_noite;leoric;5;docas;11;11;65;0;57;morreu
CSV;m0;shar_noite;leoric;6;dagruve;1;15;481;62;140;passou
CSV;m0;shar_noite;leoric;6;docas;15;17;470;20;315;passou
CSV;m0;shar_noite;leoric;6;shedaklah;17;20;774;3;355;morreu
CSV;m1;shar_noite;leoric;1;dagruve;1;11;519;32;119;passou
CSV;m1;shar_noite;leoric;1;docas;11;15;509;0;213;morreu
CSV;m1;shar_noite;leoric;2;dagruve;1;5;102;0;40;morreu
CSV;m1;shar_noite;leoric;3;dagruve;1;7;172;0;76;morreu
CSV;m1;shar_noite;leoric;4;dagruve;1;9;357;54;78;passou
CSV;m1;shar_noite;leoric;4;docas;9;11;94;0;100;morreu
CSV;m1;shar_noite;leoric;5;dagruve;1;3;89;0;40;morreu
CSV;m1;shar_noite;leoric;6;dagruve;1;14;319;75;121;passou
CSV;m1;shar_noite;leoric;6;docas;14;16;139;0;158;morreu
CSV;m0;shar_noite;maelor;1;dagruve;1;11;331;66;113;passou
CSV;m0;shar_noite;maelor;1;docas;11;16;338;76;133;passou
CSV;m0;shar_noite;maelor;1;shedaklah;16;24;632;15;501;passou
CSV;m0;shar_noite;maelor;1;molor;24;25;77;0;130;morreu
CSV;m0;shar_noite;maelor;2;dagruve;1;12;320;31;152;passou
CSV;m0;shar_noite;maelor;2;docas;12;16;380;4;185;passou
CSV;m0;shar_noite;maelor;2;shedaklah;16;21;627;0;233;morreu
CSV;m0;shar_noite;maelor;3;dagruve;1;12;540;32;163;passou
CSV;m0;shar_noite;maelor;3;docas;12;15;609;0;473;passou
CSV;m0;shar_noite;maelor;3;shedaklah;15;19;1571;0;881;morreu
CSV;m0;shar_noite;maelor;4;dagruve;1;12;522;56;144;passou
CSV;m0;shar_noite;maelor;4;docas;12;17;385;18;270;passou
CSV;m0;shar_noite;maelor;4;shedaklah;17;18;203;0;108;morreu
CSV;m0;shar_noite;maelor;5;dagruve;1;12;610;39;229;passou
CSV;m0;shar_noite;maelor;5;docas;12;15;459;8;338;passou
CSV;m0;shar_noite;maelor;5;shedaklah;15;21;1212;0;1014;morreu
CSV;m0;shar_noite;maelor;6;dagruve;1;14;328;44;153;passou
CSV;m0;shar_noite;maelor;6;docas;14;19;377;39;206;passou
CSV;m0;shar_noite;maelor;6;shedaklah;19;19;172;0;107;morreu
CSV;m1;shar_noite;maelor;1;dagruve;1;11;470;72;96;passou
CSV;m1;shar_noite;maelor;1;docas;11;14;532;38;349;passou
CSV;m1;shar_noite;maelor;1;shedaklah;14;14;39;0;77;morreu
CSV;m1;shar_noite;maelor;2;dagruve;1;11;392;64;103;passou
CSV;m1;shar_noite;maelor;2;docas;11;13;140;0;141;morreu
CSV;m1;shar_noite;maelor;3;dagruve;1;12;336;42;163;passou
CSV;m1;shar_noite;maelor;3;docas;12;18;332;50;236;passou
CSV;m1;shar_noite;maelor;3;shedaklah;18;20;128;0;196;morreu
CSV;m1;shar_noite;maelor;4;dagruve;1;10;335;46;104;passou
CSV;m1;shar_noite;maelor;4;docas;10;15;450;44;213;passou
CSV;m1;shar_noite;maelor;4;shedaklah;15;21;636;17;473;passou
CSV;m1;shar_noite;maelor;4;molor;21;22;105;0;161;morreu
CSV;m1;shar_noite;maelor;5;dagruve;1;11;573;19;194;passou
CSV;m1;shar_noite;maelor;5;docas;11;14;401;0;298;morreu
CSV;m1;shar_noite;maelor;6;dagruve;1;12;596;86;62;passou
CSV;m1;shar_noite;maelor;6;docas;12;16;432;13;269;passou
CSV;m1;shar_noite;maelor;6;shedaklah;16;17;194;0;182;morreu
CSV;m0;shar_noite;nyrelia;1;dagruve;1;1;45;0;32;morreu
CSV;m0;shar_noite;nyrelia;2;dagruve;1;5;346;0;40;morreu
CSV;m0;shar_noite;nyrelia;3;dagruve;1;1;46;0;32;morreu
CSV;m0;shar_noite;nyrelia;4;dagruve;1;6;569;0;132;morreu
CSV;m0;shar_noite;nyrelia;5;dagruve;1;1;46;0;32;morreu
CSV;m0;shar_noite;nyrelia;6;dagruve;1;2;134;0;32;morreu
CSV;m1;shar_noite;nyrelia;1;dagruve;1;5;302;0;42;morreu
CSV;m1;shar_noite;nyrelia;2;dagruve;1;6;442;0;130;morreu
CSV;m1;shar_noite;nyrelia;3;dagruve;1;8;682;0;298;morreu
CSV;m1;shar_noite;nyrelia;4;dagruve;1;1;51;0;40;morreu
CSV;m1;shar_noite;nyrelia;5;dagruve;1;11;1004;0;234;morreu
CSV;m1;shar_noite;nyrelia;6;dagruve;1;14;1694;24;423;passou
CSV;m1;shar_noite;nyrelia;6;docas;14;16;167;0;88;morreu
CSV;m0;shar_noite;sylas;1;dagruve;1;8;160;0;36;morreu
CSV;m0;shar_noite;sylas;2;dagruve;1;9;181;0;70;morreu
CSV;m0;shar_noite;sylas;3;dagruve;1;6;85;0;36;morreu
CSV;m0;shar_noite;sylas;4;dagruve;1;12;319;68;71;passou
CSV;m0;shar_noite;sylas;4;docas;12;17;358;44;201;passou
CSV;m0;shar_noite;sylas;4;shedaklah;17;23;971;0;697;morreu
CSV;m0;shar_noite;sylas;5;dagruve;1;7;109;0;36;morreu
CSV;m0;shar_noite;sylas;6;dagruve;1;7;143;0;36;morreu
CSV;m1;shar_noite;sylas;1;dagruve;1;14;328;56;119;passou
CSV;m1;shar_noite;sylas;1;docas;14;19;340;15;278;passou
CSV;m1;shar_noite;sylas;1;shedaklah;19;26;585;15;459;passou
CSV;m1;shar_noite;sylas;1;molor;26;26;70;0;170;morreu
CSV;m1;shar_noite;sylas;2;dagruve;1;11;365;68;57;passou
CSV;m1;shar_noite;sylas;2;docas;11;17;334;67;64;passou
CSV;m1;shar_noite;sylas;2;shedaklah;17;22;874;0;263;morreu
CSV;m1;shar_noite;sylas;3;dagruve;1;12;324;55;67;passou
CSV;m1;shar_noite;sylas;3;docas;12;17;322;0;196;morreu
CSV;m1;shar_noite;sylas;4;dagruve;1;12;358;75;63;passou
CSV;m1;shar_noite;sylas;4;docas;12;17;399;3;233;passou
CSV;m1;shar_noite;sylas;4;shedaklah;17;21;709;0;275;morreu
CSV;m1;shar_noite;sylas;5;dagruve;1;9;198;0;55;morreu
CSV;m1;shar_noite;sylas;6;dagruve;1;7;110;0;50;morreu
CSV;m0;shar_noite;zynara;1;dagruve;1;5;219;0;34;morreu
CSV;m0;shar_noite;zynara;2;dagruve;1;3;71;0;38;morreu
CSV;m0;shar_noite;zynara;3;dagruve;1;3;59;0;34;morreu
CSV;m0;shar_noite;zynara;4;dagruve;1;9;364;2;57;passou
CSV;m0;shar_noite;zynara;4;docas;9;11;87;0;52;morreu
CSV;m0;shar_noite;zynara;5;dagruve;1;6;158;0;34;morreu
CSV;m0;shar_noite;zynara;6;dagruve;1;7;535;0;131;morreu
CSV;m1;shar_noite;zynara;1;dagruve;1;5;322;0;63;morreu
CSV;m1;shar_noite;zynara;2;dagruve;1;4;105;0;46;morreu
CSV;m1;shar_noite;zynara;3;dagruve;1;7;491;0;129;morreu
CSV;m1;shar_noite;zynara;4;dagruve;1;11;427;78;77;passou
CSV;m1;shar_noite;zynara;4;docas;11;12;64;0;69;morreu
CSV;m1;shar_noite;zynara;5;dagruve;1;4;72;0;44;morreu
CSV;m1;shar_noite;zynara;6;dagruve;1;6;180;0;74;morreu
CSV;m0;shar_perda;bromnor;1;dagruve;1;10;982;39;115;passou
CSV;m0;shar_perda;bromnor;1;docas;10;13;559;11;162;passou
CSV;m0;shar_perda;bromnor;1;shedaklah;13;16;2112;0;471;morreu
CSV;m0;shar_perda;bromnor;2;dagruve;1;10;1367;79;147;passou
CSV;m0;shar_perda;bromnor;2;docas;10;16;425;72;64;passou
CSV;m0;shar_perda;bromnor;2;shedaklah;16;18;774;0;200;morreu
CSV;m0;shar_perda;bromnor;3;dagruve;1;11;2112;0;397;morreu
CSV;m0;shar_perda;bromnor;4;dagruve;1;4;157;0;48;morreu
CSV;m0;shar_perda;bromnor;5;dagruve;1;6;309;0;48;morreu
CSV;m0;shar_perda;bromnor;6;dagruve;1;11;1311;77;138;passou
CSV;m0;shar_perda;bromnor;6;docas;11;13;540;58;133;passou
CSV;m0;shar_perda;bromnor;6;shedaklah;13;13;229;0;141;morreu
CSV;m1;shar_perda;bromnor;1;dagruve;1;12;1532;61;238;passou
CSV;m1;shar_perda;bromnor;1;docas;12;14;488;46;196;passou
CSV;m1;shar_perda;bromnor;1;shedaklah;14;17;888;0;353;morreu
CSV;m1;shar_perda;bromnor;2;dagruve;1;10;977;70;146;passou
CSV;m1;shar_perda;bromnor;2;docas;10;14;619;31;185;passou
CSV;m1;shar_perda;bromnor;2;shedaklah;14;15;73;0;134;morreu
CSV;m1;shar_perda;bromnor;3;dagruve;1;11;1046;50;131;passou
CSV;m1;shar_perda;bromnor;3;docas;11;13;554;20;207;passou
CSV;m1;shar_perda;bromnor;3;shedaklah;13;16;1118;0;373;morreu
CSV;m1;shar_perda;bromnor;4;dagruve;1;11;1077;30;90;passou
CSV;m1;shar_perda;bromnor;4;docas;11;12;76;0;61;morreu
CSV;m1;shar_perda;bromnor;5;dagruve;1;14;3874;48;968;passou
CSV;m1;shar_perda;bromnor;5;docas;14;16;525;38;167;passou
CSV;m1;shar_perda;bromnor;5;shedaklah;16;22;1880;0;781;morreu
CSV;m1;shar_perda;bromnor;6;dagruve;1;12;1305;71;111;passou
CSV;m1;shar_perda;bromnor;6;docas;12;16;484;28;142;passou
CSV;m1;shar_perda;bromnor;6;shedaklah;16;18;349;0;114;morreu
CSV;m0;shar_perda;brook;1;dagruve;1;3;53;0;48;morreu
CSV;m0;shar_perda;brook;2;dagruve;1;10;2263;53;357;passou
CSV;m0;shar_perda;brook;2;docas;10;12;903;40;224;passou
CSV;m0;shar_perda;brook;2;shedaklah;12;12;188;0;100;morreu
CSV;m0;shar_perda;brook;3;dagruve;1;2;219;0;40;morreu
CSV;m0;shar_perda;brook;4;dagruve;1;2;174;0;42;morreu
CSV;m0;shar_perda;brook;5;dagruve;1;2;53;0;40;morreu
CSV;m0;shar_perda;brook;6;dagruve;1;9;948;0;120;morreu
CSV;m1;shar_perda;brook;1;dagruve;1;9;938;0;200;morreu
CSV;m1;shar_perda;brook;2;dagruve;1;13;2613;13;717;passou
CSV;m1;shar_perda;brook;2;docas;13;14;522;56;146;passou
CSV;m1;shar_perda;brook;2;shedaklah;14;15;956;0;334;morreu
CSV;m1;shar_perda;brook;3;dagruve;1;12;2305;56;385;passou
CSV;m1;shar_perda;brook;3;docas;12;14;496;0;128;morreu
CSV;m1;shar_perda;brook;4;dagruve;1;9;789;0;138;morreu
CSV;m1;shar_perda;brook;5;dagruve;1;9;751;0;69;morreu
CSV;m1;shar_perda;brook;6;dagruve;1;10;969;54;86;passou
CSV;m1;shar_perda;brook;6;docas;10;13;651;0;248;morreu
CSV;m0;shar_perda;durvall;1;dagruve;1;3;174;0;38;morreu
CSV;m0;shar_perda;durvall;2;dagruve;1;5;200;0;38;morreu
CSV;m0;shar_perda;durvall;3;dagruve;1;4;297;0;38;morreu
CSV;m0;shar_perda;durvall;4;dagruve;1;2;49;0;47;morreu
CSV;m0;shar_perda;durvall;5;dagruve;1;2;98;0;40;morreu
CSV;m0;shar_perda;durvall;6;dagruve;1;4;258;0;81;morreu
CSV;m1;shar_perda;durvall;1;dagruve;1;10;1923;0;486;morreu
CSV;m1;shar_perda;durvall;2;dagruve;1;5;382;0;49;morreu
CSV;m1;shar_perda;durvall;3;dagruve;1;4;132;0;46;morreu
CSV;m1;shar_perda;durvall;4;dagruve;1;8;530;0;141;morreu
CSV;m1;shar_perda;durvall;5;dagruve;1;7;406;0;87;morreu
CSV;m1;shar_perda;durvall;6;dagruve;1;5;302;0;55;morreu
CSV;m0;shar_perda;kayron;1;dagruve;1;12;1052;63;173;passou
CSV;m0;shar_perda;kayron;1;docas;12;15;226;0;115;morreu
CSV;m0;shar_perda;kayron;2;dagruve;1;3;112;0;42;morreu
CSV;m0;shar_perda;kayron;3;dagruve;1;3;68;0;38;morreu
CSV;m0;shar_perda;kayron;4;dagruve;1;8;355;0;57;morreu
CSV;m0;shar_perda;kayron;5;dagruve;1;9;417;68;64;passou
CSV;m0;shar_perda;kayron;5;docas;9;11;228;0;118;morreu
CSV;m0;shar_perda;kayron;6;dagruve;1;5;159;0;38;morreu
CSV;m1;shar_perda;kayron;1;dagruve;1;4;93;0;58;morreu
CSV;m1;shar_perda;kayron;2;dagruve;1;10;395;73;66;passou
CSV;m1;shar_perda;kayron;2;docas;10;16;328;66;127;passou
CSV;m1;shar_perda;kayron;2;shedaklah;16;22;719;0;418;morreu
CSV;m1;shar_perda;kayron;3;dagruve;1;1;44;0;46;morreu
CSV;m1;shar_perda;kayron;4;dagruve;1;5;138;0;46;morreu
CSV;m1;shar_perda;kayron;5;dagruve;1;8;359;0;69;morreu
CSV;m1;shar_perda;kayron;6;dagruve;1;5;126;0;58;morreu
CSV;m0;shar_perda;korrak;1;dagruve;1;9;747;75;157;passou
CSV;m0;shar_perda;korrak;1;docas;9;14;602;75;250;passou
CSV;m0;shar_perda;korrak;1;shedaklah;14;22;2767;0;1653;morreu
CSV;m0;shar_perda;korrak;2;dagruve;1;10;740;72;173;passou
CSV;m0;shar_perda;korrak;2;docas;10;13;440;29;251;passou
CSV;m0;shar_perda;korrak;2;shedaklah;13;16;931;0;437;morreu
CSV;m0;shar_perda;korrak;3;dagruve;1;11;494;76;64;passou
CSV;m0;shar_perda;korrak;3;docas;11;14;454;45;217;passou
CSV;m0;shar_perda;korrak;3;shedaklah;14;19;1405;0;468;morreu
CSV;m0;shar_perda;korrak;4;dagruve;1;13;1225;64;202;passou
CSV;m0;shar_perda;korrak;4;docas;13;17;449;44;216;passou
CSV;m0;shar_perda;korrak;4;shedaklah;17;19;830;0;332;morreu
CSV;m0;shar_perda;korrak;5;dagruve;1;9;590;58;192;passou
CSV;m0;shar_perda;korrak;5;docas;9;14;566;53;158;passou
CSV;m0;shar_perda;korrak;5;shedaklah;14;16;443;0;343;morreu
CSV;m0;shar_perda;korrak;6;dagruve;1;12;390;56;237;passou
CSV;m0;shar_perda;korrak;6;docas;12;15;409;48;239;passou
CSV;m0;shar_perda;korrak;6;shedaklah;15;26;2419;19;2154;passou
CSV;m0;shar_perda;korrak;6;molor;26;30;592;0;1044;morreu
CSV;m1;shar_perda;korrak;1;dagruve;1;10;727;56;162;passou
CSV;m1;shar_perda;korrak;1;docas;10;14;430;60;355;passou
CSV;m1;shar_perda;korrak;1;shedaklah;14;15;264;0;212;morreu
CSV;m1;shar_perda;korrak;2;dagruve;1;11;694;74;201;passou
CSV;m1;shar_perda;korrak;2;docas;11;15;356;40;226;passou
CSV;m1;shar_perda;korrak;2;shedaklah;15;22;1675;23;1093;passou
CSV;m1;shar_perda;korrak;2;molor;22;24;492;0;812;morreu
CSV;m1;shar_perda;korrak;3;dagruve;1;11;719;87;56;passou
CSV;m1;shar_perda;korrak;3;docas;11;14;414;35;171;passou
CSV;m1;shar_perda;korrak;3;shedaklah;14;24;1487;35;1052;passou
CSV;m1;shar_perda;korrak;3;molor;24;29;878;55;869;passou
CSV;m1;shar_perda;korrak;4;dagruve;1;9;377;70;101;passou
CSV;m1;shar_perda;korrak;4;docas;9;15;351;56;262;passou
CSV;m1;shar_perda;korrak;4;shedaklah;15;19;455;0;622;morreu
CSV;m1;shar_perda;korrak;5;dagruve;1;9;428;81;72;passou
CSV;m1;shar_perda;korrak;5;docas;9;14;412;47;221;passou
CSV;m1;shar_perda;korrak;5;shedaklah;14;17;1005;0;587;morreu
CSV;m1;shar_perda;korrak;6;dagruve;1;11;750;82;102;passou
CSV;m1;shar_perda;korrak;6;docas;11;14;382;53;209;passou
CSV;m1;shar_perda;korrak;6;shedaklah;14;20;2642;0;1748;morreu
CSV;m0;shar_perda;leoric;1;dagruve;1;3;101;0;34;morreu
CSV;m0;shar_perda;leoric;2;dagruve;1;4;84;0;40;morreu
CSV;m0;shar_perda;leoric;3;dagruve;1;5;188;0;32;morreu
CSV;m0;shar_perda;leoric;4;dagruve;1;12;1109;37;218;passou
CSV;m0;shar_perda;leoric;4;docas;12;16;574;3;236;passou
CSV;m0;shar_perda;leoric;4;shedaklah;16;20;868;0;186;morreu
CSV;m0;shar_perda;leoric;5;dagruve;1;4;154;0;32;morreu
CSV;m0;shar_perda;leoric;6;dagruve;1;14;329;71;91;passou
CSV;m0;shar_perda;leoric;6;docas;14;18;379;32;215;passou
CSV;m0;shar_perda;leoric;6;shedaklah;18;20;373;0;180;morreu
CSV;m1;shar_perda;leoric;1;dagruve;1;4;55;0;40;morreu
CSV;m1;shar_perda;leoric;2;dagruve;1;6;99;0;49;morreu
CSV;m1;shar_perda;leoric;3;dagruve;1;4;117;0;40;morreu
CSV;m1;shar_perda;leoric;4;dagruve;1;6;164;0;40;morreu
CSV;m1;shar_perda;leoric;5;dagruve;1;3;97;0;48;morreu
CSV;m1;shar_perda;leoric;6;dagruve;1;13;391;78;75;passou
CSV;m1;shar_perda;leoric;6;docas;13;16;585;30;334;passou
CSV;m1;shar_perda;leoric;6;shedaklah;16;18;598;0;537;morreu
CSV;m0;shar_perda;maelor;1;dagruve;1;10;321;61;68;passou
CSV;m0;shar_perda;maelor;1;docas;10;14;365;23;159;passou
CSV;m0;shar_perda;maelor;1;shedaklah;14;17;266;0;262;morreu
CSV;m0;shar_perda;maelor;2;dagruve;1;11;598;9;232;passou
CSV;m0;shar_perda;maelor;2;docas;11;11;68;0;45;morreu
CSV;m0;shar_perda;maelor;3;dagruve;1;11;776;65;171;passou
CSV;m0;shar_perda;maelor;3;docas;11;12;66;0;70;morreu
CSV;m0;shar_perda;maelor;4;dagruve;1;9;476;59;125;passou
CSV;m0;shar_perda;maelor;4;docas;9;13;471;9;360;passou
CSV;m0;shar_perda;maelor;4;shedaklah;13;14;45;0;83;morreu
CSV;m0;shar_perda;maelor;5;dagruve;1;13;1746;47;426;passou
CSV;m0;shar_perda;maelor;5;docas;13;14;373;0;159;morreu
CSV;m0;shar_perda;maelor;6;dagruve;1;11;745;58;252;passou
CSV;m0;shar_perda;maelor;6;docas;11;11;73;0;68;morreu
CSV;m1;shar_perda;maelor;1;dagruve;1;11;469;67;99;passou
CSV;m1;shar_perda;maelor;1;docas;11;12;50;0;48;morreu
CSV;m1;shar_perda;maelor;2;dagruve;1;10;364;49;144;passou
CSV;m1;shar_perda;maelor;2;docas;10;12;93;0;106;morreu
CSV;m1;shar_perda;maelor;3;dagruve;1;10;395;66;82;passou
CSV;m1;shar_perda;maelor;3;docas;10;14;475;71;169;passou
CSV;m1;shar_perda;maelor;3;shedaklah;14;15;65;0;108;morreu
CSV;m1;shar_perda;maelor;4;dagruve;1;10;334;56;67;passou
CSV;m1;shar_perda;maelor;4;docas;10;11;63;0;69;morreu
CSV;m1;shar_perda;maelor;5;dagruve;1;11;630;61;108;passou
CSV;m1;shar_perda;maelor;5;docas;11;11;66;0;57;morreu
CSV;m1;shar_perda;maelor;6;dagruve;1;3;125;0;94;morreu
CSV;m0;shar_perda;nyrelia;1;dagruve;1;4;234;0;34;morreu
CSV;m0;shar_perda;nyrelia;2;dagruve;1;9;647;4;104;passou
CSV;m0;shar_perda;nyrelia;2;docas;9;14;569;35;112;passou
CSV;m0;shar_perda;nyrelia;2;shedaklah;14;14;42;0;37;morreu
CSV;m0;shar_perda;nyrelia;3;dagruve;1;5;208;0;42;morreu
CSV;m0;shar_perda;nyrelia;4;dagruve;1;2;158;0;32;morreu
CSV;m0;shar_perda;nyrelia;5;dagruve;1;11;1532;0;495;morreu
CSV;m0;shar_perda;nyrelia;6;dagruve;1;2;116;0;32;morreu
CSV;m1;shar_perda;nyrelia;1;dagruve;1;7;325;0;68;morreu
CSV;m1;shar_perda;nyrelia;2;dagruve;1;2;124;0;42;morreu
CSV;m1;shar_perda;nyrelia;3;dagruve;1;10;452;30;90;passou
CSV;m1;shar_perda;nyrelia;3;docas;10;17;430;55;135;passou
CSV;m1;shar_perda;nyrelia;3;shedaklah;17;18;457;0;238;morreu
CSV;m1;shar_perda;nyrelia;4;dagruve;1;10;1234;0;465;morreu
CSV;m1;shar_perda;nyrelia;5;dagruve;1;1;99;0;40;morreu
CSV;m1;shar_perda;nyrelia;6;dagruve;1;4;253;0;42;morreu
CSV;m0;shar_perda;sylas;1;dagruve;1;4;57;0;36;morreu
CSV;m0;shar_perda;sylas;2;dagruve;1;12;219;0;45;morreu
CSV;m0;shar_perda;sylas;3;dagruve;1;7;159;0;38;morreu
CSV;m0;shar_perda;sylas;4;dagruve;1;13;457;42;99;passou
CSV;m0;shar_perda;sylas;4;docas;13;15;205;0;96;morreu
CSV;m0;shar_perda;sylas;5;dagruve;1;11;397;52;76;passou
CSV;m0;shar_perda;sylas;5;docas;11;15;423;0;274;morreu
CSV;m0;shar_perda;sylas;6;dagruve;1;11;416;45;125;passou
CSV;m0;shar_perda;sylas;6;docas;11;15;421;32;142;passou
CSV;m0;shar_perda;sylas;6;shedaklah;15;18;609;0;197;morreu
CSV;m1;shar_perda;sylas;1;dagruve;1;11;408;10;105;passou
CSV;m1;shar_perda;sylas;1;docas;11;16;428;28;180;passou
CSV;m1;shar_perda;sylas;1;shedaklah;16;20;555;0;378;morreu
CSV;m1;shar_perda;sylas;2;dagruve;1;8;159;0;50;morreu
CSV;m1;shar_perda;sylas;3;dagruve;1;12;355;36;95;passou
CSV;m1;shar_perda;sylas;3;docas;12;16;415;46;179;passou
CSV;m1;shar_perda;sylas;3;shedaklah;16;21;485;0;353;morreu
CSV;m1;shar_perda;sylas;4;dagruve;1;11;426;70;122;passou
CSV;m1;shar_perda;sylas;4;docas;11;15;475;9;243;passou
CSV;m1;shar_perda;sylas;4;shedaklah;15;15;51;0;51;morreu
CSV;m1;shar_perda;sylas;5;dagruve;1;12;401;42;75;passou
CSV;m1;shar_perda;sylas;5;docas;12;18;362;61;136;passou
CSV;m1;shar_perda;sylas;5;shedaklah;18;24;705;21;428;passou
CSV;m1;shar_perda;sylas;5;molor;24;25;217;0;197;morreu
CSV;m1;shar_perda;sylas;6;dagruve;1;11;337;2;76;passou
CSV;m1;shar_perda;sylas;6;docas;11;12;63;0;16;morreu
CSV;m0;shar_perda;zynara;1;dagruve;1;2;65;0;34;morreu
CSV;m0;shar_perda;zynara;2;dagruve;1;5;293;0;38;morreu
CSV;m0;shar_perda;zynara;3;dagruve;1;6;185;0;34;morreu
CSV;m0;shar_perda;zynara;4;dagruve;1;2;135;0;34;morreu
CSV;m0;shar_perda;zynara;5;dagruve;1;9;687;0;206;morreu
CSV;m0;shar_perda;zynara;6;dagruve;1;7;86;0;44;morreu
CSV;m1;shar_perda;zynara;1;dagruve;1;12;316;11;38;passou
CSV;m1;shar_perda;zynara;1;docas;12;13;91;0;52;morreu
CSV;m1;shar_perda;zynara;2;dagruve;1;13;2083;4;716;passou
CSV;m1;shar_perda;zynara;2;docas;13;16;697;17;354;passou
CSV;m1;shar_perda;zynara;2;shedaklah;16;17;563;0;290;morreu
CSV;m1;shar_perda;zynara;3;dagruve;1;13;1508;23;402;passou
CSV;m1;shar_perda;zynara;3;docas;13;15;547;45;184;passou
CSV;m1;shar_perda;zynara;3;shedaklah;15;15;81;0;73;morreu
CSV;m1;shar_perda;zynara;4;dagruve;1;4;323;0;53;morreu
CSV;m1;shar_perda;zynara;5;dagruve;1;4;202;0;50;morreu
CSV;m1;shar_perda;zynara;6;dagruve;1;6;99;0;56;morreu
CSV;m0;tou_um_estrela;bromnor;1;dagruve;1;2;54;0;48;morreu
CSV;m0;tou_um_estrela;bromnor;2;dagruve;1;11;413;85;47;passou
CSV;m0;tou_um_estrela;bromnor;2;docas;11;16;316;0;144;morreu
CSV;m0;tou_um_estrela;bromnor;3;dagruve;1;12;1739;56;268;passou
CSV;m0;tou_um_estrela;bromnor;3;docas;12;13;465;22;163;passou
CSV;m0;tou_um_estrela;bromnor;3;shedaklah;13;18;514;0;181;morreu
CSV;m0;tou_um_estrela;bromnor;4;dagruve;1;13;2105;16;429;passou
CSV;m0;tou_um_estrela;bromnor;4;docas;13;15;846;48;231;passou
CSV;m0;tou_um_estrela;bromnor;4;shedaklah;15;15;49;0;59;morreu
CSV;m0;tou_um_estrela;bromnor;5;dagruve;1;11;1118;78;95;passou
CSV;m0;tou_um_estrela;bromnor;5;docas;11;12;431;62;86;passou
CSV;m0;tou_um_estrela;bromnor;5;shedaklah;12;12;65;0;73;morreu
CSV;m0;tou_um_estrela;bromnor;6;dagruve;1;13;1765;34;287;passou
CSV;m0;tou_um_estrela;bromnor;6;docas;13;15;672;45;163;passou
CSV;m0;tou_um_estrela;bromnor;6;shedaklah;15;16;234;0;125;morreu
CSV;m1;tou_um_estrela;bromnor;1;dagruve;1;12;1811;63;324;passou
CSV;m1;tou_um_estrela;bromnor;1;docas;12;14;667;53;114;passou
CSV;m1;tou_um_estrela;bromnor;1;shedaklah;14;15;74;0;94;morreu
CSV;m1;tou_um_estrela;bromnor;2;dagruve;1;12;966;53;96;passou
CSV;m1;tou_um_estrela;bromnor;2;docas;12;14;189;0;54;morreu
CSV;m1;tou_um_estrela;bromnor;3;dagruve;1;5;199;0;58;morreu
CSV;m1;tou_um_estrela;bromnor;4;dagruve;1;12;382;50;32;passou
CSV;m1;tou_um_estrela;bromnor;4;docas;12;16;436;10;197;passou
CSV;m1;tou_um_estrela;bromnor;4;shedaklah;16;18;277;0;150;morreu
CSV;m1;tou_um_estrela;bromnor;5;dagruve;1;4;215;0;58;morreu
CSV;m1;tou_um_estrela;bromnor;6;dagruve;1;11;914;80;118;passou
CSV;m1;tou_um_estrela;bromnor;6;docas;11;14;480;70;133;passou
CSV;m1;tou_um_estrela;bromnor;6;shedaklah;14;17;1663;0;567;morreu
CSV;m0;tou_um_estrela;brook;1;dagruve;1;10;874;0;193;morreu
CSV;m0;tou_um_estrela;brook;2;dagruve;1;3;53;0;40;morreu
CSV;m0;tou_um_estrela;brook;3;dagruve;1;2;62;0;40;morreu
CSV;m0;tou_um_estrela;brook;4;dagruve;1;12;1823;0;434;morreu
CSV;m0;tou_um_estrela;brook;5;dagruve;1;1;210;0;40;morreu
CSV;m0;tou_um_estrela;brook;6;dagruve;1;5;302;0;66;morreu
CSV;m1;tou_um_estrela;brook;1;dagruve;1;2;81;0;48;morreu
CSV;m1;tou_um_estrela;brook;2;dagruve;1;13;1485;66;212;passou
CSV;m1;tou_um_estrela;brook;2;docas;13;15;567;43;113;passou
CSV;m1;tou_um_estrela;brook;2;shedaklah;15;18;1297;0;447;morreu
CSV;m1;tou_um_estrela;brook;3;dagruve;1;5;438;0;62;morreu
CSV;m1;tou_um_estrela;brook;4;dagruve;1;12;1328;0;298;morreu
CSV;m1;tou_um_estrela;brook;5;dagruve;1;2;47;0;48;morreu
CSV;m1;tou_um_estrela;brook;6;dagruve;1;9;688;0;66;morreu
CSV;m0;tou_um_estrela;durvall;1;dagruve;1;4;128;0;38;morreu
CSV;m0;tou_um_estrela;durvall;2;dagruve;1;4;96;0;38;morreu
CSV;m0;tou_um_estrela;durvall;3;dagruve;1;10;1443;0;679;morreu
CSV;m0;tou_um_estrela;durvall;4;dagruve;1;4;350;0;38;morreu
CSV;m0;tou_um_estrela;durvall;5;dagruve;1;14;2349;35;758;passou
CSV;m0;tou_um_estrela;durvall;5;docas;14;16;694;3;380;passou
CSV;m0;tou_um_estrela;durvall;5;shedaklah;16;17;796;0;371;morreu
CSV;m0;tou_um_estrela;durvall;6;dagruve;1;5;52;0;40;morreu
CSV;m1;tou_um_estrela;durvall;1;dagruve;1;6;350;0;46;morreu
CSV;m1;tou_um_estrela;durvall;2;dagruve;1;3;105;0;46;morreu
CSV;m1;tou_um_estrela;durvall;3;dagruve;1;5;337;0;46;morreu
CSV;m1;tou_um_estrela;durvall;4;dagruve;1;7;498;0;46;morreu
CSV;m1;tou_um_estrela;durvall;5;dagruve;1;12;2134;0;945;morreu
CSV;m1;tou_um_estrela;durvall;6;dagruve;1;3;40;0;50;morreu
CSV;m0;tou_um_estrela;kayron;1;dagruve;1;7;178;0;38;morreu
CSV;m0;tou_um_estrela;kayron;2;dagruve;1;6;141;0;42;morreu
CSV;m0;tou_um_estrela;kayron;3;dagruve;1;4;61;0;40;morreu
CSV;m0;tou_um_estrela;kayron;4;dagruve;1;4;64;0;38;morreu
CSV;m0;tou_um_estrela;kayron;5;dagruve;1;3;209;0;53;morreu
CSV;m0;tou_um_estrela;kayron;6;dagruve;1;5;114;0;52;morreu
CSV;m1;tou_um_estrela;kayron;1;dagruve;1;10;331;67;95;passou
CSV;m1;tou_um_estrela;kayron;1;docas;10;15;333;0;329;morreu
CSV;m1;tou_um_estrela;kayron;2;dagruve;1;7;294;0;70;morreu
CSV;m1;tou_um_estrela;kayron;3;dagruve;1;2;43;0;46;morreu
CSV;m1;tou_um_estrela;kayron;4;dagruve;1;7;130;0;46;morreu
CSV;m1;tou_um_estrela;kayron;5;dagruve;1;5;121;0;46;morreu
CSV;m1;tou_um_estrela;kayron;6;dagruve;1;7;263;0;56;morreu
CSV;m0;tou_um_estrela;korrak;1;dagruve;1;12;729;72;235;passou
CSV;m0;tou_um_estrela;korrak;1;docas;12;17;357;7;285;passou
CSV;m0;tou_um_estrela;korrak;1;shedaklah;17;19;448;0;308;morreu
CSV;m0;tou_um_estrela;korrak;2;dagruve;1;11;528;68;134;passou
CSV;m0;tou_um_estrela;korrak;2;docas;11;13;102;0;214;morreu
CSV;m0;tou_um_estrela;korrak;3;dagruve;1;12;353;73;91;passou
CSV;m0;tou_um_estrela;korrak;3;docas;12;17;503;13;298;passou
CSV;m0;tou_um_estrela;korrak;3;shedaklah;17;18;65;0;155;morreu
CSV;m0;tou_um_estrela;korrak;4;dagruve;1;12;567;49;210;passou
CSV;m0;tou_um_estrela;korrak;4;docas;12;15;421;30;174;passou
CSV;m0;tou_um_estrela;korrak;4;shedaklah;15;19;861;0;749;morreu
CSV;m0;tou_um_estrela;korrak;5;dagruve;1;11;499;76;85;passou
CSV;m0;tou_um_estrela;korrak;5;docas;11;16;419;41;327;passou
CSV;m0;tou_um_estrela;korrak;5;shedaklah;16;21;1101;0;763;morreu
CSV;m0;tou_um_estrela;korrak;6;dagruve;1;12;564;85;41;passou
CSV;m0;tou_um_estrela;korrak;6;docas;12;15;383;74;115;passou
CSV;m0;tou_um_estrela;korrak;6;shedaklah;15;24;2909;33;1622;passou
CSV;m0;tou_um_estrela;korrak;6;molor;24;27;857;0;713;morreu
CSV;m1;tou_um_estrela;korrak;1;dagruve;1;13;817;70;253;passou
CSV;m1;tou_um_estrela;korrak;1;docas;13;17;517;51;294;passou
CSV;m1;tou_um_estrela;korrak;1;shedaklah;17;22;1364;0;994;morreu
CSV;m1;tou_um_estrela;korrak;2;dagruve;1;13;365;75;107;passou
CSV;m1;tou_um_estrela;korrak;2;docas;13;18;440;62;356;passou
CSV;m1;tou_um_estrela;korrak;2;shedaklah;18;26;2620;43;2164;passou
CSV;m1;tou_um_estrela;korrak;2;molor;26;32;1750;60;1430;passou
CSV;m1;tou_um_estrela;korrak;3;dagruve;1;12;545;51;210;passou
CSV;m1;tou_um_estrela;korrak;3;docas;12;16;433;78;195;passou
CSV;m1;tou_um_estrela;korrak;3;shedaklah;16;17;83;0;172;morreu
CSV;m1;tou_um_estrela;korrak;4;dagruve;1;12;364;73;149;passou
CSV;m1;tou_um_estrela;korrak;4;docas;12;17;442;25;326;passou
CSV;m1;tou_um_estrela;korrak;4;shedaklah;17;21;459;0;442;morreu
CSV;m1;tou_um_estrela;korrak;5;dagruve;1;11;340;77;72;passou
CSV;m1;tou_um_estrela;korrak;5;docas;11;15;365;45;197;passou
CSV;m1;tou_um_estrela;korrak;5;shedaklah;15;21;727;14;966;passou
CSV;m1;tou_um_estrela;korrak;5;molor;21;28;1091;28;1598;passou
CSV;m1;tou_um_estrela;korrak;6;dagruve;1;12;633;76;136;passou
CSV;m1;tou_um_estrela;korrak;6;docas;12;16;367;81;102;passou
CSV;m1;tou_um_estrela;korrak;6;shedaklah;16;21;1874;0;1122;morreu
CSV;m0;tou_um_estrela;leoric;1;dagruve;1;5;104;0;46;morreu
CSV;m0;tou_um_estrela;leoric;2;dagruve;1;7;137;0;40;morreu
CSV;m0;tou_um_estrela;leoric;3;dagruve;1;2;40;0;32;morreu
CSV;m0;tou_um_estrela;leoric;4;dagruve;1;11;514;0;156;morreu
CSV;m0;tou_um_estrela;leoric;5;dagruve;1;4;146;0;32;morreu
CSV;m0;tou_um_estrela;leoric;6;dagruve;1;4;138;0;34;morreu
CSV;m1;tou_um_estrela;leoric;1;dagruve;1;7;140;0;44;morreu
CSV;m1;tou_um_estrela;leoric;2;dagruve;1;12;486;64;90;passou
CSV;m1;tou_um_estrela;leoric;2;docas;12;13;64;0;87;morreu
CSV;m1;tou_um_estrela;leoric;3;dagruve;1;3;64;0;43;morreu
CSV;m1;tou_um_estrela;leoric;4;dagruve;1;13;341;24;108;passou
CSV;m1;tou_um_estrela;leoric;4;docas;13;18;366;12;212;passou
CSV;m1;tou_um_estrela;leoric;4;shedaklah;18;19;79;0;64;morreu
CSV;m1;tou_um_estrela;leoric;5;dagruve;1;5;154;0;40;morreu
CSV;m1;tou_um_estrela;leoric;6;dagruve;1;15;364;55;89;passou
CSV;m1;tou_um_estrela;leoric;6;docas;15;20;923;15;446;passou
CSV;m1;tou_um_estrela;leoric;6;shedaklah;20;21;768;0;267;morreu
CSV;m0;tou_um_estrela;maelor;1;dagruve;1;12;696;57;210;passou
CSV;m0;tou_um_estrela;maelor;1;docas;12;15;523;57;204;passou
CSV;m0;tou_um_estrela;maelor;1;shedaklah;15;19;788;0;487;morreu
CSV;m0;tou_um_estrela;maelor;2;dagruve;1;12;551;23;172;passou
CSV;m0;tou_um_estrela;maelor;2;docas;12;14;538;0;333;morreu
CSV;m0;tou_um_estrela;maelor;3;dagruve;1;10;350;63;118;passou
CSV;m0;tou_um_estrela;maelor;3;docas;10;13;214;0;148;morreu
CSV;m0;tou_um_estrela;maelor;4;dagruve;1;10;561;68;99;passou
CSV;m0;tou_um_estrela;maelor;4;docas;10;11;93;0;68;morreu
CSV;m0;tou_um_estrela;maelor;5;dagruve;1;14;1301;69;158;passou
CSV;m0;tou_um_estrela;maelor;5;docas;14;14;70;0;68;morreu
CSV;m0;tou_um_estrela;maelor;6;dagruve;1;13;1200;46;330;passou
CSV;m0;tou_um_estrela;maelor;6;docas;13;16;471;43;260;passou
CSV;m0;tou_um_estrela;maelor;6;shedaklah;16;17;317;0;238;morreu
CSV;m1;tou_um_estrela;maelor;1;dagruve;1;14;1316;74;204;passou
CSV;m1;tou_um_estrela;maelor;1;docas;14;16;598;0;309;morreu
CSV;m1;tou_um_estrela;maelor;2;dagruve;1;12;355;35;124;passou
CSV;m1;tou_um_estrela;maelor;2;docas;12;16;428;67;198;passou
CSV;m1;tou_um_estrela;maelor;2;shedaklah;16;24;693;1;327;passou
CSV;m1;tou_um_estrela;maelor;2;molor;24;24;87;0;108;morreu
CSV;m1;tou_um_estrela;maelor;3;dagruve;1;10;327;39;151;passou
CSV;m1;tou_um_estrela;maelor;3;docas;10;12;107;0;117;morreu
CSV;m1;tou_um_estrela;maelor;4;dagruve;1;2;60;0;54;morreu
CSV;m1;tou_um_estrela;maelor;5;dagruve;1;12;333;42;94;passou
CSV;m1;tou_um_estrela;maelor;5;docas;12;16;454;0;322;morreu
CSV;m1;tou_um_estrela;maelor;6;dagruve;1;10;347;77;83;passou
CSV;m1;tou_um_estrela;maelor;6;docas;10;16;336;10;129;passou
CSV;m1;tou_um_estrela;maelor;6;shedaklah;16;24;678;32;357;passou
CSV;m1;tou_um_estrela;maelor;6;molor;24;29;787;0;596;morreu
CSV;m0;tou_um_estrela;nyrelia;1;dagruve;1;3;175;0;32;morreu
CSV;m0;tou_um_estrela;nyrelia;2;dagruve;1;13;1300;20;582;passou
CSV;m0;tou_um_estrela;nyrelia;2;docas;13;13;137;0;97;morreu
CSV;m0;tou_um_estrela;nyrelia;3;dagruve;1;2;84;0;32;morreu
CSV;m0;tou_um_estrela;nyrelia;4;dagruve;1;14;1767;34;406;passou
CSV;m0;tou_um_estrela;nyrelia;4;docas;14;16;801;21;433;passou
CSV;m0;tou_um_estrela;nyrelia;4;shedaklah;16;17;760;0;231;morreu
CSV;m0;tou_um_estrela;nyrelia;5;dagruve;1;3;129;0;32;morreu
CSV;m0;tou_um_estrela;nyrelia;6;dagruve;1;1;58;0;32;morreu
CSV;m1;tou_um_estrela;nyrelia;1;dagruve;1;7;370;0;50;morreu
CSV;m1;tou_um_estrela;nyrelia;2;dagruve;1;11;510;5;72;passou
CSV;m1;tou_um_estrela;nyrelia;2;docas;11;14;175;0;90;morreu
CSV;m1;tou_um_estrela;nyrelia;3;dagruve;1;11;678;49;212;passou
CSV;m1;tou_um_estrela;nyrelia;3;docas;11;13;123;0;110;morreu
CSV;m1;tou_um_estrela;nyrelia;4;dagruve;1;1;70;0;49;morreu
CSV;m1;tou_um_estrela;nyrelia;5;dagruve;1;10;1036;0;211;morreu
CSV;m1;tou_um_estrela;nyrelia;6;dagruve;1;2;127;0;40;morreu
CSV;m0;tou_um_estrela;sylas;1;dagruve;1;6;120;0;36;morreu
CSV;m0;tou_um_estrela;sylas;2;dagruve;1;6;81;0;36;morreu
CSV;m0;tou_um_estrela;sylas;3;dagruve;1;8;141;0;36;morreu
CSV;m0;tou_um_estrela;sylas;4;dagruve;1;8;105;0;38;morreu
CSV;m0;tou_um_estrela;sylas;5;dagruve;1;5;67;0;36;morreu
CSV;m0;tou_um_estrela;sylas;6;dagruve;1;5;62;0;36;morreu
CSV;m1;tou_um_estrela;sylas;1;dagruve;1;13;365;5;92;passou
CSV;m1;tou_um_estrela;sylas;1;docas;13;14;111;0;60;morreu
CSV;m1;tou_um_estrela;sylas;2;dagruve;1;9;124;0;44;morreu
CSV;m1;tou_um_estrela;sylas;3;dagruve;1;13;493;62;76;passou
CSV;m1;tou_um_estrela;sylas;3;docas;13;17;390;78;93;passou
CSV;m1;tou_um_estrela;sylas;3;shedaklah;17;24;1516;1;717;passou
CSV;m1;tou_um_estrela;sylas;3;molor;24;29;1833;37;1058;passou
CSV;m1;tou_um_estrela;sylas;4;dagruve;1;13;340;43;86;passou
CSV;m1;tou_um_estrela;sylas;4;docas;13;17;437;38;143;passou
CSV;m1;tou_um_estrela;sylas;4;shedaklah;17;17;123;0;105;morreu
CSV;m1;tou_um_estrela;sylas;5;dagruve;1;7;157;0;79;morreu
CSV;m1;tou_um_estrela;sylas;6;dagruve;1;13;358;28;139;passou
CSV;m1;tou_um_estrela;sylas;6;docas;13;17;479;66;124;passou
CSV;m1;tou_um_estrela;sylas;6;shedaklah;17;23;1031;25;540;passou
CSV;m1;tou_um_estrela;sylas;6;molor;23;27;311;0;266;morreu
CSV;m0;tou_um_estrela;zynara;1;dagruve;1;10;343;41;66;passou
CSV;m0;tou_um_estrela;zynara;1;docas;10;12;89;0;38;morreu
CSV;m0;tou_um_estrela;zynara;2;dagruve;1;6;297;0;46;morreu
CSV;m0;tou_um_estrela;zynara;3;dagruve;1;4;93;0;34;morreu
CSV;m0;tou_um_estrela;zynara;4;dagruve;1;5;323;0;43;morreu
CSV;m0;tou_um_estrela;zynara;5;dagruve;1;2;58;0;34;morreu
CSV;m0;tou_um_estrela;zynara;6;dagruve;1;4;57;0;34;morreu
CSV;m1;tou_um_estrela;zynara;1;dagruve;1;9;417;50;80;passou
CSV;m1;tou_um_estrela;zynara;1;docas;9;14;398;2;223;passou
CSV;m1;tou_um_estrela;zynara;1;shedaklah;14;16;687;0;284;morreu
CSV;m1;tou_um_estrela;zynara;2;dagruve;1;3;81;0;49;morreu
CSV;m1;tou_um_estrela;zynara;3;dagruve;1;9;410;60;49;passou
CSV;m1;tou_um_estrela;zynara;3;docas;9;14;666;5;246;passou
CSV;m1;tou_um_estrela;zynara;3;shedaklah;14;19;448;0;238;morreu
CSV;m1;tou_um_estrela;zynara;4;dagruve;1;7;235;0;78;morreu
CSV;m1;tou_um_estrela;zynara;5;dagruve;1;13;712;16;126;passou
CSV;m1;tou_um_estrela;zynara;5;docas;13;14;298;0;148;morreu
CSV;m1;tou_um_estrela;zynara;6;dagruve;1;9;322;0;76;morreu
