heroi;fase_inicial;linha
durvall;dagruve;seed 1: durvall | fases=dagruve,docas,shedaklah,molor | profundidade=3 x1.90 | nv=36 armas=espada_do_receptaculo1,golpe_esmagador5,adaga_rapida1,raio_enfraquecedor2 passivas={ "regeneracao": 5, "constituicao": 5, "pele_de_pedra": 4, "cota_de_malha": 5, "foco_arcano": 3 } | itens=4 | limite de fases | chefe=dagruve:1440s/pvmin57%,docas:34s/pvmin87%,shedaklah:1631s/pvmin69%
durvall;dagruve;seed 2: durvall | fases=dagruve | profundidade=0 x1.00 | nv=12 armas=espada_sombria3,adaga_rapida4 passivas={ "forca": 2, "constituicao": 3 } | itens=3 | morreu em dagruve (515s) nv12 por volta de 66 inimigos, boss=hp 206/260 | chefe=dagruve:x/pvmin0%
durvall;dagruve;seed 3: durvall | fases=dagruve | profundidade=0 x1.00 | nv=4 armas=espada_sombria1 passivas={ "forca": 3 } | itens=1 | morreu em dagruve (128s) nv4 por volta de 65 inimigos, boss=nao-surgiu | chefe=
durvall;dagruve;seed 4: durvall | fases=dagruve | profundidade=0 x1.00 | nv=8 armas=espada_sombria1,adaga_rapida5 passivas={ "forca": 1, "cota_de_malha": 1 } | itens=1 | morreu em dagruve (72s) nv8 por volta de 41 inimigos, boss=nao-surgiu | chefe=
durvall;dagruve;seed 5: durvall | fases=dagruve,docas,shedaklah,molor | profundidade=3 x1.90 | nv=29 armas=espada_sombria3,luz_mais_pura1,adaga_rapida2,vela_sagrada5 passivas={ "pele_de_pedra": 3, "constituicao": 3, "inteligencia": 1, "sorte_de_sendrinah": 4, "regeneracao": 2 } | itens=4 | limite de fases | chefe=dagruve:338s/pvmin73%,docas:343s/pvmin85%,shedaklah:71s/pvmin92%
durvall;dagruve;seed 6: durvall | fases=dagruve | profundidade=0 x1.00 | nv=6 armas=espada_sombria4,golpe_esmagador2 passivas={  } | itens=1 | morreu em dagruve (92s) nv6 por volta de 43 inimigos, boss=nao-surgiu | chefe=
durvall;dagruve;seed 7: durvall | fases=dagruve | profundidade=0 x1.00 | nv=4 armas=espada_sombria2 passivas={ "constituicao": 2 } | itens=1 | morreu em dagruve (88s) nv4 por volta de 53 inimigos, boss=nao-surgiu | chefe=
durvall;dagruve;seed 8: durvall | fases=dagruve | profundidade=0 x1.00 | nv=8 armas=espada_sombria3,adaga_rapida3 passivas={ "forca": 2 } | itens=1 | morreu em dagruve (178s) nv8 por volta de 55 inimigos, boss=nao-surgiu | chefe=
durvall;dagruve;seed 9: durvall | fases=dagruve | profundidade=0 x1.00 | nv=6 armas=espada_sombria4 passivas={ "forca": 2 } | itens=1 | morreu em dagruve (225s) nv6 por volta de 60 inimigos, boss=nao-surgiu | chefe=
durvall;dagruve;seed 10: durvall | fases=dagruve,docas,shedaklah,molor | profundidade=3 x1.90 | nv=32 armas=espada_do_receptaculo1,dominar_pessoa3,golpe_do_juizo1,cera_fervente5 passivas={ "forca": 3, "regeneracao": 4, "cota_de_malha": 2, "pele_de_pedra": 1, "constituicao": 2 } | itens=4 | limite de fases | chefe=dagruve:722s/pvmin74%,docas:45s/pvmin86%,shedaklah:43s/pvmin86%
durvall;dagruve;seed 11: durvall | fases=dagruve | profundidade=0 x1.00 | nv=4 armas=espada_sombria2,adaga_rapida1 passivas={ "cota_de_malha": 1 } | itens=0 | morreu em dagruve (62s) nv4 por volta de 38 inimigos, boss=nao-surgiu | chefe=
durvall;dagruve;seed 12: durvall | fases=dagruve,docas,shedaklah,molor | profundidade=3 x1.90 | nv=32 armas=espada_do_receptaculo1,lamina_trovejante5,descarga_estelar4,adaga_rapida5 passivas={ "forca": 2, "regeneracao": 5, "cota_de_malha": 2, "constituicao": 1, "pele_de_pedra": 2 } | itens=4 | limite de fases | chefe=dagruve:628s/pvmin32%,docas:100s/pvmin88%,shedaklah:52s/pvmin80%
durvall;dagruve;seed 13: durvall | fases=dagruve | profundidade=0 x1.00 | nv=7 armas=espada_sombria2,adaga_rapida3 passivas={ "forca": 2 } | itens=1 | morreu em dagruve (184s) nv7 por volta de 58 inimigos, boss=nao-surgiu | chefe=
durvall;dagruve;seed 14: durvall | fases=dagruve,docas,shedaklah,molor | profundidade=3 x1.90 | nv=46 armas=espada_do_receptaculo1,adaga_rapida5,dominar_pessoa5,golpe_esmagador5 passivas={ "forca": 5, "regeneracao": 5, "pele_de_pedra": 5, "cota_de_malha": 5, "sabedoria": 5 } | itens=4 | limite de fases | chefe=dagruve:1677s/pvmin32%,docas:160s/pvmin81%,shedaklah:2447s/pvmin58%
durvall;dagruve;seed 15: durvall | fases=dagruve | profundidade=0 x1.00 | nv=8 armas=espada_sombria3 passivas={ "constituicao": 1, "forca": 3, "foco_arcano": 1 } | itens=2 | morreu em dagruve (366s) nv8 por volta de 65 inimigos, boss=hp 236/260 | chefe=dagruve:x/pvmin0%
durvall;dagruve;seed 16: durvall | fases=dagruve | profundidade=0 x1.00 | nv=6 armas=espada_sombria4 passivas={ "forca": 2 } | itens=1 | morreu em dagruve (305s) nv6 por volta de 70 inimigos, boss=hp 171/260 | chefe=dagruve:x/pvmin0%
durvall;dagruve;seed 17: durvall | fases=dagruve | profundidade=0 x1.00 | nv=6 armas=espada_sombria3,adaga_rapida2 passivas={ "forca": 1 } | itens=1 | morreu em dagruve (145s) nv6 por volta de 65 inimigos, boss=nao-surgiu | chefe=
durvall;dagruve;seed 18: durvall | fases=dagruve,docas | profundidade=1 x1.25 | nv=20 armas=espada_sombria3 passivas={ "foco_arcano": 3, "forca": 3, "regeneracao": 2, "cota_de_malha": 4, "pele_de_pedra": 5 } | itens=4 | tempo (estado=shop t=521s run=3705s boss=caiu) | chefe=dagruve:2883s/pvmin55%,docas:221s/pvmin86%
durvall;dagruve;seed 19: durvall | fases=dagruve | profundidade=0 x1.00 | nv=7 armas=espada_sombria1,adaga_rapida2 passivas={ "forca": 4 } | itens=2 | morreu em dagruve (100s) nv7 por volta de 44 inimigos, boss=nao-surgiu | chefe=
durvall;dagruve;seed 20: durvall | fases=dagruve | profundidade=0 x1.00 | nv=4 armas=espada_sombria3,golpe_esmagador1 passivas={  } | itens=1 | morreu em dagruve (39s) nv4 por volta de 20 inimigos, boss=nao-surgiu | chefe=
durvall;dagruve;seed 21: durvall | fases=dagruve,docas,shedaklah,molor | profundidade=3 x1.90 | nv=39 armas=espada_sombria5,adaga_rapida5,golpe_atordoante2,sentenca_de_lliira2 passivas={ "forca": 5, "pele_de_pedra": 5, "regeneracao": 5, "foco_arcano": 5, "constituicao": 5 } | itens=4 | limite de fases | chefe=dagruve:1159s/pvmin65%,docas:54s/pvmin89%,shedaklah:2682s/pvmin64%
durvall;dagruve;seed 22: durvall | fases=dagruve,docas,shedaklah,molor | profundidade=3 x1.90 | nv=40 armas=espada_sombria5,vela_sagrada5,descarga_estelar5,sentenca_de_lliira5 passivas={ "forca": 4, "regeneracao": 5, "constituicao": 3, "botas_leves": 1, "pele_de_pedra": 4 } | itens=4 | limite de fases | chefe=dagruve:888s/pvmin71%,docas:37s/pvmin90%,shedaklah:1168s/pvmin55%
durvall;dagruve;seed 23: durvall | fases=dagruve | profundidade=0 x1.00 | nv=6 armas=espada_sombria3 passivas={ "cota_de_malha": 1, "forca": 1, "constituicao": 1 } | itens=1 | morreu em dagruve (204s) nv6 por volta de 63 inimigos, boss=nao-surgiu | chefe=
durvall;dagruve;seed 24: durvall | fases=dagruve | profundidade=0 x1.00 | nv=5 armas=espada_sombria4 passivas={ "pele_de_pedra": 1 } | itens=1 | morreu em dagruve (85s) nv5 por volta de 48 inimigos, boss=nao-surgiu | chefe=
durvall;dagruve;seed 25: durvall | fases=dagruve | profundidade=0 x1.00 | nv=6 armas=espada_sombria2,adaga_rapida3 passivas={ "forca": 1 } | itens=1 | morreu em dagruve (259s) nv6 por volta de 71 inimigos, boss=nao-surgiu | chefe=
durvall;dagruve;seed 26: durvall | fases=dagruve,docas,shedaklah,molor | profundidade=3 x1.90 | nv=38 armas=espada_sombria5,adaga_rapida5,marca_da_retidao2,vela_sagrada1 passivas={ "forca": 5, "regeneracao": 5, "constituicao": 5, "pele_de_pedra": 5, "foco_arcano": 5 } | itens=4 | limite de fases | chefe=dagruve:2664s/pvmin56%,docas:153s/pvmin91%,shedaklah:1381s/pvmin79%
durvall;dagruve;seed 27: durvall | fases=dagruve | profundidade=0 x1.00 | nv=3 armas=espada_sombria2 passivas={ "forca": 1 } | itens=1 | morreu em dagruve (65s) nv3 por volta de 42 inimigos, boss=nao-surgiu | chefe=
durvall;dagruve;seed 28: durvall | fases=dagruve | profundidade=0 x1.00 | nv=4 armas=espada_sombria3,adaga_rapida1 passivas={  } | itens=1 | morreu em dagruve (49s) nv4 por volta de 31 inimigos, boss=nao-surgiu | chefe=
durvall;dagruve;seed 29: durvall | fases=dagruve | profundidade=0 x1.00 | nv=6 armas=espada_sombria3 passivas={ "cota_de_malha": 1, "constituicao": 2 } | itens=1 | morreu em dagruve (155s) nv6 por volta de 62 inimigos, boss=nao-surgiu | chefe=
durvall;dagruve;seed 30: durvall | fases=dagruve | profundidade=0 x1.00 | nv=8 armas=espada_sombria2,sentenca_de_lliira2,estocada_mistica1 passivas={ "forca": 2, "cota_de_malha": 1 } | itens=1 | morreu em dagruve (307s) nv8 por volta de 61 inimigos, boss=hp 213/260 | chefe=dagruve:x/pvmin0%
brook;dagruve;seed 1: brook | fases=dagruve | profundidade=0 x1.00 | nv=5 armas=sentenca_de_lliira2 passivas={ "cota_de_malha": 1, "constituicao": 1, "forca": 1 } | itens=3 | morreu em dagruve (417s) nv5 por volta de 83 inimigos, boss=hp 247/260 | chefe=dagruve:x/pvmin0%
brook;dagruve;seed 2: brook | fases=dagruve,docas,shedaklah,molor | profundidade=3 x1.90 | nv=36 armas=sentenca_de_lliira5,adaga_rapida5,vela_sagrada5,golpe_do_juizo1 passivas={ "regeneracao": 2, "alcance": 2, "cota_de_malha": 3, "pele_de_pedra": 4, "forca": 4 } | itens=4 | limite de fases | chefe=dagruve:3002s/pvmin78%,docas:1196s/pvmin88%,shedaklah:220s/pvmin84%
brook;dagruve;seed 3: brook | fases=dagruve,docas,shedaklah,molor | profundidade=3 x1.90 | nv=33 armas=sentenca_de_lliira5,dominar_pessoa5,lamina_trovejante5,adaga_rapida5 passivas={ "pele_de_pedra": 1, "cota_de_malha": 3, "forca": 3, "constituicao": 5, "regeneracao": 1 } | itens=4 | limite de fases | chefe=dagruve:1093s/pvmin68%,docas:64s/pvmin100%,shedaklah:283s/pvmin85%
brook;dagruve;seed 4: brook | fases=dagruve | profundidade=0 x1.00 | nv=16 armas=sentenca_de_lliira3,golpe_esmagador2,descarga_estelar3,estocada_mistica2 passivas={ "inteligencia": 1, "constituicao": 1, "botas_leves": 1, "alcance": 1, "sorte_de_sendrinah": 2 } | itens=2 | morreu em dagruve (901s) nv16 por volta de 51 inimigos, boss=hp 12/260 | chefe=dagruve:x/pvmin0%
brook;dagruve;seed 5: brook | fases=dagruve,docas | profundidade=1 x1.25 | nv=18 armas=sentenca_de_lliira4,estocada_mistica3,raio_de_luz2,golpe_esmagador3 passivas={ "constituicao": 1, "cota_de_malha": 1, "forca": 2, "sabedoria": 1, "pele_de_pedra": 1 } | itens=1 | morreu em docas (158s) nv18 por volta de 29 inimigos, boss=nao-surgiu | chefe=dagruve:479s/pvmin23%
brook;dagruve;seed 6: brook | fases=dagruve,docas,shedaklah | profundidade=2 x1.55 | nv=42 armas=sentenca_de_lliira5,raio_enfraquecedor5,vela_sagrada5,dominar_pessoa5 passivas={ "pele_de_pedra": 5, "cota_de_malha": 5, "botas_leves": 3, "inteligencia": 4, "forca": 5 } | itens=4 | CAP de tempo em shedaklah (boss hp 13) | chefe=dagruve:1173s/pvmin75%,docas:292s/pvmin84%,shedaklah:x/pvmin14%
brook;dagruve;seed 7: brook | fases=dagruve,docas,shedaklah,molor | profundidade=3 x1.90 | nv=31 armas=julgamento_da_gloria1,vela_sagrada5,marca_da_retidao5,cera_fervente2 passivas={ "pele_de_pedra": 5, "foco_arcano": 5, "robe_arcano": 1, "regeneracao": 1, "carisma": 1 } | itens=4 | limite de fases | chefe=dagruve:786s/pvmin77%,docas:88s/pvmin85%,shedaklah:39s/pvmin92%
brook;dagruve;seed 8: brook | fases=dagruve | profundidade=0 x1.00 | nv=4 armas=sentenca_de_lliira1,estocada_mistica2 passivas={ "foco_arcano": 1 } | itens=1 | morreu em dagruve (47s) nv4 por volta de 30 inimigos, boss=nao-surgiu | chefe=
brook;dagruve;seed 9: brook | fases=dagruve,docas,shedaklah | profundidade=2 x1.55 | nv=35 armas=sentenca_de_lliira5,vela_sagrada5,lamina_trovejante5,raio_enfraquecedor3 passivas={ "robe_arcano": 1, "regeneracao": 5, "cota_de_malha": 5, "constituicao": 2, "pele_de_pedra": 3 } | itens=4 | CAP de tempo em shedaklah (boss hp 408) | chefe=dagruve:2340s/pvmin69%,docas:372s/pvmin88%,shedaklah:x/pvmin83%
brook;dagruve;seed 10: brook | fases=dagruve | profundidade=0 x1.00 | nv=10 armas=sentenca_de_lliira2,raio_de_luz2,dominar_pessoa3 passivas={ "foco_arcano": 2, "pele_de_pedra": 1 } | itens=3 | morreu em dagruve (221s) nv10 por volta de 56 inimigos, boss=nao-surgiu | chefe=
brook;dagruve;seed 11: brook | fases=dagruve,docas,shedaklah | profundidade=2 x1.55 | nv=38 armas=sentenca_de_lliira5,vela_sagrada5,dominar_pessoa5,cera_fervente5 passivas={ "forca": 4, "cota_de_malha": 4, "sorte_de_sendrinah": 2, "regeneracao": 4, "pele_de_pedra": 4 } | itens=4 | tempo (estado=shop t=581s run=1909s boss=caiu) | chefe=dagruve:704s/pvmin79%,docas:22s/pvmin98%,shedaklah:41s/pvmin100%
brook;dagruve;seed 12: brook | fases=dagruve | profundidade=0 x1.00 | nv=3 armas=sentenca_de_lliira1,golpe_atordoante1 passivas={ "regeneracao": 1 } | itens=0 | morreu em dagruve (61s) nv3 por volta de 45 inimigos, boss=nao-surgiu | chefe=
brook;dagruve;seed 13: brook | fases=dagruve,docas,shedaklah | profundidade=2 x1.55 | nv=40 armas=sentenca_de_lliira5,dominar_pessoa5,vela_sagrada5,golpe_esmagador5 passivas={ "forca": 5, "pele_de_pedra": 5, "cota_de_malha": 3, "inteligencia": 1, "foco_arcano": 5 } | itens=4 | CAP de tempo em shedaklah (boss hp 667) | chefe=dagruve:1270s/pvmin94%,docas:183s/pvmin100%,shedaklah:x/pvmin81%
brook;dagruve;seed 14: brook | fases=dagruve,docas,shedaklah,molor | profundidade=3 x1.90 | nv=36 armas=sentenca_de_lliira5,luz_mais_pura1,descarga_estelar5,golpe_do_juizo1 passivas={ "forca": 3, "regeneracao": 2, "pele_de_pedra": 2, "constituicao": 2, "cota_de_malha": 5 } | itens=3 | limite de fases | chefe=dagruve:716s/pvmin92%,docas:73s/pvmin98%,shedaklah:44s/pvmin94%
brook;dagruve;seed 15: brook | fases=dagruve,docas,shedaklah,molor | profundidade=3 x1.90 | nv=34 armas=sentenca_de_lliira5,descarga_estelar5,luz_mais_pura1,marca_da_retidao5 passivas={ "constituicao": 4, "pele_de_pedra": 3, "cota_de_malha": 1, "forca": 3, "robe_arcano": 2 } | itens=4 | limite de fases | chefe=dagruve:666s/pvmin36%,docas:15s/pvmin94%,shedaklah:18s/pvmin88%
brook;dagruve;seed 16: brook | fases=dagruve,docas,shedaklah,molor | profundidade=3 x1.90 | nv=36 armas=sentenca_de_lliira5,golpe_esmagador5,chuva_de_estrelas1,lamina_trovejante5 passivas={ "regeneracao": 5, "foco_arcano": 5, "sorte_de_sendrinah": 1, "inteligencia": 1, "constituicao": 3 } | itens=4 | limite de fases | chefe=dagruve:339s/pvmin77%,docas:25s/pvmin74%,shedaklah:26s/pvmin93%
brook;dagruve;seed 17: brook | fases=dagruve,docas,shedaklah,molor | profundidade=3 x1.90 | nv=34 armas=sentenca_de_lliira5,estocada_mistica5,vela_sagrada5,cera_fervente5 passivas={ "cota_de_malha": 3, "forca": 3, "botas_leves": 1, "regeneracao": 2, "constituicao": 4 } | itens=4 | limite de fases | chefe=dagruve:131s/pvmin83%,docas:50s/pvmin88%,shedaklah:135s/pvmin88%
brook;dagruve;seed 18: brook | fases=dagruve,docas,shedaklah,molor | profundidade=3 x1.90 | nv=36 armas=sentenca_de_lliira5,raio_enfraquecedor4,golpe_esmagador5,luz_mais_pura1 passivas={ "regeneracao": 4, "constituicao": 5, "cota_de_malha": 3, "pele_de_pedra": 2, "ganancia": 2 } | itens=4 | limite de fases | chefe=dagruve:1341s/pvmin66%,docas:76s/pvmin87%,shedaklah:11s/pvmin94%
brook;dagruve;seed 19: brook | fases=dagruve,docas,shedaklah,molor | profundidade=3 x1.90 | nv=31 armas=sentenca_de_lliira5,vela_sagrada5,dominar_pessoa5,estocada_mistica5 passivas={ "pele_de_pedra": 1, "constituicao": 2, "cota_de_malha": 4, "sorte_de_sendrinah": 1, "forca": 3 } | itens=4 | limite de fases | chefe=dagruve:1649s/pvmin69%,docas:80s/pvmin70%,shedaklah:227s/pvmin91%
brook;dagruve;seed 20: brook | fases=dagruve,docas,shedaklah,molor | profundidade=3 x1.90 | nv=44 armas=sentenca_de_lliira5,dominar_pessoa5,descarga_estelar5,golpe_esmagador5 passivas={ "alcance": 4, "constituicao": 5, "pele_de_pedra": 5, "foco_arcano": 5, "regeneracao": 5 } | itens=4 | limite de fases | chefe=dagruve:571s/pvmin43%,docas:160s/pvmin98%,shedaklah:3692s/pvmin74%
brook;dagruve;seed 21: brook | fases=dagruve,docas,shedaklah | profundidade=2 x1.55 | nv=44 armas=sentenca_de_lliira5,marca_da_retidao5,dominar_pessoa5,lamina_trovejante5 passivas={ "regeneracao": 5, "robe_arcano": 3, "pele_de_pedra": 5, "cota_de_malha": 5, "inteligencia": 5 } | itens=4 | CAP de tempo em shedaklah (boss hp 485) | chefe=dagruve:1531s/pvmin73%,docas:138s/pvmin92%,shedaklah:x/pvmin46%
brook;dagruve;seed 22: brook | fases=dagruve,docas,shedaklah,molor | profundidade=3 x1.90 | nv=31 armas=sentenca_de_lliira4,golpe_esmagador5,estocada_mistica5,dominar_pessoa3,sopro_de_estrela1 passivas={ "regeneracao": 3, "constituicao": 3, "cota_de_malha": 1, "ganancia": 1, "pele_de_pedra": 2 } | itens=4 | limite de fases | chefe=dagruve:388s/pvmin86%,docas:267s/pvmin76%,shedaklah:738s/pvmin82%
brook;dagruve;seed 23: brook | fases=dagruve,docas,shedaklah,molor | profundidade=3 x1.90 | nv=37 armas=sentenca_de_lliira5,golpe_do_juizo1,dominar_pessoa5,cera_fervente5 passivas={ "regeneracao": 2, "pele_de_pedra": 4, "cota_de_malha": 3, "forca": 5, "constituicao": 2 } | itens=4 | limite de fases | chefe=dagruve:2160s/pvmin67%,docas:61s/pvmin84%,shedaklah:38s/pvmin98%
brook;dagruve;seed 24: brook | fases=dagruve | profundidade=0 x1.00 | nv=7 armas=sentenca_de_lliira2,chicote_avarento3 passivas={ "regeneracao": 1, "pele_de_pedra": 1, "foco_arcano": 1 } | itens=2 | morreu em dagruve (122s) nv7 por volta de 42 inimigos, boss=nao-surgiu | chefe=
brook;dagruve;seed 25: brook | fases=dagruve,docas,shedaklah,molor | profundidade=3 x1.90 | nv=37 armas=sentenca_de_lliira5,chuva_de_estrelas1,dominar_pessoa5,golpe_do_juizo1 passivas={ "inteligencia": 1, "sabedoria": 2, "forca": 4, "cota_de_malha": 3, "pele_de_pedra": 5 } | itens=4 | limite de fases | chefe=dagruve:1292s/pvmin3%,docas:154s/pvmin86%,shedaklah:150s/pvmin86%
brook;dagruve;seed 26: brook | fases=dagruve,docas,shedaklah,molor | profundidade=3 x1.90 | nv=38 armas=sentenca_de_lliira5,descarga_estelar5,vela_sagrada4,estocada_mistica4 passivas={ "pele_de_pedra": 3, "regeneracao": 5, "foco_arcano": 4, "cota_de_malha": 3, "alcance": 5 } | itens=4 | limite de fases | chefe=dagruve:763s/pvmin75%,docas:233s/pvmin87%,shedaklah:1339s/pvmin73%
brook;dagruve;seed 27: brook | fases=dagruve,docas,shedaklah | profundidade=2 x1.55 | nv=28 armas=sentenca_de_lliira5,raio_enfraquecedor5,dominar_pessoa5,golpe_esmagador4 passivas={ "regeneracao": 1, "cota_de_malha": 3, "forca": 1, "pele_de_pedra": 1, "constituicao": 2 } | itens=4 | morreu em shedaklah (659s) nv28 por volta de 39 inimigos, boss=hp 642/780 | chefe=dagruve:1079s/pvmin81%,docas:165s/pvmin82%,shedaklah:x/pvmin0%
brook;dagruve;seed 28: brook | fases=dagruve,docas,shedaklah | profundidade=2 x1.55 | nv=29 armas=sentenca_de_lliira5,dominar_pessoa4,raio_enfraquecedor5,lamina_trovejante3 passivas={ "forca": 3, "regeneracao": 3, "cota_de_malha": 2, "pele_de_pedra": 2, "constituicao": 2 } | itens=4 | morreu em shedaklah (1456s) nv29 por volta de 80 inimigos, boss=hp 299/780 | chefe=dagruve:1900s/pvmin55%,docas:325s/pvmin90%,shedaklah:x/pvmin0%
brook;dagruve;seed 29: brook | fases=dagruve,docas,shedaklah,molor | profundidade=3 x1.90 | nv=39 armas=sentenca_de_lliira5,dominar_pessoa5,espada_do_receptaculo1,golpe_esmagador5 passivas={ "inteligencia": 1, "cota_de_malha": 5, "regeneracao": 4, "constituicao": 5, "foco_arcano": 3 } | itens=4 | limite de fases | chefe=dagruve:1366s/pvmin36%,docas:209s/pvmin83%,shedaklah:1628s/pvmin74%
brook;dagruve;seed 30: brook | fases=dagruve | profundidade=0 x1.00 | nv=6 armas=sentenca_de_lliira2,dominar_pessoa1 passivas={ "foco_arcano": 1, "pele_de_pedra": 1, "cota_de_malha": 1 } | itens=0 | morreu em dagruve (180s) nv6 por volta de 57 inimigos, boss=nao-surgiu | chefe=
maelor;dagruve;seed 1: maelor | fases=dagruve,docas,shedaklah,molor | profundidade=3 x1.90 | nv=36 armas=luz_mais_pura1,descarga_estelar5,raio_enfraquecedor5,cera_fervente5 passivas={ "constituicao": 4, "pele_de_pedra": 1, "forca": 3, "botas_leves": 1, "cota_de_malha": 4 } | itens=4 | limite de fases | chefe=dagruve:49s/pvmin100%,docas:57s/pvmin88%,shedaklah:52s/pvmin92%
maelor;dagruve;seed 2: maelor | fases=dagruve,docas,shedaklah,molor | profundidade=3 x1.90 | nv=35 armas=raio_de_luz5,golpe_esmagador5,vela_sagrada4,descarga_estelar5 passivas={ "pele_de_pedra": 5, "sabedoria": 3, "cota_de_malha": 5, "robe_arcano": 1, "alcance": 2 } | itens=4 | limite de fases | chefe=dagruve:162s/pvmin85%,docas:21s/pvmin94%,shedaklah:53s/pvmin84%
maelor;dagruve;seed 3: maelor | fases=dagruve,docas,shedaklah,molor | profundidade=3 x1.90 | nv=39 armas=raio_de_luz5,descarga_estelar5,golpe_esmagador5,vela_sagrada5 passivas={ "cota_de_malha": 3, "forca": 5, "regeneracao": 5, "botas_leves": 1, "foco_arcano": 5 } | itens=4 | limite de fases | chefe=dagruve:119s/pvmin75%,docas:71s/pvmin78%,shedaklah:1372s/pvmin63%
maelor;dagruve;seed 4: maelor | fases=dagruve,docas,shedaklah,molor | profundidade=3 x1.90 | nv=35 armas=luz_mais_pura1,estocada_mistica5,golpe_esmagador3,adaga_rapida3 passivas={ "pele_de_pedra": 5, "botas_leves": 1, "constituicao": 2, "foco_arcano": 3, "cota_de_malha": 3 } | itens=4 | limite de fases | chefe=dagruve:30s/pvmin97%,docas:14s/pvmin100%,shedaklah:23s/pvmin100%
maelor;dagruve;seed 5: maelor | fases=dagruve,docas,shedaklah,molor | profundidade=3 x1.90 | nv=36 armas=raio_de_luz5,vela_sagrada5,sentenca_de_lliira5,marca_da_retidao5 passivas={ "cota_de_malha": 5, "robe_arcano": 1, "pele_de_pedra": 4, "botas_leves": 1, "regeneracao": 5 } | itens=4 | limite de fases | chefe=dagruve:150s/pvmin91%,docas:11s/pvmin85%,shedaklah:48s/pvmin99%
maelor;dagruve;seed 6: maelor | fases=dagruve,docas,shedaklah,molor | profundidade=3 x1.90 | nv=33 armas=luz_mais_pura1,lamina_trovejante5,raio_enfraquecedor5,espada_do_receptaculo1 passivas={ "cota_de_malha": 2, "constituicao": 3, "inteligencia": 1, "pele_de_pedra": 4, "carisma": 1 } | itens=4 | limite de fases | chefe=dagruve:60s/pvmin97%,docas:76s/pvmin83%,shedaklah:25s/pvmin94%
maelor;dagruve;seed 7: maelor | fases=dagruve,docas,shedaklah,molor | profundidade=3 x1.90 | nv=37 armas=raio_de_luz5,marca_da_retidao5,chuva_de_estrelas1,estocada_mistica5 passivas={ "pele_de_pedra": 4, "foco_arcano": 5, "inteligencia": 1, "regeneracao": 5, "botas_leves": 1 } | itens=4 | limite de fases | chefe=dagruve:28s/pvmin97%,docas:94s/pvmin94%,shedaklah:18s/pvmin93%
maelor;dagruve;seed 8: maelor | fases=dagruve,docas,shedaklah,molor | profundidade=3 x1.90 | nv=41 armas=raio_de_luz5,descarga_estelar5,estocada_mistica5,espada_sombria5 passivas={ "forca": 5, "regeneracao": 5, "pele_de_pedra": 5, "sorte_de_sendrinah": 2, "sabedoria": 4 } | itens=4 | limite de fases | chefe=dagruve:47s/pvmin81%,docas:48s/pvmin86%,shedaklah:1001s/pvmin84%
maelor;dagruve;seed 9: maelor | fases=dagruve,docas,shedaklah,molor | profundidade=3 x1.90 | nv=35 armas=luz_mais_pura1,descarga_estelar5,julgamento_da_gloria1,estocada_mistica5 passivas={ "constituicao": 5, "forca": 3, "cota_de_malha": 2, "pele_de_pedra": 2, "carisma": 1 } | itens=4 | limite de fases | chefe=dagruve:180s/pvmin83%,docas:13s/pvmin94%,shedaklah:23s/pvmin91%
maelor;dagruve;seed 10: maelor | fases=dagruve,docas,shedaklah,molor | profundidade=3 x1.90 | nv=32 armas=luz_mais_pura1,raio_enfraquecedor5,dominar_pessoa5,espada_do_receptaculo1 passivas={ "pele_de_pedra": 2, "constituicao": 3, "robe_arcano": 1, "regeneracao": 2, "cota_de_malha": 2 } | itens=4 | limite de fases | chefe=dagruve:38s/pvmin100%,docas:34s/pvmin76%,shedaklah:15s/pvmin83%
maelor;dagruve;seed 11: maelor | fases=dagruve,docas,shedaklah,molor | profundidade=3 x1.90 | nv=37 armas=luz_mais_pura1,descarga_estelar5,vela_sagrada5,lamina_trovejante5 passivas={ "foco_arcano": 5, "constituicao": 4, "regeneracao": 3, "robe_arcano": 1, "pele_de_pedra": 3 } | itens=4 | limite de fases | chefe=dagruve:20s/pvmin82%,docas:8s/pvmin100%,shedaklah:8s/pvmin93%
maelor;dagruve;seed 12: maelor | fases=dagruve,docas,shedaklah,molor | profundidade=3 x1.90 | nv=36 armas=luz_mais_pura1,golpe_esmagador5,adaga_rapida5,chuva_de_estrelas1 passivas={ "constituicao": 2, "foco_arcano": 5, "regeneracao": 2, "inteligencia": 2, "forca": 3 } | itens=4 | limite de fases | chefe=dagruve:665s/pvmin75%,docas:29s/pvmin91%,shedaklah:5s/pvmin100%
maelor;dagruve;seed 13: maelor | fases=dagruve,docas,shedaklah,molor | profundidade=3 x1.90 | nv=35 armas=luz_mais_pura1,chuva_de_estrelas1,golpe_esmagador5,adaga_rapida5 passivas={ "constituicao": 4, "inteligencia": 1, "cota_de_malha": 2, "pele_de_pedra": 5, "regeneracao": 1 } | itens=4 | limite de fases | chefe=dagruve:36s/pvmin100%,docas:45s/pvmin91%,shedaklah:30s/pvmin89%
maelor;dagruve;seed 14: maelor | fases=dagruve,docas,shedaklah,molor | profundidade=3 x1.90 | nv=33 armas=raio_de_luz5,golpe_esmagador5,espada_sombria5,adaga_rapida5 passivas={ "foco_arcano": 3, "cota_de_malha": 2, "pele_de_pedra": 5, "regeneracao": 2, "carisma": 1 } | itens=4 | limite de fases | chefe=dagruve:347s/pvmin85%,docas:38s/pvmin98%,shedaklah:106s/pvmin88%
maelor;dagruve;seed 15: maelor | fases=dagruve,docas,shedaklah,molor | profundidade=3 x1.90 | nv=33 armas=luz_mais_pura1,estocada_mistica5,sentenca_de_lliira5,golpe_esmagador5 passivas={ "regeneracao": 4, "pele_de_pedra": 4, "cota_de_malha": 1, "forca": 2, "constituicao": 1 } | itens=4 | limite de fases | chefe=dagruve:397s/pvmin90%,docas:180s/pvmin75%,shedaklah:33s/pvmin96%
maelor;dagruve;seed 16: maelor | fases=dagruve,docas,shedaklah,molor | profundidade=3 x1.90 | nv=35 armas=luz_mais_pura1,golpe_esmagador5,dominar_pessoa5,adaga_rapida5 passivas={ "regeneracao": 5, "constituicao": 1, "cota_de_malha": 5, "forca": 2, "botas_leves": 1 } | itens=4 | limite de fases | chefe=dagruve:14s/pvmin100%,docas:21s/pvmin90%,shedaklah:57s/pvmin95%
maelor;dagruve;seed 17: maelor | fases=dagruve,docas,shedaklah,molor | profundidade=3 x1.90 | nv=34 armas=raio_de_luz5,marca_da_retidao5,sentenca_de_lliira5,raio_enfraquecedor5 passivas={ "botas_leves": 2, "sorte_de_sendrinah": 2, "alcance": 2, "pele_de_pedra": 5, "cota_de_malha": 3 } | itens=4 | limite de fases | chefe=dagruve:26s/pvmin95%,docas:20s/pvmin100%,shedaklah:185s/pvmin97%
maelor;dagruve;seed 18: maelor | fases=dagruve,docas,shedaklah,molor | profundidade=3 x1.90 | nv=35 armas=raio_de_luz4,marca_da_retidao5,descarga_estelar5,machado_de_xargath5,raio_enfraquecedor4 passivas={ "foco_arcano": 4, "regeneracao": 2, "pele_de_pedra": 2, "cota_de_malha": 3, "constituicao": 2 } | itens=4 | limite de fases | chefe=dagruve:207s/pvmin87%,docas:99s/pvmin89%,shedaklah:119s/pvmin75%
maelor;dagruve;seed 19: maelor | fases=dagruve,docas,shedaklah,molor | profundidade=3 x1.90 | nv=34 armas=luz_mais_pura1,marca_da_retidao5,dominar_pessoa3,raio_enfraquecedor5 passivas={ "regeneracao": 5, "forca": 2, "pele_de_pedra": 5, "inteligencia": 1, "constituicao": 2 } | itens=4 | limite de fases | chefe=dagruve:51s/pvmin97%,docas:102s/pvmin92%,shedaklah:42s/pvmin91%
maelor;dagruve;seed 20: maelor | fases=dagruve,docas,shedaklah,molor | profundidade=3 x1.90 | nv=35 armas=luz_mais_pura1,dominar_pessoa5,descarga_estelar5,sentenca_de_lliira5 passivas={ "regeneracao": 3, "constituicao": 2, "cota_de_malha": 3, "forca": 1, "foco_arcano": 5 } | itens=4 | limite de fases | chefe=dagruve:80s/pvmin92%,docas:63s/pvmin88%,shedaklah:16s/pvmin84%
maelor;dagruve;seed 21: maelor | fases=dagruve,docas,shedaklah,molor | profundidade=3 x1.90 | nv=35 armas=raio_de_luz5,sentenca_de_lliira5,golpe_esmagador5,espada_sombria4 passivas={ "regeneracao": 4, "pele_de_pedra": 4, "botas_leves": 3, "robe_arcano": 3, "cota_de_malha": 2 } | itens=4 | limite de fases | chefe=dagruve:174s/pvmin90%,docas:62s/pvmin96%,shedaklah:213s/pvmin86%
maelor;dagruve;seed 22: maelor | fases=dagruve | profundidade=0 x1.00 | nv=10 armas=raio_de_luz3,lamina_trovejante1,sentenca_de_lliira2 passivas={ "pele_de_pedra": 1, "cota_de_malha": 1, "forca": 1, "constituicao": 1 } | itens=1 | morreu em dagruve (139s) nv10 por volta de 42 inimigos, boss=nao-surgiu | chefe=
maelor;dagruve;seed 23: maelor | fases=dagruve,docas,shedaklah,molor | profundidade=3 x1.90 | nv=34 armas=luz_mais_pura1,lamina_trovejante5,vela_sagrada5,descarga_estelar5 passivas={ "pele_de_pedra": 3, "foco_arcano": 1, "constituicao": 3, "forca": 5, "cota_de_malha": 1 } | itens=4 | limite de fases | chefe=dagruve:39s/pvmin80%,docas:18s/pvmin100%,shedaklah:32s/pvmin98%
maelor;dagruve;seed 24: maelor | fases=dagruve,docas,shedaklah,molor | profundidade=3 x1.90 | nv=31 armas=luz_mais_pura1,golpe_esmagador5,raio_enfraquecedor5,marca_da_retidao3 passivas={ "pele_de_pedra": 5, "constituicao": 1, "cota_de_malha": 3, "robe_arcano": 1, "forca": 1 } | itens=4 | limite de fases | chefe=dagruve:147s/pvmin80%,docas:199s/pvmin94%,shedaklah:46s/pvmin98%
maelor;dagruve;seed 25: maelor | fases=dagruve,docas,shedaklah,molor | profundidade=3 x1.90 | nv=37 armas=luz_mais_pura1,sentenca_de_lliira3,estocada_mistica5,golpe_esmagador5 passivas={ "constituicao": 5, "sabedoria": 2, "robe_arcano": 3, "botas_leves": 3, "foco_arcano": 5 } | itens=4 | limite de fases | chefe=dagruve:29s/pvmin72%,docas:16s/pvmin100%,shedaklah:16s/pvmin89%
maelor;dagruve;seed 26: maelor | fases=dagruve,docas,shedaklah,molor | profundidade=3 x1.90 | nv=42 armas=luz_mais_pura1,adaga_rapida5,dominar_pessoa5,sentenca_de_lliira5 passivas={ "pele_de_pedra": 5, "foco_arcano": 4, "constituicao": 4, "regeneracao": 4, "sabedoria": 1 } | itens=4 | limite de fases | chefe=dagruve:431s/pvmin93%,docas:233s/pvmin92%,shedaklah:2122s/pvmin85%
maelor;dagruve;seed 27: maelor | fases=dagruve,docas,shedaklah,molor | profundidade=3 x1.90 | nv=34 armas=raio_de_luz5,dominar_pessoa5,golpe_esmagador5,sentenca_de_lliira5 passivas={ "alcance": 1, "cota_de_malha": 5, "botas_leves": 1, "regeneracao": 5, "sabedoria": 2 } | itens=4 | limite de fases | chefe=dagruve:181s/pvmin88%,docas:43s/pvmin74%,shedaklah:316s/pvmin66%
maelor;dagruve;seed 28: maelor | fases=dagruve,docas,shedaklah,molor | profundidade=3 x1.90 | nv=38 armas=raio_de_luz5,golpe_esmagador5,adaga_rapida5,cera_fervente5 passivas={ "forca": 4, "foco_arcano": 5, "robe_arcano": 1, "regeneracao": 5, "sabedoria": 1 } | itens=4 | limite de fases | chefe=dagruve:256s/pvmin83%,docas:33s/pvmin100%,shedaklah:28s/pvmin100%
maelor;dagruve;seed 29: maelor | fases=dagruve | profundidade=0 x1.00 | nv=4 armas=raio_de_luz2 passivas={ "regeneracao": 2 } | itens=1 | morreu em dagruve (60s) nv4 por volta de 46 inimigos, boss=nao-surgiu | chefe=
maelor;dagruve;seed 30: maelor | fases=dagruve,docas,shedaklah,molor | profundidade=3 x1.90 | nv=33 armas=luz_mais_pura1,espada_sombria3,sentenca_de_lliira4,golpe_atordoante1 passivas={ "forca": 5, "constituicao": 3, "cota_de_malha": 4, "regeneracao": 5, "botas_leves": 2 } | itens=4 | limite de fases | chefe=dagruve:153s/pvmin83%,docas:77s/pvmin74%,shedaklah:71s/pvmin86%
sylas;dagruve;seed 1: sylas | fases=dagruve | profundidade=0 x1.00 | nv=7 armas=raio_enfraquecedor2,cera_fervente3 passivas={ "forca": 2 } | itens=1 | morreu em dagruve (82s) nv7 por volta de 40 inimigos, boss=nao-surgiu | chefe=
sylas;dagruve;seed 2: sylas | fases=dagruve,docas,shedaklah,molor | profundidade=3 x1.90 | nv=34 armas=raio_enfraquecedor5,golpe_atordoante5,vela_sagrada5,marca_da_retidao5 passivas={ "regeneracao": 2, "constituicao": 4, "cota_de_malha": 2, "alcance": 1, "pele_de_pedra": 3 } | itens=4 | limite de fases | chefe=dagruve:46s/pvmin60%,docas:26s/pvmin87%,shedaklah:424s/pvmin69%
sylas;dagruve;seed 3: sylas | fases=dagruve | profundidade=0 x1.00 | nv=4 armas=raio_enfraquecedor1 passivas={ "constituicao": 1, "regeneracao": 2 } | itens=2 | morreu em dagruve (70s) nv4 por volta de 51 inimigos, boss=nao-surgiu | chefe=
sylas;dagruve;seed 4: sylas | fases=dagruve,docas,shedaklah,molor | profundidade=3 x1.90 | nv=33 armas=raio_enfraquecedor5,estocada_mistica5,sentenca_de_lliira5,luz_mais_pura1 passivas={ "pele_de_pedra": 1, "regeneracao": 3, "constituicao": 4, "cota_de_malha": 2, "forca": 2 } | itens=4 | limite de fases | chefe=dagruve:24s/pvmin97%,docas:44s/pvmin86%,shedaklah:23s/pvmin87%
sylas;dagruve;seed 5: sylas | fases=dagruve,docas,shedaklah,molor | profundidade=3 x1.90 | nv=31 armas=raio_enfraquecedor5,vela_sagrada4,golpe_atordoante3 passivas={ "foco_arcano": 3, "cota_de_malha": 4, "pele_de_pedra": 5, "regeneracao": 5, "ganancia": 2 } | itens=4 | limite de fases | chefe=dagruve:156s/pvmin88%,docas:154s/pvmin89%,shedaklah:305s/pvmin84%
sylas;dagruve;seed 6: sylas | fases=dagruve,docas,shedaklah,molor | profundidade=3 x1.90 | nv=37 armas=raio_enfraquecedor5,estocada_mistica5,vela_sagrada5,marca_da_retidao5 passivas={ "cota_de_malha": 5, "sabedoria": 4, "pele_de_pedra": 5, "ganancia": 1, "botas_leves": 2 } | itens=4 | limite de fases | chefe=dagruve:69s/pvmin88%,docas:22s/pvmin97%,shedaklah:47s/pvmin96%
sylas;dagruve;seed 7: sylas | fases=dagruve,docas,shedaklah,molor | profundidade=3 x1.90 | nv=37 armas=raio_enfraquecedor5,cera_fervente5,raio_de_luz5,lamina_trovejante5 passivas={ "regeneracao": 3, "cota_de_malha": 5, "forca": 2, "foco_arcano": 5, "pele_de_pedra": 2 } | itens=4 | limite de fases | chefe=dagruve:15s/pvmin82%,docas:22s/pvmin85%,shedaklah:19s/pvmin100%
sylas;dagruve;seed 8: sylas | fases=dagruve,docas,shedaklah,molor | profundidade=3 x1.90 | nv=34 armas=raio_enfraquecedor4,lamina_trovejante5,adaga_rapida1,espada_sombria3 passivas={ "pele_de_pedra": 5, "cota_de_malha": 2, "constituicao": 3, "regeneracao": 5, "robe_arcano": 1 } | itens=4 | limite de fases | chefe=dagruve:54s/pvmin71%,docas:106s/pvmin97%,shedaklah:312s/pvmin87%
sylas;dagruve;seed 9: sylas | fases=dagruve | profundidade=0 x1.00 | nv=7 armas=raio_enfraquecedor2,estocada_mistica1,lamina_trovejante1 passivas={ "pele_de_pedra": 2, "constituicao": 1 } | itens=1 | morreu em dagruve (72s) nv7 por volta de 42 inimigos, boss=nao-surgiu | chefe=
sylas;dagruve;seed 10: sylas | fases=dagruve | profundidade=0 x1.00 | nv=6 armas=raio_enfraquecedor1 passivas={ "foco_arcano": 3, "cota_de_malha": 1, "pele_de_pedra": 1 } | itens=3 | morreu em dagruve (78s) nv6 por volta de 41 inimigos, boss=nao-surgiu | chefe=
sylas;dagruve;seed 11: sylas | fases=dagruve,docas,shedaklah,molor | profundidade=3 x1.90 | nv=34 armas=raio_enfraquecedor5,golpe_esmagador5,dominar_pessoa5,cera_fervente5 passivas={ "forca": 2, "constituicao": 2, "regeneracao": 5, "pele_de_pedra": 2, "ganancia": 1 } | itens=4 | limite de fases | chefe=dagruve:69s/pvmin81%,docas:29s/pvmin89%,shedaklah:23s/pvmin100%
sylas;dagruve;seed 12: sylas | fases=dagruve | profundidade=0 x1.00 | nv=8 armas=raio_enfraquecedor3,lamina_trovejante4 passivas={ "constituicao": 1 } | itens=1 | morreu em dagruve (78s) nv8 por volta de 35 inimigos, boss=nao-surgiu | chefe=
sylas;dagruve;seed 13: sylas | fases=dagruve | profundidade=0 x1.00 | nv=6 armas=raio_enfraquecedor1 passivas={ "cota_de_malha": 1, "ganancia": 1, "pele_de_pedra": 1, "forca": 1, "regeneracao": 1 } | itens=1 | morreu em dagruve (106s) nv6 por volta de 54 inimigos, boss=nao-surgiu | chefe=
sylas;dagruve;seed 14: sylas | fases=dagruve,docas,shedaklah,molor | profundidade=3 x1.90 | nv=35 armas=raio_enfraquecedor5,lamina_trovejante5,dominar_pessoa5,vela_sagrada5 passivas={ "regeneracao": 5, "constituicao": 5, "alcance": 2, "foco_arcano": 2, "cota_de_malha": 1 } | itens=4 | limite de fases | chefe=dagruve:23s/pvmin88%,docas:23s/pvmin78%,shedaklah:43s/pvmin77%
sylas;dagruve;seed 15: sylas | fases=dagruve,docas,shedaklah,molor | profundidade=3 x1.90 | nv=33 armas=raio_enfraquecedor5,vela_sagrada5,estocada_mistica5,marca_da_retidao4 passivas={ "constituicao": 2, "cota_de_malha": 2, "inteligencia": 1, "pele_de_pedra": 4, "regeneracao": 5 } | itens=4 | limite de fases | chefe=dagruve:48s/pvmin92%,docas:34s/pvmin92%,shedaklah:264s/pvmin77%
sylas;dagruve;seed 16: sylas | fases=dagruve,docas,shedaklah,molor | profundidade=3 x1.90 | nv=33 armas=raio_enfraquecedor5,lamina_trovejante5,vela_sagrada5,dominar_pessoa4 passivas={ "regeneracao": 2, "cota_de_malha": 3, "pele_de_pedra": 3, "constituicao": 5, "sorte_de_sendrinah": 1 } | itens=4 | limite de fases | chefe=dagruve:19s/pvmin100%,docas:38s/pvmin95%,shedaklah:126s/pvmin92%
sylas;dagruve;seed 17: sylas | fases=dagruve,docas,shedaklah,molor | profundidade=3 x1.90 | nv=37 armas=raio_enfraquecedor5,estocada_mistica5,golpe_esmagador5,raio_de_luz5,colar_dos_tentaculos5 passivas={ "pele_de_pedra": 3, "regeneracao": 3, "forca": 1, "foco_arcano": 4, "cota_de_malha": 2 } | itens=4 | limite de fases | chefe=dagruve:20s/pvmin88%,docas:11s/pvmin90%,shedaklah:7s/pvmin96%
sylas;dagruve;seed 18: sylas | fases=dagruve | profundidade=0 x1.00 | nv=3 armas=raio_enfraquecedor3 passivas={  } | itens=1 | morreu em dagruve (48s) nv3 por volta de 36 inimigos, boss=nao-surgiu | chefe=
sylas;dagruve;seed 19: sylas | fases=dagruve,docas,shedaklah,molor | profundidade=3 x1.90 | nv=35 armas=raio_enfraquecedor5,estocada_mistica5,lamina_trovejante5,golpe_esmagador5 passivas={ "pele_de_pedra": 5, "constituicao": 2, "inteligencia": 1, "regeneracao": 3, "forca": 4 } | itens=3 | limite de fases | chefe=dagruve:13s/pvmin83%,docas:23s/pvmin100%,shedaklah:50s/pvmin100%
sylas;dagruve;seed 20: sylas | fases=dagruve,docas,shedaklah,molor | profundidade=3 x1.90 | nv=33 armas=raio_enfraquecedor5,vela_sagrada5,espada_sombria3,lamina_trovejante2 passivas={ "regeneracao": 3, "pele_de_pedra": 3, "constituicao": 5, "inteligencia": 4, "alcance": 3 } | itens=4 | limite de fases | chefe=dagruve:117s/pvmin68%,docas:170s/pvmin75%,shedaklah:336s/pvmin82%
sylas;dagruve;seed 21: sylas | fases=dagruve,docas,shedaklah,molor | profundidade=3 x1.90 | nv=33 armas=raio_enfraquecedor4,golpe_atordoante5,sentenca_de_lliira5,vela_sagrada5 passivas={ "regeneracao": 5, "robe_arcano": 2, "pele_de_pedra": 2, "foco_arcano": 3, "cota_de_malha": 2 } | itens=4 | limite de fases | chefe=dagruve:128s/pvmin84%,docas:122s/pvmin89%,shedaklah:66s/pvmin67%
sylas;dagruve;seed 22: sylas | fases=dagruve,docas,shedaklah,molor | profundidade=3 x1.90 | nv=35 armas=raio_enfraquecedor5,estocada_mistica5,golpe_do_juizo1,vela_sagrada5 passivas={ "regeneracao": 2, "alcance": 1, "pele_de_pedra": 4, "cota_de_malha": 5, "forca": 2 } | itens=4 | limite de fases | chefe=dagruve:30s/pvmin91%,docas:18s/pvmin93%,shedaklah:10s/pvmin100%
sylas;dagruve;seed 23: sylas | fases=dagruve,docas,shedaklah | profundidade=2 x1.55 | nv=34 armas=raio_enfraquecedor5,estocada_mistica5,descarga_estelar5,adaga_rapida5 passivas={ "botas_leves": 2, "foco_arcano": 5, "ganancia": 2, "forca": 4, "alcance": 1 } | itens=4 | morreu em shedaklah (574s) nv34 por volta de 14 inimigos, boss=hp 332/780 | chefe=dagruve:29s/pvmin27%,docas:20s/pvmin100%,shedaklah:x/pvmin0%
sylas;dagruve;seed 24: sylas | fases=dagruve,docas,shedaklah | profundidade=2 x1.55 | nv=49 armas=raio_enfraquecedor5,dominar_pessoa5,golpe_esmagador5,espada_sombria5 passivas={ "robe_arcano": 5, "regeneracao": 5, "constituicao": 5, "sabedoria": 5, "botas_leves": 5 } | itens=4 | CAP de tempo em shedaklah (boss hp 170) | chefe=dagruve:170s/pvmin68%,docas:121s/pvmin82%,shedaklah:x/pvmin65%
sylas;dagruve;seed 25: sylas | fases=dagruve | profundidade=0 x1.00 | nv=3 armas=raio_enfraquecedor3 passivas={  } | itens=1 | morreu em dagruve (43s) nv3 por volta de 23 inimigos, boss=nao-surgiu | chefe=
sylas;dagruve;seed 26: sylas | fases=dagruve | profundidade=0 x1.00 | nv=7 armas=raio_enfraquecedor2,espada_sombria1,vela_sagrada2 passivas={ "foco_arcano": 1, "forca": 1 } | itens=1 | morreu em dagruve (79s) nv7 por volta de 40 inimigos, boss=nao-surgiu | chefe=
sylas;dagruve;seed 27: sylas | fases=dagruve | profundidade=0 x1.00 | nv=15 armas=raio_enfraquecedor2,estocada_mistica2,dominar_pessoa1 passivas={ "foco_arcano": 2, "forca": 2, "inteligencia": 3, "regeneracao": 1, "carisma": 2 } | itens=1 | morreu em dagruve (195s) nv15 por volta de 40 inimigos, boss=nao-surgiu | chefe=
sylas;dagruve;seed 28: sylas | fases=dagruve,docas,shedaklah | profundidade=2 x1.55 | nv=30 armas=raio_enfraquecedor5,vela_sagrada4,golpe_esmagador5,descarga_estelar5 passivas={ "cota_de_malha": 5, "forca": 2, "foco_arcano": 2, "sabedoria": 1, "pele_de_pedra": 1 } | itens=4 | tempo (estado=shop t=333s run=1043s boss=nao-surgiu) | chefe=dagruve:85s/pvmin90%,docas:25s/pvmin84%
sylas;dagruve;seed 29: sylas | fases=dagruve | profundidade=0 x1.00 | nv=6 armas=raio_enfraquecedor1,golpe_esmagador1,dominar_pessoa1 passivas={ "foco_arcano": 1, "robe_arcano": 1, "sabedoria": 1 } | itens=1 | morreu em dagruve (70s) nv6 por volta de 37 inimigos, boss=nao-surgiu | chefe=
sylas;dagruve;seed 30: sylas | fases=dagruve | profundidade=0 x1.00 | nv=7 armas=raio_enfraquecedor2,marca_da_retidao1,golpe_esmagador1 passivas={ "cota_de_malha": 1, "foco_arcano": 1, "pele_de_pedra": 1 } | itens=1 | morreu em dagruve (59s) nv7 por volta de 43 inimigos, boss=nao-surgiu | chefe=
kayron;dagruve;seed 1: kayron | fases=dagruve,docas,shedaklah,molor | profundidade=3 x1.90 | nv=37 armas=descarga_estelar5,estocada_mistica5,golpe_atordoante5,cera_fervente5 passivas={ "regeneracao": 5, "foco_arcano": 3, "pele_de_pedra": 4, "carisma": 2, "constituicao": 2 } | itens=4 | limite de fases | chefe=dagruve:11s/pvmin100%,docas:24s/pvmin84%,shedaklah:22s/pvmin98%
kayron;dagruve;seed 2: kayron | fases=dagruve | profundidade=0 x1.00 | nv=7 armas=descarga_estelar4 passivas={ "foco_arcano": 3 } | itens=1 | morreu em dagruve (193s) nv7 por volta de 58 inimigos, boss=nao-surgiu | chefe=
kayron;dagruve;seed 3: kayron | fases=dagruve | profundidade=0 x1.00 | nv=7 armas=descarga_estelar1,raio_enfraquecedor2,raio_de_luz1 passivas={ "regeneracao": 1, "cota_de_malha": 1, "foco_arcano": 1 } | itens=1 | morreu em dagruve (154s) nv7 por volta de 43 inimigos, boss=nao-surgiu | chefe=
kayron;dagruve;seed 4: kayron | fases=dagruve | profundidade=0 x1.00 | nv=2 armas=descarga_estelar1 passivas={ "constituicao": 1 } | itens=1 | morreu em dagruve (63s) nv2 por volta de 48 inimigos, boss=nao-surgiu | chefe=
kayron;dagruve;seed 5: kayron | fases=dagruve | profundidade=0 x1.00 | nv=4 armas=descarga_estelar1,dominar_pessoa1,marca_da_retidao2 passivas={  } | itens=1 | morreu em dagruve (93s) nv4 por volta de 51 inimigos, boss=nao-surgiu | chefe=
kayron;dagruve;seed 6: kayron | fases=dagruve | profundidade=0 x1.00 | nv=5 armas=descarga_estelar1,cera_fervente1,chicote_avarento2 passivas={ "constituicao": 1, "pele_de_pedra": 1 } | itens=1 | morreu em dagruve (59s) nv5 por volta de 29 inimigos, boss=nao-surgiu | chefe=
kayron;dagruve;seed 7: kayron | fases=dagruve | profundidade=0 x1.00 | nv=2 armas=descarga_estelar1 passivas={ "pele_de_pedra": 1 } | itens=1 | morreu em dagruve (69s) nv2 por volta de 46 inimigos, boss=nao-surgiu | chefe=
kayron;dagruve;seed 8: kayron | fases=dagruve | profundidade=0 x1.00 | nv=4 armas=descarga_estelar1,golpe_esmagador1,raio_de_luz1 passivas={ "forca": 1 } | itens=1 | morreu em dagruve (51s) nv4 por volta de 34 inimigos, boss=nao-surgiu | chefe=
kayron;dagruve;seed 9: kayron | fases=dagruve,docas,shedaklah,molor | profundidade=3 x1.90 | nv=35 armas=descarga_estelar5,vela_sagrada5,sentenca_de_lliira5,luz_mais_pura1 passivas={ "pele_de_pedra": 5, "foco_arcano": 4, "forca": 1, "constituicao": 2, "regeneracao": 2 } | itens=4 | limite de fases | chefe=dagruve:157s/pvmin88%,docas:27s/pvmin93%,shedaklah:25s/pvmin100%
kayron;dagruve;seed 10: kayron | fases=dagruve,docas,shedaklah,molor | profundidade=3 x1.90 | nv=35 armas=descarga_estelar5,luz_mais_pura1,adaga_rapida5,raio_enfraquecedor5 passivas={ "cota_de_malha": 4, "foco_arcano": 5, "constituicao": 2, "pele_de_pedra": 2, "regeneracao": 1 } | itens=4 | limite de fases | chefe=dagruve:82s/pvmin100%,docas:11s/pvmin100%,shedaklah:13s/pvmin100%
kayron;dagruve;seed 11: kayron | fases=dagruve | profundidade=0 x1.00 | nv=5 armas=descarga_estelar1,marca_da_retidao2,sentenca_de_lliira1 passivas={ "robe_arcano": 1 } | itens=1 | morreu em dagruve (54s) nv5 por volta de 27 inimigos, boss=nao-surgiu | chefe=
kayron;dagruve;seed 12: kayron | fases=dagruve,docas,shedaklah,molor | profundidade=3 x1.90 | nv=34 armas=descarga_estelar5,vela_sagrada5,marca_da_retidao5,dominar_pessoa5 passivas={ "robe_arcano": 1, "constituicao": 2, "pele_de_pedra": 4, "cota_de_malha": 4, "forca": 3 } | itens=4 | limite de fases | chefe=dagruve:254s/pvmin63%,docas:55s/pvmin90%,shedaklah:89s/pvmin89%
kayron;dagruve;seed 13: kayron | fases=dagruve,docas,shedaklah,molor | profundidade=3 x1.90 | nv=38 armas=descarga_estelar5,golpe_atordoante5,luz_mais_pura1,raio_enfraquecedor5 passivas={ "constituicao": 3, "pele_de_pedra": 2, "regeneracao": 4, "cota_de_malha": 5, "foco_arcano": 3 } | itens=4 | limite de fases | chefe=dagruve:182s/pvmin56%,docas:30s/pvmin90%,shedaklah:12s/pvmin93%
kayron;dagruve;seed 14: kayron | fases=dagruve | profundidade=0 x1.00 | nv=10 armas=descarga_estelar2,golpe_esmagador1,raio_de_luz2 passivas={ "robe_arcano": 1, "forca": 1, "regeneracao": 2, "botas_leves": 1 } | itens=1 | morreu em dagruve (141s) nv10 por volta de 31 inimigos, boss=nao-surgiu | chefe=
kayron;dagruve;seed 15: kayron | fases=dagruve,docas,shedaklah,molor | profundidade=3 x1.90 | nv=36 armas=descarga_estelar5,luz_mais_pura1,espada_sombria5,raio_enfraquecedor4 passivas={ "foco_arcano": 5, "sabedoria": 2, "pele_de_pedra": 5, "robe_arcano": 1, "constituicao": 3 } | itens=4 | limite de fases | chefe=dagruve:28s/pvmin53%,docas:23s/pvmin77%,shedaklah:8s/pvmin83%
kayron;dagruve;seed 16: kayron | fases=dagruve | profundidade=0 x1.00 | nv=8 armas=descarga_estelar1,dominar_pessoa2,raio_de_luz2 passivas={ "constituicao": 2, "cota_de_malha": 1 } | itens=1 | morreu em dagruve (106s) nv8 por volta de 51 inimigos, boss=nao-surgiu | chefe=
kayron;dagruve;seed 17: kayron | fases=dagruve | profundidade=0 x1.00 | nv=4 armas=descarga_estelar1,marca_da_retidao1,raio_de_luz2 passivas={  } | itens=1 | morreu em dagruve (61s) nv4 por volta de 39 inimigos, boss=nao-surgiu | chefe=
kayron;dagruve;seed 18: kayron | fases=dagruve,docas,shedaklah,molor | profundidade=3 x1.90 | nv=34 armas=descarga_estelar5,lamina_trovejante5,cera_fervente5,raio_de_luz3 passivas={ "pele_de_pedra": 3, "constituicao": 3, "regeneracao": 3, "sorte_de_sendrinah": 1, "carisma": 3 } | itens=4 | limite de fases | chefe=dagruve:27s/pvmin100%,docas:18s/pvmin91%,shedaklah:25s/pvmin97%
kayron;dagruve;seed 19: kayron | fases=dagruve | profundidade=0 x1.00 | nv=7 armas=descarga_estelar1,dominar_pessoa2,lamina_trovejante1 passivas={ "foco_arcano": 2, "constituicao": 1 } | itens=1 | morreu em dagruve (153s) nv7 por volta de 53 inimigos, boss=nao-surgiu | chefe=
kayron;dagruve;seed 20: kayron | fases=dagruve | profundidade=0 x1.00 | nv=4 armas=descarga_estelar2,marca_da_retidao1 passivas={ "constituicao": 1 } | itens=1 | morreu em dagruve (104s) nv4 por volta de 56 inimigos, boss=nao-surgiu | chefe=
kayron;dagruve;seed 21: kayron | fases=dagruve | profundidade=0 x1.00 | nv=7 armas=descarga_estelar2 passivas={ "pele_de_pedra": 2, "cota_de_malha": 2, "carisma": 1 } | itens=1 | morreu em dagruve (308s) nv7 por volta de 63 inimigos, boss=hp 260/260 | chefe=dagruve:x/pvmin0%
kayron;dagruve;seed 22: kayron | fases=dagruve | profundidade=0 x1.00 | nv=6 armas=descarga_estelar2,dominar_pessoa2,raio_enfraquecedor1 passivas={ "regeneracao": 1 } | itens=1 | morreu em dagruve (104s) nv6 por volta de 50 inimigos, boss=nao-surgiu | chefe=
kayron;dagruve;seed 23: kayron | fases=dagruve | profundidade=0 x1.00 | nv=3 armas=descarga_estelar2 passivas={ "cota_de_malha": 1 } | itens=1 | morreu em dagruve (106s) nv3 por volta de 57 inimigos, boss=nao-surgiu | chefe=
kayron;dagruve;seed 24: kayron | fases=dagruve | profundidade=0 x1.00 | nv=10 armas=descarga_estelar2,chicote_avarento2,espada_sombria1,dominar_pessoa1 passivas={ "constituicao": 1, "inteligencia": 1, "sorte_de_sendrinah": 1, "ganancia": 1, "cota_de_malha": 1 } | itens=1 | morreu em dagruve (109s) nv10 por volta de 38 inimigos, boss=nao-surgiu | chefe=
kayron;dagruve;seed 25: kayron | fases=dagruve,docas,shedaklah,molor | profundidade=3 x1.90 | nv=37 armas=descarga_estelar5,dominar_pessoa5,golpe_esmagador5,vela_sagrada5 passivas={ "constituicao": 5, "regeneracao": 5, "foco_arcano": 5, "botas_leves": 1, "alcance": 1 } | itens=4 | limite de fases | chefe=dagruve:31s/pvmin83%,docas:45s/pvmin89%,shedaklah:428s/pvmin69%
kayron;dagruve;seed 26: kayron | fases=dagruve | profundidade=0 x1.00 | nv=4 armas=descarga_estelar2 passivas={ "cota_de_malha": 1, "regeneracao": 1 } | itens=1 | morreu em dagruve (38s) nv4 por volta de 24 inimigos, boss=nao-surgiu | chefe=
kayron;dagruve;seed 27: kayron | fases=dagruve,docas,shedaklah,molor | profundidade=3 x1.90 | nv=36 armas=descarga_estelar5,marca_da_retidao5,golpe_atordoante5,espada_sombria5 passivas={ "foco_arcano": 4, "regeneracao": 3, "constituicao": 5, "robe_arcano": 1, "sabedoria": 1 } | itens=4 | limite de fases | chefe=dagruve:254s/pvmin61%,docas:22s/pvmin91%,shedaklah:10s/pvmin100%
kayron;dagruve;seed 28: kayron | fases=dagruve | profundidade=0 x1.00 | nv=3 armas=descarga_estelar2 passivas={ "foco_arcano": 1 } | itens=1 | morreu em dagruve (79s) nv3 por volta de 53 inimigos, boss=nao-surgiu | chefe=
kayron;dagruve;seed 29: kayron | fases=dagruve | profundidade=0 x1.00 | nv=6 armas=descarga_estelar1,raio_enfraquecedor4 passivas={ "constituicao": 1 } | itens=1 | morreu em dagruve (153s) nv6 por volta de 60 inimigos, boss=nao-surgiu | chefe=
kayron;dagruve;seed 30: kayron | fases=dagruve | profundidade=0 x1.00 | nv=5 armas=descarga_estelar1,raio_de_luz2 passivas={ "pele_de_pedra": 2 } | itens=0 | morreu em dagruve (143s) nv5 por volta de 54 inimigos, boss=nao-surgiu | chefe=
korrak;dagruve;seed 1: korrak | fases=dagruve,docas,shedaklah,molor | profundidade=3 x1.90 | nv=35 armas=machado_de_xargath5,adaga_rapida5,cera_fervente5,golpe_atordoante5 passivas={ "foco_arcano": 4, "pele_de_pedra": 4, "botas_leves": 1, "robe_arcano": 1, "constituicao": 5 } | itens=4 | limite de fases | chefe=dagruve:43s/pvmin90%,docas:25s/pvmin100%,shedaklah:44s/pvmin90%
korrak;dagruve;seed 2: korrak | fases=dagruve,docas,shedaklah,molor | profundidade=3 x1.90 | nv=33 armas=machado_de_xargath5,vela_sagrada5,espada_do_receptaculo1,cera_fervente5 passivas={ "regeneracao": 3, "constituicao": 2, "cota_de_malha": 1, "forca": 3, "pele_de_pedra": 3 } | itens=4 | limite de fases | chefe=dagruve:13s/pvmin89%,docas:27s/pvmin98%,shedaklah:41s/pvmin87%
korrak;dagruve;seed 3: korrak | fases=dagruve,docas,shedaklah | profundidade=2 x1.55 | nv=42 armas=machado_de_xargath5,golpe_esmagador5,dominar_pessoa5,vela_sagrada5 passivas={ "pele_de_pedra": 5, "ganancia": 4, "constituicao": 5, "robe_arcano": 3, "cota_de_malha": 5 } | itens=4 | CAP de tempo em shedaklah (boss hp 277) | chefe=dagruve:745s/pvmin88%,docas:130s/pvmin87%,shedaklah:x/pvmin90%
korrak;dagruve;seed 4: korrak | fases=dagruve,docas,shedaklah,molor | profundidade=3 x1.90 | nv=34 armas=machado_de_xargath5,dominar_pessoa3,espada_do_receptaculo1,golpe_do_juizo1 passivas={ "pele_de_pedra": 5, "cota_de_malha": 3, "foco_arcano": 3, "constituicao": 2, "forca": 1 } | itens=4 | limite de fases | chefe=dagruve:1388s/pvmin88%,docas:177s/pvmin98%,shedaklah:1218s/pvmin90%
korrak;dagruve;seed 5: korrak | fases=dagruve,docas,shedaklah,molor | profundidade=3 x1.90 | nv=32 armas=machado_de_xargath5,descarga_estelar5,vela_sagrada5,golpe_do_juizo1 passivas={ "sorte_de_sendrinah": 1, "foco_arcano": 3, "forca": 4, "constituicao": 2, "alcance": 1 } | itens=4 | limite de fases | chefe=dagruve:397s/pvmin89%,docas:84s/pvmin98%,shedaklah:165s/pvmin87%
korrak;dagruve;seed 6: korrak | fases=dagruve,docas,shedaklah,molor | profundidade=3 x1.90 | nv=36 armas=machado_de_xargath5,marca_da_retidao5,golpe_do_juizo1,raio_enfraquecedor5 passivas={ "pele_de_pedra": 5, "foco_arcano": 2, "constituicao": 3, "robe_arcano": 1, "forca": 4 } | itens=4 | limite de fases | chefe=dagruve:396s/pvmin91%,docas:70s/pvmin90%,shedaklah:1713s/pvmin75%
korrak;dagruve;seed 7: korrak | fases=dagruve,docas,shedaklah,molor | profundidade=3 x1.90 | nv=34 armas=machado_de_xargath5,espada_sombria3,dominar_pessoa4,raio_enfraquecedor5 passivas={ "regeneracao": 5, "forca": 5, "pele_de_pedra": 3, "sorte_de_sendrinah": 1, "constituicao": 1 } | itens=4 | limite de fases | chefe=dagruve:369s/pvmin88%,docas:84s/pvmin91%,shedaklah:1217s/pvmin73%
korrak;dagruve;seed 8: korrak | fases=dagruve,docas,shedaklah,molor | profundidade=3 x1.90 | nv=32 armas=machado_de_xargath5,lamina_trovejante3,golpe_do_juizo1,sentenca_de_lliira5 passivas={ "forca": 3, "cota_de_malha": 3, "constituicao": 5, "botas_leves": 1, "robe_arcano": 1 } | itens=4 | limite de fases | chefe=dagruve:215s/pvmin71%,docas:90s/pvmin90%,shedaklah:111s/pvmin82%
korrak;dagruve;seed 9: korrak | fases=dagruve,docas,shedaklah,molor | profundidade=3 x1.90 | nv=37 armas=machado_de_xargath5,tempestade1,dominar_pessoa5,golpe_atordoante5 passivas={ "alcance": 1, "pele_de_pedra": 5, "foco_arcano": 5, "botas_leves": 2, "ganancia": 3 } | itens=4 | limite de fases | chefe=dagruve:229s/pvmin77%,docas:46s/pvmin85%,shedaklah:41s/pvmin96%
korrak;dagruve;seed 10: korrak | fases=dagruve,docas,shedaklah,molor | profundidade=3 x1.90 | nv=36 armas=machado_de_xargath5,cera_fervente5,adaga_rapida5,dominar_pessoa5 passivas={ "forca": 5, "pele_de_pedra": 1, "regeneracao": 4, "foco_arcano": 5, "ganancia": 1 } | itens=4 | limite de fases | chefe=dagruve:407s/pvmin93%,docas:27s/pvmin100%,shedaklah:23s/pvmin100%
korrak;dagruve;seed 11: korrak | fases=dagruve,docas,shedaklah,molor | profundidade=3 x1.90 | nv=34 armas=machado_de_xargath5,golpe_esmagador5,adaga_rapida5,descarga_estelar4 passivas={ "constituicao": 5, "cota_de_malha": 3, "forca": 3, "pele_de_pedra": 1, "regeneracao": 3 } | itens=4 | limite de fases | chefe=dagruve:798s/pvmin85%,docas:59s/pvmin100%,shedaklah:1102s/pvmin61%
korrak;dagruve;seed 12: korrak | fases=dagruve,docas,shedaklah,molor | profundidade=3 x1.90 | nv=33 armas=machado_de_xargath5,adaga_rapida5,golpe_do_juizo1,espada_do_receptaculo1 passivas={ "forca": 5, "constituicao": 5, "cota_de_malha": 1 } | itens=3 | limite de fases | chefe=dagruve:271s/pvmin77%,docas:79s/pvmin92%,shedaklah:733s/pvmin77%
korrak;dagruve;seed 13: korrak | fases=dagruve,docas | profundidade=1 x1.25 | nv=22 armas=machado_de_xargath5,espada_sombria3,adaga_rapida1 passivas={ "foco_arcano": 2, "pele_de_pedra": 2, "forca": 3, "regeneracao": 4, "cota_de_malha": 2 } | itens=4 | tempo (estado=shop t=390s run=891s boss=caiu) | chefe=dagruve:200s/pvmin70%,docas:90s/pvmin93%
korrak;dagruve;seed 14: korrak | fases=dagruve,docas | profundidade=1 x1.25 | nv=25 armas=machado_de_xargath3,espada_sombria5,adaga_rapida1,colar_dos_tentaculos2,marca_da_retidao1 passivas={ "foco_arcano": 5, "pele_de_pedra": 5, "forca": 1, "botas_leves": 1, "robe_arcano": 2 } | itens=4 | tempo (estado=shop t=313s run=908s boss=caiu) | chefe=dagruve:294s/pvmin83%,docas:13s/pvmin100%
korrak;dagruve;seed 15: korrak | fases=dagruve,docas,shedaklah,molor | profundidade=3 x1.90 | nv=31 armas=machado_de_xargath5,vela_sagrada5,julgamento_da_gloria1,raio_enfraquecedor3,chicote_avarento1 passivas={ "cota_de_malha": 3, "pele_de_pedra": 3, "regeneracao": 2, "carisma": 1, "inteligencia": 1 } | itens=4 | limite de fases | chefe=dagruve:583s/pvmin71%,docas:159s/pvmin84%,shedaklah:83s/pvmin80%
korrak;dagruve;seed 16: korrak | fases=dagruve,docas,shedaklah,molor | profundidade=3 x1.90 | nv=30 armas=machado_de_xargath5,adaga_rapida5,dominar_pessoa5,marca_da_retidao2 passivas={ "regeneracao": 5, "pele_de_pedra": 3, "foco_arcano": 2, "forca": 2, "constituicao": 1 } | itens=4 | limite de fases | chefe=dagruve:228s/pvmin83%,docas:31s/pvmin97%,shedaklah:421s/pvmin80%
korrak;dagruve;seed 17: korrak | fases=dagruve,docas,shedaklah,molor | profundidade=3 x1.90 | nv=35 armas=machado_de_xargath5,vela_sagrada5,dominar_pessoa5,golpe_atordoante5 passivas={ "regeneracao": 3, "constituicao": 4, "ganancia": 1, "foco_arcano": 2, "pele_de_pedra": 5 } | itens=4 | limite de fases | chefe=dagruve:258s/pvmin89%,docas:121s/pvmin86%,shedaklah:1090s/pvmin74%
korrak;dagruve;seed 18: korrak | fases=dagruve,docas,shedaklah,molor | profundidade=3 x1.90 | nv=35 armas=machado_de_xargath5,golpe_esmagador5,dominar_pessoa5,luz_mais_pura1 passivas={ "regeneracao": 4, "constituicao": 5, "sabedoria": 1, "sorte_de_sendrinah": 1, "cota_de_malha": 3 } | itens=4 | limite de fases | chefe=dagruve:566s/pvmin72%,docas:18s/pvmin93%,shedaklah:13s/pvmin79%
korrak;dagruve;seed 19: korrak | fases=dagruve,docas,shedaklah,molor | profundidade=3 x1.90 | nv=34 armas=machado_de_xargath5,adaga_rapida3,cera_fervente5,espada_sombria5,colar_dos_tentaculos5 passivas={ "constituicao": 2, "pele_de_pedra": 5, "cota_de_malha": 2, "forca": 2, "regeneracao": 1 } | itens=4 | limite de fases | chefe=dagruve:81s/pvmin76%,docas:17s/pvmin96%,shedaklah:22s/pvmin96%
korrak;dagruve;seed 20: korrak | fases=dagruve,docas,shedaklah,molor | profundidade=3 x1.90 | nv=38 armas=machado_de_xargath5,inferno_de_cera1,raio_enfraquecedor5,dominar_pessoa5 passivas={ "forca": 3, "pele_de_pedra": 2, "alcance": 1, "constituicao": 3, "regeneracao": 4 } | itens=4 | limite de fases | chefe=dagruve:30s/pvmin97%,docas:38s/pvmin93%,shedaklah:16s/pvmin90%
korrak;dagruve;seed 21: korrak | fases=dagruve,docas,shedaklah,molor | profundidade=3 x1.90 | nv=30 armas=machado_de_xargath4,vela_sagrada5,raio_enfraquecedor5,dominar_pessoa5,colar_dos_tentaculos1 passivas={ "forca": 3, "pele_de_pedra": 2, "regeneracao": 3, "constituicao": 1, "foco_arcano": 2 } | itens=4 | limite de fases | chefe=dagruve:643s/pvmin75%,docas:74s/pvmin91%,shedaklah:620s/pvmin86%
korrak;dagruve;seed 22: korrak | fases=dagruve,docas,shedaklah,molor | profundidade=3 x1.90 | nv=35 armas=machado_de_xargath5,dominar_pessoa5,vela_sagrada5,descarga_estelar5 passivas={ "forca": 3, "constituicao": 3, "cota_de_malha": 4, "regeneracao": 3, "sabedoria": 2 } | itens=4 | limite de fases | chefe=dagruve:189s/pvmin87%,docas:154s/pvmin84%,shedaklah:850s/pvmin78%
korrak;dagruve;seed 23: korrak | fases=dagruve,docas,shedaklah,molor | profundidade=3 x1.90 | nv=31 armas=machado_de_xargath5,dominar_pessoa4,golpe_esmagador5,espada_sombria5 passivas={ "pele_de_pedra": 4, "forca": 2, "alcance": 1, "constituicao": 4, "botas_leves": 1 } | itens=4 | limite de fases | chefe=dagruve:232s/pvmin82%,docas:174s/pvmin100%,shedaklah:575s/pvmin100%
korrak;dagruve;seed 24: korrak | fases=dagruve,docas,shedaklah,molor | profundidade=3 x1.90 | nv=33 armas=machado_de_xargath5,cera_fervente5,golpe_esmagador5,dominar_pessoa5 passivas={ "pele_de_pedra": 1, "foco_arcano": 2, "forca": 5, "constituicao": 2, "cota_de_malha": 1 } | itens=4 | limite de fases | chefe=dagruve:61s/pvmin92%,docas:20s/pvmin97%,shedaklah:37s/pvmin100%
korrak;dagruve;seed 25: korrak | fases=dagruve,docas,shedaklah,molor | profundidade=3 x1.90 | nv=34 armas=machado_de_xargath5,espada_sombria5,dominar_pessoa5,marca_da_retidao5 passivas={ "forca": 2, "foco_arcano": 3, "regeneracao": 5, "pele_de_pedra": 3, "sorte_de_sendrinah": 1 } | itens=4 | limite de fases | chefe=dagruve:238s/pvmin76%,docas:115s/pvmin100%,shedaklah:542s/pvmin100%
korrak;dagruve;seed 26: korrak | fases=dagruve,docas,shedaklah | profundidade=2 x1.55 | nv=53 armas=machado_de_xargath5,golpe_do_juizo1,marca_da_retidao5,dominar_pessoa5 passivas={ "cota_de_malha": 5, "forca": 5, "foco_arcano": 5, "pele_de_pedra": 5, "ganancia": 5 } | itens=4 | CAP de tempo em shedaklah (boss hp 243) | chefe=dagruve:350s/pvmin91%,docas:35s/pvmin94%,shedaklah:x/pvmin78%
korrak;dagruve;seed 27: korrak | fases=dagruve,docas,shedaklah,molor | profundidade=3 x1.90 | nv=30 armas=machado_de_xargath5,adaga_rapida5,estocada_mistica5,dominar_pessoa4 passivas={ "foco_arcano": 3, "regeneracao": 5, "constituicao": 1, "botas_leves": 1, "carisma": 1 } | itens=4 | limite de fases | chefe=dagruve:274s/pvmin84%,docas:69s/pvmin96%,shedaklah:51s/pvmin89%
korrak;dagruve;seed 28: korrak | fases=dagruve,docas,shedaklah,molor | profundidade=3 x1.90 | nv=31 armas=machado_de_xargath5,dominar_pessoa5,raio_de_luz5,vela_sagrada3 passivas={ "pele_de_pedra": 3, "cota_de_malha": 3, "constituicao": 2, "regeneracao": 1, "robe_arcano": 2 } | itens=4 | limite de fases | chefe=dagruve:183s/pvmin88%,docas:86s/pvmin94%,shedaklah:187s/pvmin83%
korrak;dagruve;seed 29: korrak | fases=dagruve,docas,shedaklah,molor | profundidade=3 x1.90 | nv=35 armas=machado_de_xargath5,espada_do_receptaculo1,adaga_rapida5,sentenca_de_lliira4 passivas={ "forca": 4, "cota_de_malha": 3, "alcance": 5, "ganancia": 1, "pele_de_pedra": 2 } | itens=4 | limite de fases | chefe=dagruve:22s/pvmin88%,docas:15s/pvmin97%,shedaklah:17s/pvmin86%
korrak;dagruve;seed 30: korrak | fases=dagruve,docas,shedaklah,molor | profundidade=3 x1.90 | nv=36 armas=machado_de_xargath5,cera_fervente5,golpe_atordoante5,marca_da_retidao5 passivas={ "regeneracao": 5, "constituicao": 2, "pele_de_pedra": 4, "foco_arcano": 4, "cota_de_malha": 1 } | itens=4 | limite de fases | chefe=dagruve:25s/pvmin87%,docas:34s/pvmin100%,shedaklah:16s/pvmin100%
leoric;dagruve;seed 1: leoric | fases=dagruve | profundidade=0 x1.00 | nv=4 armas=sopro_de_estrela2 passivas={ "constituicao": 2 } | itens=0 | morreu em dagruve (83s) nv4 por volta de 53 inimigos, boss=nao-surgiu | chefe=
leoric;dagruve;seed 2: leoric | fases=dagruve | profundidade=0 x1.00 | nv=6 armas=sopro_de_estrela2,dominar_pessoa1 passivas={ "constituicao": 1, "foco_arcano": 1, "cota_de_malha": 1 } | itens=1 | morreu em dagruve (106s) nv6 por volta de 55 inimigos, boss=nao-surgiu | chefe=
leoric;dagruve;seed 3: leoric | fases=dagruve | profundidade=0 x1.00 | nv=9 armas=sopro_de_estrela2,raio_de_luz2 passivas={ "cota_de_malha": 1, "constituicao": 1, "forca": 2, "foco_arcano": 1 } | itens=1 | morreu em dagruve (240s) nv9 por volta de 62 inimigos, boss=nao-surgiu | chefe=
leoric;dagruve;seed 4: leoric | fases=dagruve | profundidade=0 x1.00 | nv=8 armas=sopro_de_estrela2,golpe_atordoante2,dominar_pessoa1 passivas={ "cota_de_malha": 2, "alcance": 1 } | itens=1 | morreu em dagruve (123s) nv8 por volta de 59 inimigos, boss=nao-surgiu | chefe=
leoric;dagruve;seed 5: leoric | fases=dagruve,docas,shedaklah,molor | profundidade=3 x1.90 | nv=41 armas=sopro_de_estrela5,golpe_esmagador5,vela_sagrada5,dominar_pessoa5 passivas={ "regeneracao": 5, "pele_de_pedra": 4, "forca": 2, "constituicao": 5, "foco_arcano": 5 } | itens=4 | limite de fases | chefe=dagruve:238s/pvmin59%,docas:113s/pvmin96%,shedaklah:1595s/pvmin76%
leoric;dagruve;seed 6: leoric | fases=dagruve,docas,shedaklah,molor | profundidade=3 x1.90 | nv=39 armas=sopro_de_estrela5,adaga_rapida5,dominar_pessoa5,vela_sagrada5 passivas={ "constituicao": 3, "pele_de_pedra": 5, "ganancia": 1, "foco_arcano": 5, "regeneracao": 5 } | itens=4 | limite de fases | chefe=dagruve:302s/pvmin54%,docas:72s/pvmin72%,shedaklah:1010s/pvmin77%
leoric;dagruve;seed 7: leoric | fases=dagruve | profundidade=0 x1.00 | nv=7 armas=sopro_de_estrela1,raio_enfraquecedor2,golpe_atordoante1 passivas={ "constituicao": 1, "pele_de_pedra": 1, "foco_arcano": 1 } | itens=2 | morreu em dagruve (150s) nv7 por volta de 58 inimigos, boss=nao-surgiu | chefe=
leoric;dagruve;seed 8: leoric | fases=dagruve | profundidade=0 x1.00 | nv=5 armas=sopro_de_estrela2,golpe_atordoante1,lamina_trovejante2 passivas={  } | itens=1 | morreu em dagruve (51s) nv5 por volta de 36 inimigos, boss=nao-surgiu | chefe=
leoric;dagruve;seed 9: leoric | fases=dagruve | profundidade=0 x1.00 | nv=3 armas=sopro_de_estrela2,dominar_pessoa1 passivas={  } | itens=0 | morreu em dagruve (50s) nv3 por volta de 40 inimigos, boss=nao-surgiu | chefe=
leoric;dagruve;seed 10: leoric | fases=dagruve | profundidade=0 x1.00 | nv=7 armas=sopro_de_estrela2,dominar_pessoa1 passivas={ "regeneracao": 1, "cota_de_malha": 1, "constituicao": 1, "pele_de_pedra": 1 } | itens=1 | morreu em dagruve (119s) nv7 por volta de 55 inimigos, boss=nao-surgiu | chefe=
leoric;dagruve;seed 11: leoric | fases=dagruve | profundidade=0 x1.00 | nv=7 armas=sopro_de_estrela2,golpe_esmagador1 passivas={ "foco_arcano": 1, "regeneracao": 1, "cota_de_malha": 1, "pele_de_pedra": 1 } | itens=2 | morreu em dagruve (142s) nv7 por volta de 50 inimigos, boss=nao-surgiu | chefe=
leoric;dagruve;seed 12: leoric | fases=dagruve | profundidade=0 x1.00 | nv=6 armas=sopro_de_estrela2,dominar_pessoa1,golpe_esmagador2 passivas={ "pele_de_pedra": 1 } | itens=1 | morreu em dagruve (53s) nv6 por volta de 33 inimigos, boss=nao-surgiu | chefe=
leoric;dagruve;seed 13: leoric | fases=dagruve | profundidade=0 x1.00 | nv=6 armas=sopro_de_estrela1,golpe_atordoante2,golpe_esmagador1 passivas={ "sorte_de_sendrinah": 1, "cota_de_malha": 1 } | itens=2 | morreu em dagruve (117s) nv6 por volta de 53 inimigos, boss=nao-surgiu | chefe=
leoric;dagruve;seed 14: leoric | fases=dagruve | profundidade=0 x1.00 | nv=5 armas=sopro_de_estrela3,golpe_atordoante1 passivas={ "pele_de_pedra": 1 } | itens=1 | morreu em dagruve (98s) nv5 por volta de 51 inimigos, boss=nao-surgiu | chefe=
leoric;dagruve;seed 15: leoric | fases=dagruve,docas,shedaklah,molor | profundidade=3 x1.90 | nv=43 armas=sopro_de_estrela5,sentenca_de_lliira5,dominar_pessoa5,marca_da_retidao5 passivas={ "cota_de_malha": 5, "regeneracao": 5, "forca": 5, "ganancia": 3, "constituicao": 5 } | itens=4 | limite de fases | chefe=dagruve:266s/pvmin64%,docas:39s/pvmin86%,shedaklah:965s/pvmin70%
leoric;dagruve;seed 16: leoric | fases=dagruve | profundidade=0 x1.00 | nv=7 armas=sopro_de_estrela2,marca_da_retidao1,cera_fervente1,chicote_avarento1 passivas={ "regeneracao": 1, "ganancia": 1, "pele_de_pedra": 1 } | itens=2 | morreu em dagruve (105s) nv7 por volta de 41 inimigos, boss=nao-surgiu | chefe=
leoric;dagruve;seed 17: leoric | fases=dagruve | profundidade=0 x1.00 | nv=4 armas=sopro_de_estrela2 passivas={ "pele_de_pedra": 1, "forca": 1 } | itens=1 | morreu em dagruve (70s) nv4 por volta de 45 inimigos, boss=nao-surgiu | chefe=
leoric;dagruve;seed 18: leoric | fases=dagruve,docas,shedaklah,molor | profundidade=3 x1.90 | nv=34 armas=sopro_de_estrela5,estocada_mistica5,golpe_esmagador5,golpe_atordoante5 passivas={ "regeneracao": 4, "foco_arcano": 2, "inteligencia": 2, "carisma": 3, "forca": 3 } | itens=4 | limite de fases | chefe=dagruve:92s/pvmin80%,docas:50s/pvmin65%,shedaklah:173s/pvmin50%
leoric;dagruve;seed 19: leoric | fases=dagruve | profundidade=0 x1.00 | nv=2 armas=sopro_de_estrela2 passivas={  } | itens=0 | morreu em dagruve (43s) nv2 por volta de 30 inimigos, boss=nao-surgiu | chefe=
leoric;dagruve;seed 20: leoric | fases=dagruve | profundidade=0 x1.00 | nv=3 armas=sopro_de_estrela3 passivas={  } | itens=1 | morreu em dagruve (30s) nv3 por volta de 26 inimigos, boss=nao-surgiu | chefe=
leoric;dagruve;seed 21: leoric | fases=dagruve,docas,shedaklah,molor | profundidade=3 x1.90 | nv=38 armas=sopro_de_estrela5,vela_sagrada5,descarga_estelar5,adaga_rapida5 passivas={ "constituicao": 2, "pele_de_pedra": 5, "regeneracao": 5, "cota_de_malha": 5, "sabedoria": 1 } | itens=4 | limite de fases | chefe=dagruve:124s/pvmin94%,docas:47s/pvmin76%,shedaklah:740s/pvmin78%
leoric;dagruve;seed 22: leoric | fases=dagruve,docas,shedaklah,molor | profundidade=3 x1.90 | nv=34 armas=sopro_de_estrela5,vela_sagrada5,sentenca_de_lliira5,estocada_mistica5 passivas={ "constituicao": 2, "foco_arcano": 5, "cota_de_malha": 3, "botas_leves": 2, "pele_de_pedra": 1 } | itens=4 | limite de fases | chefe=dagruve:16s/pvmin93%,docas:19s/pvmin84%,shedaklah:100s/pvmin80%
leoric;dagruve;seed 23: leoric | fases=dagruve | profundidade=0 x1.00 | nv=8 armas=sopro_de_estrela1,descarga_estelar2,golpe_atordoante1,lamina_trovejante2 passivas={ "constituicao": 1, "inteligencia": 1 } | itens=1 | morreu em dagruve (145s) nv8 por volta de 52 inimigos, boss=nao-surgiu | chefe=
leoric;dagruve;seed 24: leoric | fases=dagruve | profundidade=0 x1.00 | nv=8 armas=sopro_de_estrela1,estocada_mistica2,golpe_atordoante1 passivas={ "cota_de_malha": 2, "inteligencia": 1, "botas_leves": 1 } | itens=1 | morreu em dagruve (128s) nv8 por volta de 61 inimigos, boss=nao-surgiu | chefe=
leoric;dagruve;seed 25: leoric | fases=dagruve,docas,shedaklah,molor | profundidade=3 x1.90 | nv=30 armas=sopro_de_estrela5,golpe_atordoante5,golpe_esmagador4,luz_mais_pura1 passivas={ "cota_de_malha": 3, "regeneracao": 1, "constituicao": 2, "pele_de_pedra": 3, "foco_arcano": 1 } | itens=4 | limite de fases | chefe=dagruve:197s/pvmin92%,docas:178s/pvmin94%,shedaklah:93s/pvmin91%
leoric;dagruve;seed 26: leoric | fases=dagruve,docas,shedaklah,molor | profundidade=3 x1.90 | nv=36 armas=sopro_de_estrela5,vela_sagrada5,estocada_mistica5,rajada_infinita1 passivas={ "constituicao": 3, "sorte_de_sendrinah": 1, "pele_de_pedra": 5, "cota_de_malha": 3, "regeneracao": 3 } | itens=4 | limite de fases | chefe=dagruve:131s/pvmin90%,docas:78s/pvmin91%,shedaklah:667s/pvmin81%
leoric;dagruve;seed 27: leoric | fases=dagruve,docas,shedaklah,molor | profundidade=3 x1.90 | nv=35 armas=sopro_de_estrela5,julgamento_da_gloria1,dominar_pessoa5,descarga_estelar5 passivas={ "pele_de_pedra": 4, "regeneracao": 5, "forca": 3, "carisma": 1, "botas_leves": 1 } | itens=4 | limite de fases | chefe=dagruve:210s/pvmin81%,docas:36s/pvmin74%,shedaklah:44s/pvmin71%
leoric;dagruve;seed 28: leoric | fases=dagruve,docas,shedaklah,molor | profundidade=3 x1.90 | nv=35 armas=sopro_de_estrela5,sentenca_de_lliira5,raio_enfraquecedor5,descarga_estelar5 passivas={ "pele_de_pedra": 5, "constituicao": 5, "sabedoria": 1, "robe_arcano": 2, "alcance": 2 } | itens=3 | limite de fases | chefe=dagruve:120s/pvmin76%,docas:39s/pvmin86%,shedaklah:35s/pvmin96%
leoric;dagruve;seed 29: leoric | fases=dagruve | profundidade=0 x1.00 | nv=10 armas=sopro_de_estrela1,ampulheta2,lamina_trovejante2 passivas={ "foco_arcano": 1, "constituicao": 2, "pele_de_pedra": 1, "botas_leves": 1, "regeneracao": 1 } | itens=2 | morreu em dagruve (111s) nv10 por volta de 34 inimigos, boss=nao-surgiu | chefe=
leoric;dagruve;seed 30: leoric | fases=dagruve | profundidade=0 x1.00 | nv=2 armas=sopro_de_estrela1,marca_da_retidao1 passivas={  } | itens=0 | morreu em dagruve (55s) nv2 por volta de 43 inimigos, boss=nao-surgiu | chefe=
nyrelia;dagruve;seed 1: nyrelia | fases=dagruve,docas,shedaklah,molor | profundidade=3 x1.90 | nv=41 armas=dominar_pessoa5,golpe_atordoante5,vela_sagrada5,sentenca_de_lliira5 passivas={ "constituicao": 4, "pele_de_pedra": 3, "foco_arcano": 5, "cota_de_malha": 5, "inteligencia": 1 } | itens=4 | limite de fases | chefe=dagruve:414s/pvmin68%,docas:1068s/pvmin48%,shedaklah:1255s/pvmin76%
nyrelia;dagruve;seed 2: nyrelia | fases=dagruve | profundidade=0 x1.00 | nv=9 armas=dominar_pessoa2,estocada_mistica3,marca_da_retidao1 passivas={ "constituicao": 2, "cota_de_malha": 1 } | itens=2 | morreu em dagruve (312s) nv9 por volta de 51 inimigos, boss=hp 182/260 | chefe=dagruve:x/pvmin0%
nyrelia;dagruve;seed 3: nyrelia | fases=dagruve,docas,shedaklah,molor | profundidade=3 x1.90 | nv=38 armas=dominar_pessoa5,vela_sagrada5,golpe_atordoante5,colar_dos_tentaculos5,raio_enfraquecedor5 passivas={ "regeneracao": 2, "pele_de_pedra": 4, "robe_arcano": 1, "foco_arcano": 5, "ganancia": 2 } | itens=4 | limite de fases | chefe=dagruve:681s/pvmin63%,docas:24s/pvmin85%,shedaklah:20s/pvmin94%
nyrelia;dagruve;seed 4: nyrelia | fases=dagruve,docas,shedaklah,molor | profundidade=3 x1.90 | nv=38 armas=dominar_pessoa5,sentenca_de_lliira5,golpe_esmagador5,vela_sagrada5 passivas={ "cota_de_malha": 4, "regeneracao": 5, "constituicao": 3, "pele_de_pedra": 5, "alcance": 1 } | itens=4 | limite de fases | chefe=dagruve:1545s/pvmin37%,docas:243s/pvmin85%,shedaklah:2328s/pvmin40%
nyrelia;dagruve;seed 5: nyrelia | fases=dagruve,docas,shedaklah,molor | profundidade=3 x1.90 | nv=32 armas=dominar_pessoa5,cera_fervente4,raio_enfraquecedor4,lamina_trovejante2 passivas={ "constituicao": 2, "pele_de_pedra": 3, "regeneracao": 4, "foco_arcano": 2, "botas_leves": 5 } | itens=4 | limite de fases | chefe=dagruve:51s/pvmin80%,docas:102s/pvmin100%,shedaklah:238s/pvmin100%
nyrelia;dagruve;seed 6: nyrelia | fases=dagruve | profundidade=0 x1.00 | nv=1 armas=dominar_pessoa1 passivas={  } | itens=1 | morreu em dagruve (69s) nv1 por volta de 47 inimigos, boss=nao-surgiu | chefe=
nyrelia;dagruve;seed 7: nyrelia | fases=dagruve,docas,shedaklah,molor | profundidade=3 x1.90 | nv=38 armas=dominar_pessoa5,sentenca_de_lliira5,adaga_rapida5,descarga_estelar5 passivas={ "pele_de_pedra": 4, "foco_arcano": 3, "constituicao": 4, "regeneracao": 4, "forca": 3 } | itens=4 | limite de fases | chefe=dagruve:2218s/pvmin24%,docas:86s/pvmin90%,shedaklah:1036s/pvmin98%
nyrelia;dagruve;seed 8: nyrelia | fases=dagruve,docas,shedaklah,molor | profundidade=3 x1.90 | nv=40 armas=dominar_pessoa5,raio_enfraquecedor5,estocada_mistica5,vela_sagrada5 passivas={ "constituicao": 5, "robe_arcano": 4, "forca": 5, "sorte_de_sendrinah": 1, "regeneracao": 5 } | itens=4 | limite de fases | chefe=dagruve:842s/pvmin66%,docas:249s/pvmin84%,shedaklah:2656s/pvmin80%
nyrelia;dagruve;seed 9: nyrelia | fases=dagruve,docas,shedaklah | profundidade=2 x1.55 | nv=28 armas=dominar_pessoa5,espada_sombria4,descarga_estelar5,marca_da_retidao5 passivas={ "constituicao": 2, "foco_arcano": 2, "forca": 2, "regeneracao": 1, "cota_de_malha": 2 } | itens=4 | morreu em shedaklah (591s) nv28 por volta de 38 inimigos, boss=hp 683/780 | chefe=dagruve:961s/pvmin57%,docas:233s/pvmin56%,shedaklah:x/pvmin0%
nyrelia;dagruve;seed 10: nyrelia | fases=dagruve,docas,shedaklah,molor | profundidade=3 x1.90 | nv=38 armas=dominar_pessoa5,sentenca_de_lliira5,adaga_rapida5,golpe_esmagador5 passivas={ "foco_arcano": 5, "pele_de_pedra": 1, "regeneracao": 5, "forca": 2, "sabedoria": 1 } | itens=4 | limite de fases | chefe=dagruve:37s/pvmin86%,docas:34s/pvmin93%,shedaklah:352s/pvmin70%
nyrelia;dagruve;seed 11: nyrelia | fases=dagruve | profundidade=0 x1.00 | nv=5 armas=dominar_pessoa1,golpe_atordoante1,golpe_esmagador2 passivas={ "foco_arcano": 1 } | itens=1 | morreu em dagruve (164s) nv5 por volta de 66 inimigos, boss=nao-surgiu | chefe=
nyrelia;dagruve;seed 12: nyrelia | fases=dagruve,docas,shedaklah | profundidade=2 x1.55 | nv=54 armas=dominar_pessoa5,golpe_esmagador5,raio_de_luz5,vela_sagrada5 passivas={ "regeneracao": 5, "pele_de_pedra": 5, "ganancia": 5, "robe_arcano": 5, "alcance": 5 } | itens=4 | CAP de tempo em shedaklah (boss hp 410) | chefe=dagruve:321s/pvmin74%,docas:231s/pvmin72%,shedaklah:x/pvmin64%
nyrelia;dagruve;seed 13: nyrelia | fases=dagruve | profundidade=0 x1.00 | nv=1 armas=dominar_pessoa1 passivas={  } | itens=1 | morreu em dagruve (43s) nv1 por volta de 34 inimigos, boss=nao-surgiu | chefe=
nyrelia;dagruve;seed 14: nyrelia | fases=dagruve,docas,shedaklah | profundidade=2 x1.55 | nv=37 armas=dominar_pessoa5,golpe_atordoante5,vela_sagrada5,golpe_esmagador5 passivas={ "constituicao": 2, "botas_leves": 1, "pele_de_pedra": 4, "cota_de_malha": 5, "ganancia": 1 } | itens=4 | CAP de tempo em shedaklah (boss hp 467) | chefe=dagruve:133s/pvmin86%,docas:27s/pvmin91%,shedaklah:x/pvmin39%
nyrelia;dagruve;seed 15: nyrelia | fases=dagruve | profundidade=0 x1.00 | nv=4 armas=dominar_pessoa2,raio_de_luz1 passivas={ "cota_de_malha": 1 } | itens=2 | morreu em dagruve (106s) nv4 por volta de 56 inimigos, boss=nao-surgiu | chefe=
nyrelia;dagruve;seed 16: nyrelia | fases=dagruve,docas,shedaklah,molor | profundidade=3 x1.90 | nv=32 armas=dominar_pessoa5,golpe_atordoante5,adaga_rapida5,estocada_mistica5 passivas={ "cota_de_malha": 4, "regeneracao": 2, "pele_de_pedra": 3, "sabedoria": 1, "forca": 2 } | itens=4 | limite de fases | chefe=dagruve:1336s/pvmin61%,docas:145s/pvmin94%,shedaklah:392s/pvmin11%
nyrelia;dagruve;seed 17: nyrelia | fases=dagruve,docas,shedaklah,molor | profundidade=3 x1.90 | nv=43 armas=dominar_pessoa5,adaga_rapida5,vela_sagrada5,golpe_esmagador5 passivas={ "regeneracao": 5, "foco_arcano": 5, "constituicao": 5, "forca": 4, "pele_de_pedra": 2 } | itens=4 | limite de fases | chefe=dagruve:1794s/pvmin61%,docas:82s/pvmin88%,shedaklah:2028s/pvmin57%
nyrelia;dagruve;seed 18: nyrelia | fases=dagruve,docas,shedaklah,molor | profundidade=3 x1.90 | nv=33 armas=dominar_pessoa5,vela_sagrada5,golpe_esmagador5,lamina_trovejante5 passivas={ "cota_de_malha": 2, "regeneracao": 5, "constituicao": 1, "pele_de_pedra": 4, "foco_arcano": 1 } | itens=4 | limite de fases | chefe=dagruve:646s/pvmin76%,docas:211s/pvmin86%,shedaklah:284s/pvmin71%
nyrelia;dagruve;seed 19: nyrelia | fases=dagruve | profundidade=0 x1.00 | nv=6 armas=dominar_pessoa3,golpe_esmagador2 passivas={ "pele_de_pedra": 1 } | itens=2 | morreu em dagruve (271s) nv6 por volta de 57 inimigos, boss=nao-surgiu | chefe=
nyrelia;dagruve;seed 20: nyrelia | fases=dagruve,docas,shedaklah,molor | profundidade=3 x1.90 | nv=39 armas=dominar_pessoa5,luz_mais_pura1,golpe_esmagador5,lamina_trovejante5 passivas={ "pele_de_pedra": 2, "cota_de_malha": 4, "constituicao": 5, "foco_arcano": 4, "regeneracao": 3 } | itens=4 | limite de fases | chefe=dagruve:472s/pvmin76%,docas:31s/pvmin87%,shedaklah:24s/pvmin88%
nyrelia;dagruve;seed 21: nyrelia | fases=dagruve | profundidade=0 x1.00 | nv=5 armas=dominar_pessoa2,golpe_atordoante2 passivas={ "forca": 1 } | itens=0 | morreu em dagruve (177s) nv5 por volta de 63 inimigos, boss=nao-surgiu | chefe=
nyrelia;dagruve;seed 22: nyrelia | fases=dagruve,docas,shedaklah,molor | profundidade=3 x1.90 | nv=30 armas=dominar_pessoa5,marca_da_retidao5,estocada_mistica5,raio_enfraquecedor4 passivas={ "pele_de_pedra": 5, "forca": 1, "constituicao": 3, "alcance": 1, "robe_arcano": 1 } | itens=4 | limite de fases | chefe=dagruve:705s/pvmin77%,docas:166s/pvmin89%,shedaklah:434s/pvmin82%
nyrelia;dagruve;seed 23: nyrelia | fases=dagruve | profundidade=0 x1.00 | nv=4 armas=dominar_pessoa1 passivas={ "constituicao": 1, "foco_arcano": 2 } | itens=2 | morreu em dagruve (170s) nv4 por volta de 64 inimigos, boss=nao-surgiu | chefe=
nyrelia;dagruve;seed 24: nyrelia | fases=dagruve | profundidade=0 x1.00 | nv=6 armas=dominar_pessoa3 passivas={ "foco_arcano": 1, "cota_de_malha": 1, "pele_de_pedra": 1 } | itens=1 | morreu em dagruve (340s) nv6 por volta de 66 inimigos, boss=hp 260/260 | chefe=dagruve:x/pvmin0%
nyrelia;dagruve;seed 25: nyrelia | fases=dagruve,docas,shedaklah | profundidade=2 x1.55 | nv=45 armas=dominar_pessoa5,golpe_esmagador5,vela_sagrada5,golpe_atordoante5 passivas={ "constituicao": 5, "regeneracao": 5, "cota_de_malha": 5, "pele_de_pedra": 5, "robe_arcano": 1 } | itens=4 | CAP de tempo em shedaklah (boss hp 292) | chefe=dagruve:2582s/pvmin78%,docas:163s/pvmin78%,shedaklah:x/pvmin79%
nyrelia;dagruve;seed 26: nyrelia | fases=dagruve,docas | profundidade=1 x1.25 | nv=27 armas=dominar_pessoa5,sentenca_de_lliira3,vela_sagrada5,golpe_esmagador4 passivas={ "forca": 3, "pele_de_pedra": 3, "constituicao": 1, "cota_de_malha": 2, "carisma": 1 } | itens=4 | tempo (estado=shop t=1432s run=3972s boss=caiu) | chefe=dagruve:2239s/pvmin75%,docas:1132s/pvmin60%
nyrelia;dagruve;seed 27: nyrelia | fases=dagruve | profundidade=0 x1.00 | nv=3 armas=dominar_pessoa1,sentenca_de_lliira1 passivas={ "pele_de_pedra": 1 } | itens=1 | morreu em dagruve (64s) nv3 por volta de 43 inimigos, boss=nao-surgiu | chefe=
nyrelia;dagruve;seed 28: nyrelia | fases=dagruve | profundidade=0 x1.00 | nv=3 armas=dominar_pessoa1 passivas={ "forca": 1, "pele_de_pedra": 1 } | itens=1 | morreu em dagruve (193s) nv3 por volta de 71 inimigos, boss=nao-surgiu | chefe=
nyrelia;dagruve;seed 29: nyrelia | fases=dagruve | profundidade=0 x1.00 | nv=24 armas=dominar_pessoa3,golpe_atordoante3,adaga_rapida5,vela_sagrada5 passivas={ "pele_de_pedra": 2, "foco_arcano": 2, "regeneracao": 2, "cota_de_malha": 1, "constituicao": 1 } | itens=4 | CAP de tempo em dagruve (boss hp 125) | chefe=dagruve:x/pvmin21%
nyrelia;dagruve;seed 30: nyrelia | fases=dagruve,docas,shedaklah,molor | profundidade=3 x1.90 | nv=37 armas=dominar_pessoa5,raio_enfraquecedor5,golpe_esmagador5,lamina_trovejante5 passivas={ "carisma": 1, "pele_de_pedra": 5, "foco_arcano": 5, "sorte_de_sendrinah": 3, "forca": 2 } | itens=4 | limite de fases | chefe=dagruve:812s/pvmin57%,docas:34s/pvmin85%,shedaklah:104s/pvmin75%
zynara;dagruve;seed 1: zynara | fases=dagruve | profundidade=0 x1.00 | nv=4 armas=ampulheta2 passivas={ "constituicao": 1, "forca": 1 } | itens=1 | morreu em dagruve (57s) nv4 por volta de 37 inimigos, boss=nao-surgiu | chefe=
zynara;dagruve;seed 2: zynara | fases=dagruve,docas,shedaklah,molor | profundidade=3 x1.90 | nv=33 armas=ampulheta5,marca_da_retidao5,luz_mais_pura1,golpe_do_juizo1 passivas={ "constituicao": 2, "forca": 2, "regeneracao": 2, "pele_de_pedra": 3, "cota_de_malha": 2 } | itens=4 | limite de fases | chefe=dagruve:475s/pvmin74%,docas:68s/pvmin97%,shedaklah:100s/pvmin94%
zynara;dagruve;seed 3: zynara | fases=dagruve | profundidade=0 x1.00 | nv=7 armas=ampulheta1,golpe_esmagador2,dominar_pessoa1 passivas={ "constituicao": 1, "pele_de_pedra": 1, "foco_arcano": 1 } | itens=1 | morreu em dagruve (94s) nv7 por volta de 48 inimigos, boss=nao-surgiu | chefe=
zynara;dagruve;seed 4: zynara | fases=dagruve,docas,shedaklah,molor | profundidade=3 x1.90 | nv=30 armas=ampulheta5,vela_sagrada4,espada_sombria2,golpe_atordoante1 passivas={ "forca": 4, "foco_arcano": 3, "constituicao": 4, "regeneracao": 5, "pele_de_pedra": 2 } | itens=4 | limite de fases | chefe=dagruve:301s/pvmin66%,docas:59s/pvmin86%,shedaklah:47s/pvmin90%
zynara;dagruve;seed 5: zynara | fases=dagruve | profundidade=0 x1.00 | nv=16 armas=ampulheta3,espada_sombria2,sentenca_de_lliira2 passivas={ "regeneracao": 3, "constituicao": 1, "foco_arcano": 2, "pele_de_pedra": 2, "forca": 1 } | itens=2 | tempo (estado=shop t=900s run=900s boss=caiu) | chefe=dagruve:600s/pvmin81%
zynara;dagruve;seed 6: zynara | fases=dagruve | profundidade=0 x1.00 | nv=7 armas=ampulheta2,golpe_atordoante1,raio_enfraquecedor1 passivas={ "cota_de_malha": 1, "pele_de_pedra": 1, "forca": 1 } | itens=0 | morreu em dagruve (183s) nv7 por volta de 56 inimigos, boss=nao-surgiu | chefe=
zynara;dagruve;seed 7: zynara | fases=dagruve,docas,shedaklah,molor | profundidade=3 x1.90 | nv=32 armas=ampulheta5,espada_sombria2,cera_fervente5,descarga_estelar1 passivas={ "regeneracao": 3, "constituicao": 5, "cota_de_malha": 5, "forca": 3, "ganancia": 3 } | itens=4 | limite de fases | chefe=dagruve:41s/pvmin83%,docas:65s/pvmin83%,shedaklah:51s/pvmin62%
zynara;dagruve;seed 8: zynara | fases=dagruve,docas,shedaklah,molor | profundidade=3 x1.90 | nv=38 armas=ampulheta5,cera_fervente5,lamina_trovejante5,estocada_mistica5 passivas={ "regeneracao": 5, "forca": 1, "pele_de_pedra": 3, "constituicao": 4, "cota_de_malha": 5 } | itens=4 | limite de fases | chefe=dagruve:22s/pvmin100%,docas:28s/pvmin86%,shedaklah:28s/pvmin94%
zynara;dagruve;seed 9: zynara | fases=dagruve,docas,shedaklah,molor | profundidade=3 x1.90 | nv=31 armas=ampulheta5,golpe_esmagador5,vela_sagrada5,dominar_pessoa5 passivas={ "constituicao": 3, "foco_arcano": 3, "forca": 1, "carisma": 1, "cota_de_malha": 3 } | itens=4 | limite de fases | chefe=dagruve:254s/pvmin68%,docas:208s/pvmin72%,shedaklah:320s/pvmin71%
zynara;dagruve;seed 10: zynara | fases=dagruve | profundidade=0 x1.00 | nv=10 armas=ampulheta4,golpe_esmagador1,cera_fervente2 passivas={ "constituicao": 1, "robe_arcano": 1, "foco_arcano": 1 } | itens=1 | morreu em dagruve (133s) nv10 por volta de 36 inimigos, boss=nao-surgiu | chefe=
zynara;dagruve;seed 11: zynara | fases=dagruve | profundidade=0 x1.00 | nv=4 armas=ampulheta2 passivas={ "constituicao": 1, "forca": 1 } | itens=1 | morreu em dagruve (138s) nv4 por volta de 60 inimigos, boss=nao-surgiu | chefe=
zynara;dagruve;seed 12: zynara | fases=dagruve | profundidade=0 x1.00 | nv=5 armas=ampulheta1 passivas={ "constituicao": 2, "forca": 1, "cota_de_malha": 1 } | itens=1 | morreu em dagruve (152s) nv5 por volta de 64 inimigos, boss=nao-surgiu | chefe=
zynara;dagruve;seed 13: zynara | fases=dagruve,docas,shedaklah,molor | profundidade=3 x1.90 | nv=34 armas=ampulheta5,raio_enfraquecedor5,cera_fervente4,estocada_mistica3 passivas={ "regeneracao": 2, "constituicao": 5, "pele_de_pedra": 3, "foco_arcano": 5, "cota_de_malha": 2 } | itens=4 | limite de fases | chefe=dagruve:184s/pvmin85%,docas:29s/pvmin98%,shedaklah:12s/pvmin80%
zynara;dagruve;seed 14: zynara | fases=dagruve,docas,shedaklah,molor | profundidade=3 x1.90 | nv=36 armas=ampulheta5,vela_sagrada5,inferno_de_cera1,sentenca_de_lliira4 passivas={ "pele_de_pedra": 3, "regeneracao": 4, "cota_de_malha": 1, "forca": 5, "alcance": 3 } | itens=4 | limite de fases | chefe=dagruve:365s/pvmin90%,docas:79s/pvmin87%,shedaklah:21s/pvmin100%
zynara;dagruve;seed 15: zynara | fases=dagruve,docas,shedaklah | profundidade=2 x1.55 | nv=34 armas=ampulheta5,marca_da_retidao5,luz_mais_pura1,espada_do_receptaculo1 passivas={ "forca": 1, "cota_de_malha": 4, "regeneracao": 4, "constituicao": 2, "botas_leves": 1 } | itens=4 | tempo (estado=shop t=556s run=1373s boss=caiu) | chefe=dagruve:170s/pvmin100%,docas:46s/pvmin94%,shedaklah:16s/pvmin100%
zynara;dagruve;seed 16: zynara | fases=dagruve | profundidade=0 x1.00 | nv=11 armas=ampulheta2,golpe_atordoante2,espada_sombria1 passivas={ "pele_de_pedra": 2, "constituicao": 2, "cota_de_malha": 1, "foco_arcano": 1 } | itens=1 | morreu em dagruve (337s) nv11 por volta de 46 inimigos, boss=hp 227/260 | chefe=dagruve:x/pvmin0%
zynara;dagruve;seed 17: zynara | fases=dagruve,docas,shedaklah,molor | profundidade=3 x1.90 | nv=33 armas=ampulheta5,golpe_do_juizo1,golpe_esmagador5,lamina_trovejante5 passivas={ "regeneracao": 1, "constituicao": 4, "pele_de_pedra": 3, "cota_de_malha": 3, "forca": 1 } | itens=4 | limite de fases | chefe=dagruve:370s/pvmin63%,docas:57s/pvmin100%,shedaklah:72s/pvmin82%
zynara;dagruve;seed 18: zynara | fases=dagruve | profundidade=0 x1.00 | nv=9 armas=ampulheta1,vela_sagrada1,golpe_atordoante1 passivas={ "regeneracao": 1, "forca": 1, "foco_arcano": 2, "cota_de_malha": 1, "pele_de_pedra": 1 } | itens=1 | morreu em dagruve (136s) nv9 por volta de 37 inimigos, boss=nao-surgiu | chefe=
zynara;dagruve;seed 19: zynara | fases=dagruve | profundidade=0 x1.00 | nv=14 armas=ampulheta3,adaga_rapida4,espada_sombria5 passivas={ "pele_de_pedra": 1, "constituicao": 1 } | itens=2 | morreu em dagruve (600s) nv14 por volta de 47 inimigos, boss=hp 102/260 | chefe=dagruve:x/pvmin0%
zynara;dagruve;seed 20: zynara | fases=dagruve | profundidade=0 x1.00 | nv=4 armas=ampulheta1,raio_de_luz1 passivas={ "constituicao": 1, "cota_de_malha": 1 } | itens=1 | morreu em dagruve (57s) nv4 por volta de 31 inimigos, boss=nao-surgiu | chefe=
zynara;dagruve;seed 21: zynara | fases=dagruve | profundidade=0 x1.00 | nv=3 armas=ampulheta2,dominar_pessoa1 passivas={  } | itens=0 | morreu em dagruve (93s) nv3 por volta de 51 inimigos, boss=nao-surgiu | chefe=
zynara;dagruve;seed 22: zynara | fases=dagruve,docas,shedaklah,molor | profundidade=3 x1.90 | nv=36 armas=ampulheta5,colar_dos_tentaculos5,vela_sagrada5,espada_sombria3 passivas={ "constituicao": 5, "forca": 5, "cota_de_malha": 5, "botas_leves": 2, "sorte_de_sendrinah": 2 } | itens=4 | limite de fases | chefe=dagruve:21s/pvmin86%,docas:35s/pvmin81%,shedaklah:49s/pvmin82%
zynara;dagruve;seed 23: zynara | fases=dagruve | profundidade=0 x1.00 | nv=5 armas=ampulheta2 passivas={ "pele_de_pedra": 2, "cota_de_malha": 1 } | itens=1 | morreu em dagruve (67s) nv5 por volta de 36 inimigos, boss=nao-surgiu | chefe=
zynara;dagruve;seed 24: zynara | fases=dagruve | profundidade=0 x1.00 | nv=6 armas=ampulheta1,chicote_avarento2,estocada_mistica1 passivas={ "forca": 1, "sabedoria": 2 } | itens=1 | morreu em dagruve (58s) nv6 por volta de 23 inimigos, boss=nao-surgiu | chefe=
zynara;dagruve;seed 25: zynara | fases=dagruve | profundidade=0 x1.00 | nv=6 armas=ampulheta1,raio_de_luz1,golpe_esmagador2 passivas={ "pele_de_pedra": 1, "foco_arcano": 1 } | itens=0 | morreu em dagruve (139s) nv6 por volta de 59 inimigos, boss=nao-surgiu | chefe=
zynara;dagruve;seed 26: zynara | fases=dagruve,docas,shedaklah,molor | profundidade=3 x1.90 | nv=31 armas=ampulheta5,descarga_estelar2,dominar_pessoa5,adaga_rapida4 passivas={ "regeneracao": 4, "forca": 4, "cota_de_malha": 3, "constituicao": 1, "foco_arcano": 3 } | itens=4 | limite de fases | chefe=dagruve:314s/pvmin59%,docas:240s/pvmin100%,shedaklah:95s/pvmin100%
zynara;dagruve;seed 27: zynara | fases=dagruve,docas,shedaklah,molor | profundidade=3 x1.90 | nv=29 armas=ampulheta5,dominar_pessoa4,marca_da_retidao5,golpe_do_juizo1 passivas={ "constituicao": 2, "regeneracao": 1, "forca": 4, "alcance": 1, "sorte_de_sendrinah": 1 } | itens=4 | limite de fases | chefe=dagruve:286s/pvmin82%,docas:144s/pvmin89%,shedaklah:149s/pvmin75%
zynara;dagruve;seed 28: zynara | fases=dagruve,docas,shedaklah,molor | profundidade=3 x1.90 | nv=32 armas=ampulheta5,descarga_estelar5,dominar_pessoa5,sentenca_de_lliira4 passivas={ "cota_de_malha": 1, "forca": 2, "pele_de_pedra": 5, "regeneracao": 3, "constituicao": 2 } | itens=4 | limite de fases | chefe=dagruve:566s/pvmin91%,docas:191s/pvmin93%,shedaklah:241s/pvmin88%
zynara;dagruve;seed 29: zynara | fases=dagruve | profundidade=0 x1.00 | nv=5 armas=ampulheta2 passivas={ "cota_de_malha": 2, "pele_de_pedra": 1 } | itens=1 | morreu em dagruve (122s) nv5 por volta de 55 inimigos, boss=nao-surgiu | chefe=
zynara;dagruve;seed 30: zynara | fases=dagruve,docas,shedaklah,molor | profundidade=3 x1.90 | nv=36 armas=ampulheta5,estocada_mistica5,espada_sombria5,golpe_esmagador5 passivas={ "regeneracao": 2, "cota_de_malha": 3, "pele_de_pedra": 5, "foco_arcano": 4, "constituicao": 2 } | itens=4 | limite de fases | chefe=dagruve:274s/pvmin82%,docas:72s/pvmin90%,shedaklah:165s/pvmin81%
bromnor;dagruve;seed 1: bromnor | fases=dagruve,docas,shedaklah,molor | profundidade=3 x1.90 | nv=39 armas=martelo_da_gloria5,descarga_estelar5,golpe_atordoante5,vela_sagrada5,colar_dos_tentaculos2 passivas={ "constituicao": 3, "pele_de_pedra": 5, "cota_de_malha": 4, "regeneracao": 1, "foco_arcano": 5 } | itens=4 | limite de fases | chefe=dagruve:2141s/pvmin87%,docas:112s/pvmin98%,shedaklah:966s/pvmin81%
bromnor;dagruve;seed 2: bromnor | fases=dagruve,docas,shedaklah,molor | profundidade=3 x1.90 | nv=31 armas=martelo_da_gloria3,sentenca_de_lliira3,tempestade1,espada_sombria3 passivas={ "pele_de_pedra": 3, "forca": 3, "botas_leves": 3, "sorte_de_sendrinah": 3, "robe_arcano": 3 } | itens=4 | limite de fases | chefe=dagruve:457s/pvmin91%,docas:188s/pvmin90%,shedaklah:37s/pvmin98%
bromnor;dagruve;seed 3: bromnor | fases=dagruve,docas,shedaklah | profundidade=2 x1.55 | nv=32 armas=martelo_da_gloria5,descarga_estelar5,marca_da_retidao5,dominar_pessoa5 passivas={ "pele_de_pedra": 3, "sabedoria": 1, "carisma": 2, "cota_de_malha": 5, "sorte_de_sendrinah": 1 } | itens=4 | tempo (estado=shop t=470s run=1465s boss=nao-surgiu) | chefe=dagruve:335s/pvmin78%,docas:57s/pvmin95%
bromnor;dagruve;seed 4: bromnor | fases=dagruve,docas,shedaklah,molor | profundidade=3 x1.90 | nv=40 armas=martelo_da_gloria5,espada_do_receptaculo1,descarga_estelar5,sentenca_de_lliira5 passivas={ "constituicao": 5, "pele_de_pedra": 5, "cota_de_malha": 5, "foco_arcano": 3, "sorte_de_sendrinah": 1 } | itens=4 | limite de fases | chefe=dagruve:692s/pvmin11%,docas:95s/pvmin96%,shedaklah:2405s/pvmin1%
bromnor;dagruve;seed 5: bromnor | fases=dagruve,docas,shedaklah,molor | profundidade=3 x1.90 | nv=35 armas=martelo_da_gloria4,vela_sagrada5,inferno_de_cera1,estocada_mistica5 passivas={ "regeneracao": 5, "botas_leves": 3, "sorte_de_sendrinah": 1, "foco_arcano": 5, "alcance": 1 } | itens=4 | limite de fases | chefe=dagruve:40s/pvmin93%,docas:19s/pvmin100%,shedaklah:9s/pvmin100%
bromnor;dagruve;seed 6: bromnor | fases=dagruve,docas,shedaklah,molor | profundidade=3 x1.90 | nv=35 armas=martelo_da_gloria5,adaga_rapida5,cera_fervente5,dominar_pessoa5 passivas={ "pele_de_pedra": 3, "regeneracao": 5, "constituicao": 5, "robe_arcano": 1, "cota_de_malha": 1 } | itens=4 | limite de fases | chefe=dagruve:42s/pvmin96%,docas:49s/pvmin98%,shedaklah:56s/pvmin87%
bromnor;dagruve;seed 7: bromnor | fases=dagruve,docas,shedaklah,molor | profundidade=3 x1.90 | nv=33 armas=martelo_da_gloria4,raio_de_luz5,adaga_rapida5,estocada_mistica5 passivas={ "pele_de_pedra": 3, "botas_leves": 3, "alcance": 1, "regeneracao": 2, "forca": 5 } | itens=4 | limite de fases | chefe=dagruve:192s/pvmin95%,docas:108s/pvmin93%,shedaklah:31s/pvmin71%
bromnor;dagruve;seed 8: bromnor | fases=dagruve,docas,shedaklah,molor | profundidade=3 x1.90 | nv=35 armas=martelo_da_gloria5,raio_enfraquecedor5,espada_sombria5,dominar_pessoa5 passivas={ "alcance": 2, "constituicao": 4, "regeneracao": 5, "pele_de_pedra": 3, "sorte_de_sendrinah": 1 } | itens=4 | limite de fases | chefe=dagruve:169s/pvmin90%,docas:116s/pvmin91%,shedaklah:940s/pvmin36%
bromnor;dagruve;seed 9: bromnor | fases=dagruve | profundidade=0 x1.00 | nv=3 armas=martelo_da_gloria2 passivas={ "cota_de_malha": 1 } | itens=1 | morreu em dagruve (64s) nv3 por volta de 39 inimigos, boss=nao-surgiu | chefe=
bromnor;dagruve;seed 10: bromnor | fases=dagruve,docas,shedaklah,molor | profundidade=3 x1.90 | nv=33 armas=martelo_da_gloria5,golpe_atordoante5,golpe_esmagador5,sentenca_de_lliira5 passivas={ "pele_de_pedra": 3, "cota_de_malha": 3, "alcance": 1, "foco_arcano": 4, "constituicao": 2 } | itens=4 | limite de fases | chefe=dagruve:1030s/pvmin45%,docas:276s/pvmin95%,shedaklah:1004s/pvmin100%
bromnor;dagruve;seed 11: bromnor | fases=dagruve,docas,shedaklah,molor | profundidade=3 x1.90 | nv=30 armas=martelo_da_gloria5,espada_do_receptaculo1,adaga_rapida5,marca_da_retidao3 passivas={ "robe_arcano": 3, "carisma": 1, "pele_de_pedra": 2, "cota_de_malha": 2, "regeneracao": 3 } | itens=4 | limite de fases | chefe=dagruve:902s/pvmin70%,docas:32s/pvmin100%,shedaklah:193s/pvmin80%
bromnor;dagruve;seed 12: bromnor | fases=dagruve,docas,shedaklah,molor | profundidade=3 x1.90 | nv=34 armas=martelo_da_gloria5,adaga_rapida5,espada_do_receptaculo1,cera_fervente5 passivas={ "pele_de_pedra": 4, "constituicao": 3, "regeneracao": 3, "cota_de_malha": 2, "forca": 1 } | itens=4 | limite de fases | chefe=dagruve:340s/pvmin93%,docas:63s/pvmin97%,shedaklah:59s/pvmin89%
bromnor;dagruve;seed 13: bromnor | fases=dagruve,docas,shedaklah,molor | profundidade=3 x1.90 | nv=46 armas=martelo_da_gloria5,adaga_rapida5,sentenca_de_lliira5,espada_do_receptaculo1 passivas={ "pele_de_pedra": 5, "cota_de_malha": 5, "forca": 5, "robe_arcano": 5, "regeneracao": 5 } | itens=4 | limite de fases | chefe=dagruve:599s/pvmin80%,docas:83s/pvmin90%,shedaklah:1721s/pvmin52%
bromnor;dagruve;seed 14: bromnor | fases=dagruve,docas | profundidade=1 x1.25 | nv=24 armas=martelo_da_gloria5,golpe_esmagador5,marca_da_retidao2,dominar_pessoa1 passivas={ "forca": 4, "foco_arcano": 2, "regeneracao": 2, "cota_de_malha": 2, "botas_leves": 1 } | itens=4 | tempo (estado=shop t=377s run=2203s boss=caiu) | chefe=dagruve:1526s/pvmin86%,docas:77s/pvmin98%
bromnor;dagruve;seed 15: bromnor | fases=dagruve,docas,shedaklah,molor | profundidade=3 x1.90 | nv=36 armas=martelo_da_gloria5,espada_sombria5,dominar_pessoa5,golpe_esmagador5 passivas={ "foco_arcano": 5, "inteligencia": 1, "pele_de_pedra": 5, "regeneracao": 4, "sabedoria": 1 } | itens=4 | limite de fases | chefe=dagruve:962s/pvmin82%,docas:43s/pvmin96%,shedaklah:1198s/pvmin81%
bromnor;dagruve;seed 16: bromnor | fases=dagruve,docas,shedaklah,molor | profundidade=3 x1.90 | nv=32 armas=martelo_da_gloria5,espada_sombria5,estocada_mistica3,raio_de_luz5 passivas={ "forca": 3, "constituicao": 3, "foco_arcano": 2, "pele_de_pedra": 3, "regeneracao": 1 } | itens=4 | limite de fases | chefe=dagruve:180s/pvmin67%,docas:28s/pvmin98%,shedaklah:20s/pvmin100%
bromnor;dagruve;seed 17: bromnor | fases=dagruve,docas,shedaklah,molor | profundidade=3 x1.90 | nv=42 armas=martelo_da_gloria5,sentenca_de_lliira5,dominar_pessoa5,cera_fervente5 passivas={ "regeneracao": 5, "pele_de_pedra": 5, "ganancia": 2, "cota_de_malha": 5, "constituicao": 5 } | itens=4 | limite de fases | chefe=dagruve:243s/pvmin94%,docas:61s/pvmin96%,shedaklah:1049s/pvmin89%
bromnor;dagruve;seed 18: bromnor | fases=dagruve,docas,shedaklah,molor | profundidade=3 x1.90 | nv=27 armas=martelo_da_gloria5,descarga_estelar2,adaga_rapida5,golpe_esmagador4 passivas={ "cota_de_malha": 1, "constituicao": 5, "pele_de_pedra": 3, "regeneracao": 1, "inteligencia": 1 } | itens=4 | limite de fases | chefe=dagruve:555s/pvmin89%,docas:146s/pvmin93%,shedaklah:66s/pvmin64%
bromnor;dagruve;seed 19: bromnor | fases=dagruve,docas,shedaklah,molor | profundidade=3 x1.90 | nv=31 armas=martelo_da_gloria5,espada_do_receptaculo1,raio_enfraquecedor5,vela_sagrada3 passivas={ "constituicao": 1, "pele_de_pedra": 1, "forca": 5, "cota_de_malha": 1, "sabedoria": 1 } | itens=4 | limite de fases | chefe=dagruve:547s/pvmin72%,docas:34s/pvmin88%,shedaklah:128s/pvmin80%
bromnor;dagruve;seed 20: bromnor | fases=dagruve,docas,shedaklah,molor | profundidade=3 x1.90 | nv=47 armas=martelo_da_gloria5,raio_de_luz5,vela_sagrada5,estocada_mistica5 passivas={ "forca": 5, "alcance": 5, "regeneracao": 5, "sorte_de_sendrinah": 5, "botas_leves": 5 } | itens=4 | limite de fases | chefe=dagruve:95s/pvmin94%,docas:70s/pvmin88%,shedaklah:2428s/pvmin76%
bromnor;dagruve;seed 21: bromnor | fases=dagruve,docas,shedaklah,molor | profundidade=3 x1.90 | nv=34 armas=martelo_da_gloria5,sentenca_de_lliira5,inferno_de_cera1,raio_enfraquecedor5 passivas={ "foco_arcano": 2, "regeneracao": 3, "forca": 5, "constituicao": 2, "alcance": 1 } | itens=4 | limite de fases | chefe=dagruve:77s/pvmin98%,docas:48s/pvmin90%,shedaklah:23s/pvmin100%
bromnor;dagruve;seed 22: bromnor | fases=dagruve,docas,shedaklah,molor | profundidade=3 x1.90 | nv=37 armas=martelo_da_gloria5,golpe_esmagador5,cera_fervente5,estocada_mistica5 passivas={ "cota_de_malha": 5, "constituicao": 5, "regeneracao": 4, "carisma": 1, "sorte_de_sendrinah": 2 } | itens=4 | limite de fases | chefe=dagruve:402s/pvmin94%,docas:86s/pvmin98%,shedaklah:65s/pvmin98%
bromnor;dagruve;seed 23: bromnor | fases=dagruve,docas,shedaklah,molor | profundidade=3 x1.90 | nv=38 armas=martelo_da_gloria5,julgamento_da_gloria1,dominar_pessoa5,descarga_estelar5 passivas={ "constituicao": 5, "carisma": 1, "sabedoria": 3, "forca": 5, "sorte_de_sendrinah": 3 } | itens=4 | limite de fases | chefe=dagruve:1025s/pvmin44%,docas:21s/pvmin100%,shedaklah:40s/pvmin100%
bromnor;dagruve;seed 24: bromnor | fases=dagruve,docas,shedaklah,molor | profundidade=3 x1.90 | nv=36 armas=martelo_da_gloria5,inferno_de_cera1,vela_sagrada5,estocada_mistica5 passivas={ "pele_de_pedra": 5, "regeneracao": 3, "forca": 2, "alcance": 3, "cota_de_malha": 2 } | itens=4 | limite de fases | chefe=dagruve:52s/pvmin92%,docas:41s/pvmin95%,shedaklah:19s/pvmin98%
bromnor;dagruve;seed 25: bromnor | fases=dagruve,docas,shedaklah,molor | profundidade=3 x1.90 | nv=28 armas=martelo_da_gloria5,marca_da_retidao2,dominar_pessoa5,espada_do_receptaculo1 passivas={ "cota_de_malha": 2, "pele_de_pedra": 2, "foco_arcano": 2, "forca": 3, "carisma": 1 } | itens=4 | limite de fases | chefe=dagruve:240s/pvmin91%,docas:132s/pvmin100%,shedaklah:372s/pvmin92%
bromnor;dagruve;seed 26: bromnor | fases=dagruve,docas,shedaklah,molor | profundidade=3 x1.90 | nv=35 armas=martelo_da_gloria5,marca_da_retidao5,cera_fervente5,sentenca_de_lliira5 passivas={ "pele_de_pedra": 2, "regeneracao": 3, "cota_de_malha": 5, "constituicao": 3, "forca": 2 } | itens=4 | limite de fases | chefe=dagruve:549s/pvmin92%,docas:29s/pvmin95%,shedaklah:31s/pvmin98%
bromnor;dagruve;seed 27: bromnor | fases=dagruve,docas,shedaklah,molor | profundidade=3 x1.90 | nv=27 armas=martelo_da_gloria3,marca_da_retidao2,adaga_rapida5,golpe_esmagador2 passivas={ "cota_de_malha": 4, "regeneracao": 2, "forca": 4, "constituicao": 4, "inteligencia": 1 } | itens=4 | limite de fases | chefe=dagruve:1065s/pvmin86%,docas:80s/pvmin97%,shedaklah:166s/pvmin75%
bromnor;dagruve;seed 28: bromnor | fases=dagruve,docas,shedaklah,molor | profundidade=3 x1.90 | nv=28 armas=martelo_da_gloria5,golpe_esmagador4,vela_sagrada5,marca_da_retidao5 passivas={ "forca": 2, "cota_de_malha": 2, "pele_de_pedra": 3, "ganancia": 1, "alcance": 1 } | itens=4 | limite de fases | chefe=dagruve:903s/pvmin85%,docas:90s/pvmin98%,shedaklah:714s/pvmin83%
bromnor;dagruve;seed 29: bromnor | fases=dagruve,docas,shedaklah,molor | profundidade=3 x1.90 | nv=37 armas=martelo_da_gloria5,descarga_estelar5,cera_fervente5,marca_da_retidao5 passivas={ "foco_arcano": 3, "cota_de_malha": 5, "regeneracao": 5, "constituicao": 2, "carisma": 2 } | itens=4 | limite de fases | chefe=dagruve:163s/pvmin54%,docas:26s/pvmin100%,shedaklah:21s/pvmin100%
bromnor;dagruve;seed 30: bromnor | fases=dagruve,docas,shedaklah,molor | profundidade=3 x1.90 | nv=33 armas=martelo_da_gloria5,estocada_mistica5,golpe_esmagador5,cera_fervente5 passivas={ "foco_arcano": 3, "cota_de_malha": 5, "constituicao": 3, "inteligencia": 1, "alcance": 1 } | itens=4 | limite de fases | chefe=dagruve:96s/pvmin67%,docas:34s/pvmin85%,shedaklah:39s/pvmin92%
durvall;docas;seed 1: durvall | fases=docas | profundidade=0 x1.00 | nv=3 armas=espada_sombria1 passivas={ "forca": 2 } | itens=1 | morreu em docas (39s) nv3 por volta de 24 inimigos, boss=nao-surgiu | chefe=
durvall;docas;seed 2: durvall | fases=docas | profundidade=0 x1.00 | nv=3 armas=espada_sombria1,golpe_atordoante1,dominar_pessoa1 passivas={  } | itens=1 | morreu em docas (41s) nv3 por volta de 22 inimigos, boss=nao-surgiu | chefe=
durvall;docas;seed 3: durvall | fases=docas | profundidade=0 x1.00 | nv=5 armas=espada_sombria2,golpe_atordoante1 passivas={ "pele_de_pedra": 1, "forca": 1 } | itens=2 | morreu em docas (132s) nv5 por volta de 43 inimigos, boss=nao-surgiu | chefe=
durvall;docas;seed 4: durvall | fases=docas | profundidade=0 x1.00 | nv=4 armas=espada_sombria2 passivas={ "forca": 2 } | itens=1 | morreu em docas (135s) nv4 por volta de 44 inimigos, boss=nao-surgiu | chefe=
durvall;docas;seed 5: durvall | fases=docas,shedaklah | profundidade=1 x1.25 | nv=18 armas=espada_sombria3,dominar_pessoa3,sentenca_de_lliira1,golpe_atordoante4 passivas={ "regeneracao": 3, "ganancia": 1, "foco_arcano": 1, "sabedoria": 1, "constituicao": 1 } | itens=3 | morreu em shedaklah (1460s) nv18 por volta de 124 inimigos, boss=hp 728/780 | chefe=docas:463s/pvmin58%,shedaklah:x/pvmin0%
durvall;docas;seed 6: durvall | fases=docas | profundidade=0 x1.00 | nv=6 armas=espada_sombria3,adaga_rapida1 passivas={ "forca": 2 } | itens=1 | morreu em docas (148s) nv6 por volta de 39 inimigos, boss=nao-surgiu | chefe=
durvall;docas;seed 7: durvall | fases=docas | profundidade=0 x1.00 | nv=4 armas=espada_sombria2 passivas={ "forca": 2 } | itens=1 | morreu em docas (56s) nv4 por volta de 24 inimigos, boss=nao-surgiu | chefe=
durvall;docas;seed 8: durvall | fases=docas | profundidade=0 x1.00 | nv=3 armas=espada_sombria1,golpe_atordoante1,marca_da_retidao1 passivas={  } | itens=0 | morreu em docas (49s) nv3 por volta de 19 inimigos, boss=nao-surgiu | chefe=
durvall;docas;seed 9: durvall | fases=docas | profundidade=0 x1.00 | nv=3 armas=espada_sombria3 passivas={  } | itens=1 | morreu em docas (163s) nv3 por volta de 49 inimigos, boss=nao-surgiu | chefe=
durvall;docas;seed 10: durvall | fases=docas | profundidade=0 x1.00 | nv=4 armas=espada_sombria4 passivas={  } | itens=1 | morreu em docas (110s) nv4 por volta de 43 inimigos, boss=nao-surgiu | chefe=
durvall;docas;seed 11: durvall | fases=docas | profundidade=0 x1.00 | nv=4 armas=espada_sombria2,adaga_rapida1 passivas={ "forca": 1 } | itens=1 | morreu em docas (129s) nv4 por volta de 43 inimigos, boss=nao-surgiu | chefe=
durvall;docas;seed 12: durvall | fases=docas | profundidade=0 x1.00 | nv=7 armas=espada_sombria2,raio_de_luz1 passivas={ "forca": 1, "regeneracao": 2, "pele_de_pedra": 1 } | itens=1 | morreu em docas (95s) nv7 por volta de 31 inimigos, boss=nao-surgiu | chefe=
durvall;docas;seed 13: durvall | fases=docas | profundidade=0 x1.00 | nv=3 armas=espada_sombria2,golpe_atordoante1 passivas={  } | itens=1 | morreu em docas (71s) nv3 por volta de 30 inimigos, boss=nao-surgiu | chefe=
durvall;docas;seed 14: durvall | fases=docas | profundidade=0 x1.00 | nv=1 armas=espada_sombria1 passivas={  } | itens=1 | morreu em docas (73s) nv1 por volta de 37 inimigos, boss=nao-surgiu | chefe=
durvall;docas;seed 15: durvall | fases=docas | profundidade=0 x1.00 | nv=4 armas=espada_sombria3 passivas={ "forca": 1 } | itens=1 | morreu em docas (79s) nv4 por volta de 37 inimigos, boss=nao-surgiu | chefe=
durvall;docas;seed 16: durvall | fases=docas,shedaklah,molor,durao | profundidade=3 x1.90 | nv=38 armas=espada_do_receptaculo1,dominar_pessoa5,estocada_mistica5,vela_sagrada5 passivas={ "pele_de_pedra": 4, "forca": 2, "cota_de_malha": 4, "regeneracao": 3, "foco_arcano": 4 } | itens=4 | limite de fases | chefe=docas:384s/pvmin55%,shedaklah:1677s/pvmin51%,molor:1201s/pvmin78%
durvall;docas;seed 17: durvall | fases=docas | profundidade=0 x1.00 | nv=13 armas=espada_sombria2,cera_fervente1,lamina_trovejante2 passivas={ "regeneracao": 1, "carisma": 1, "foco_arcano": 1, "pele_de_pedra": 5 } | itens=1 | morreu em docas (165s) nv13 por volta de 26 inimigos, boss=nao-surgiu | chefe=
durvall;docas;seed 18: durvall | fases=docas | profundidade=0 x1.00 | nv=3 armas=espada_sombria2 passivas={ "forca": 1 } | itens=1 | morreu em docas (49s) nv3 por volta de 21 inimigos, boss=nao-surgiu | chefe=
durvall;docas;seed 19: durvall | fases=docas | profundidade=0 x1.00 | nv=2 armas=espada_sombria2 passivas={  } | itens=1 | morreu em docas (50s) nv2 por volta de 24 inimigos, boss=nao-surgiu | chefe=
durvall;docas;seed 20: durvall | fases=docas | profundidade=0 x1.00 | nv=4 armas=espada_sombria2 passivas={ "forca": 2 } | itens=1 | morreu em docas (56s) nv4 por volta de 24 inimigos, boss=nao-surgiu | chefe=
durvall;docas;seed 21: durvall | fases=docas | profundidade=0 x1.00 | nv=4 armas=espada_sombria2 passivas={ "forca": 1, "foco_arcano": 1 } | itens=1 | morreu em docas (168s) nv4 por volta de 51 inimigos, boss=nao-surgiu | chefe=
durvall;docas;seed 22: durvall | fases=docas | profundidade=0 x1.00 | nv=3 armas=espada_sombria1,raio_enfraquecedor1 passivas={ "forca": 1 } | itens=0 | morreu em docas (64s) nv3 por volta de 31 inimigos, boss=nao-surgiu | chefe=
durvall;docas;seed 23: durvall | fases=docas | profundidade=0 x1.00 | nv=5 armas=espada_sombria4 passivas={ "forca": 1 } | itens=1 | morreu em docas (154s) nv5 por volta de 48 inimigos, boss=nao-surgiu | chefe=
durvall;docas;seed 24: durvall | fases=docas | profundidade=0 x1.00 | nv=6 armas=espada_sombria2,adaga_rapida1 passivas={ "foco_arcano": 2, "cota_de_malha": 1 } | itens=1 | morreu em docas (280s) nv6 por volta de 55 inimigos, boss=nao-surgiu | chefe=
durvall;docas;seed 25: durvall | fases=docas,shedaklah,molor,durao | profundidade=3 x1.90 | nv=47 armas=espada_do_receptaculo1,golpe_esmagador5,golpe_do_juizo1,dominar_pessoa5 passivas={ "forca": 3, "regeneracao": 5, "pele_de_pedra": 5, "cota_de_malha": 4, "foco_arcano": 4 } | itens=4 | limite de fases | chefe=docas:1722s/pvmin3%,shedaklah:18s/pvmin83%,molor:30s/pvmin100%
durvall;docas;seed 26: durvall | fases=docas,shedaklah | profundidade=1 x1.25 | nv=14 armas=espada_sombria3,sentenca_de_lliira2,adaga_rapida4,lamina_da_digestao2 passivas={ "regeneracao": 1, "foco_arcano": 1, "constituicao": 2 } | itens=3 | morreu em shedaklah (648s) nv14 por volta de 84 inimigos, boss=hp 758/780 | chefe=docas:148s/pvmin47%,shedaklah:x/pvmin0%
durvall;docas;seed 27: durvall | fases=docas | profundidade=0 x1.00 | nv=4 armas=espada_sombria2 passivas={ "forca": 2 } | itens=2 | morreu em docas (138s) nv4 por volta de 38 inimigos, boss=nao-surgiu | chefe=
durvall;docas;seed 28: durvall | fases=docas | profundidade=0 x1.00 | nv=27 armas=espada_sombria5,martelo_da_gloria1,golpe_atordoante1 passivas={ "regeneracao": 4, "constituicao": 5, "forca": 5, "pele_de_pedra": 5, "cota_de_malha": 2 } | itens=4 | CAP de tempo em docas (boss hp 113) | chefe=docas:x/pvmin13%
durvall;docas;seed 29: durvall | fases=docas | profundidade=0 x1.00 | nv=5 armas=espada_sombria3 passivas={ "forca": 2 } | itens=1 | morreu em docas (178s) nv5 por volta de 54 inimigos, boss=nao-surgiu | chefe=
durvall;docas;seed 30: durvall | fases=docas | profundidade=0 x1.00 | nv=5 armas=espada_sombria2,adaga_rapida2 passivas={ "forca": 1 } | itens=1 | morreu em docas (114s) nv5 por volta de 38 inimigos, boss=nao-surgiu | chefe=
brook;docas;seed 1: brook | fases=docas,shedaklah | profundidade=1 x1.25 | nv=20 armas=sentenca_de_lliira3,marca_da_retidao4,dominar_pessoa5,raio_enfraquecedor1 passivas={ "pele_de_pedra": 2, "regeneracao": 1, "constituicao": 1, "forca": 1, "sabedoria": 1 } | itens=4 | morreu em shedaklah (581s) nv20 por volta de 54 inimigos, boss=hp 697/780 | chefe=docas:812s/pvmin13%,shedaklah:x/pvmin0%
brook;docas;seed 2: brook | fases=docas,shedaklah,molor,durao | profundidade=3 x1.90 | nv=37 armas=sentenca_de_lliira5,estocada_mistica5,lamina_trovejante5,raio_enfraquecedor5 passivas={ "pele_de_pedra": 5, "forca": 5, "inteligencia": 1, "regeneracao": 5, "robe_arcano": 1 } | itens=4 | limite de fases | chefe=docas:240s/pvmin71%,shedaklah:929s/pvmin73%,molor:61s/pvmin82%
brook;docas;seed 3: brook | fases=docas | profundidade=0 x1.00 | nv=3 armas=sentenca_de_lliira3 passivas={  } | itens=1 | morreu em docas (71s) nv3 por volta de 35 inimigos, boss=nao-surgiu | chefe=
brook;docas;seed 4: brook | fases=docas,shedaklah,molor,durao | profundidade=3 x1.90 | nv=40 armas=sentenca_de_lliira5,cera_fervente5,espada_do_receptaculo1,vela_sagrada5 passivas={ "cota_de_malha": 5, "regeneracao": 5, "constituicao": 5, "ganancia": 1, "pele_de_pedra": 3 } | itens=4 | limite de fases | chefe=docas:254s/pvmin72%,shedaklah:73s/pvmin49%,molor:69s/pvmin88%
brook;docas;seed 5: brook | fases=docas,shedaklah,molor,durao | profundidade=3 x1.90 | nv=42 armas=sentenca_de_lliira5,dominar_pessoa5,golpe_atordoante5,golpe_esmagador5 passivas={ "cota_de_malha": 5, "pele_de_pedra": 5, "constituicao": 5, "regeneracao": 5, "inteligencia": 2 } | itens=4 | limite de fases | chefe=docas:1441s/pvmin14%,shedaklah:456s/pvmin35%,molor:350s/pvmin78%
brook;docas;seed 6: brook | fases=docas,shedaklah | profundidade=1 x1.25 | nv=45 armas=sentenca_de_lliira5,descarga_estelar5,dominar_pessoa5,vela_sagrada5 passivas={ "forca": 5, "constituicao": 5, "regeneracao": 5, "foco_arcano": 5, "pele_de_pedra": 5 } | itens=4 | CAP de tempo em shedaklah (boss hp 570) | chefe=docas:281s/pvmin53%,shedaklah:x/pvmin57%
brook;docas;seed 7: brook | fases=docas,shedaklah | profundidade=1 x1.25 | nv=20 armas=sentenca_de_lliira4,marca_da_retidao3,estocada_mistica5,espada_sombria1 passivas={ "regeneracao": 2, "pele_de_pedra": 2, "ganancia": 1, "constituicao": 1, "alcance": 1 } | itens=4 | morreu em shedaklah (972s) nv20 por volta de 55 inimigos, boss=hp 680/780 | chefe=docas:157s/pvmin67%,shedaklah:x/pvmin0%
brook;docas;seed 8: brook | fases=docas,shedaklah,molor,durao | profundidade=3 x1.90 | nv=42 armas=sentenca_de_lliira5,cera_fervente5,golpe_atordoante5,tempestade1 passivas={ "regeneracao": 5, "pele_de_pedra": 5, "botas_leves": 2, "cota_de_malha": 5, "foco_arcano": 4 } | itens=4 | limite de fases | chefe=docas:146s/pvmin88%,shedaklah:107s/pvmin98%,molor:23s/pvmin100%
brook;docas;seed 9: brook | fases=docas,shedaklah,molor,durao | profundidade=3 x1.90 | nv=48 armas=sentenca_de_lliira5,cera_fervente5,vela_sagrada5,adaga_rapida5 passivas={ "constituicao": 5, "pele_de_pedra": 5, "robe_arcano": 5, "regeneracao": 5, "cota_de_malha": 5 } | itens=4 | limite de fases | chefe=docas:231s/pvmin85%,shedaklah:1093s/pvmin83%,molor:811s/pvmin91%
brook;docas;seed 10: brook | fases=docas | profundidade=0 x1.00 | nv=2 armas=sentenca_de_lliira2 passivas={  } | itens=2 | morreu em docas (115s) nv2 por volta de 41 inimigos, boss=nao-surgiu | chefe=
brook;docas;seed 11: brook | fases=docas | profundidade=0 x1.00 | nv=2 armas=sentenca_de_lliira1 passivas={ "cota_de_malha": 1 } | itens=1 | morreu em docas (229s) nv2 por volta de 71 inimigos, boss=nao-surgiu | chefe=
brook;docas;seed 12: brook | fases=docas,shedaklah,molor | profundidade=2 x1.55 | nv=47 armas=julgamento_da_gloria1,vela_sagrada5,marca_da_retidao5,estocada_mistica5 passivas={ "cota_de_malha": 5, "foco_arcano": 5, "carisma": 4, "constituicao": 5, "regeneracao": 5 } | itens=4 | CAP de tempo em molor (boss hp 8) | chefe=docas:810s/pvmin70%,shedaklah:2385s/pvmin63%,molor:x/pvmin88%
brook;docas;seed 13: brook | fases=docas | profundidade=0 x1.00 | nv=6 armas=sentenca_de_lliira2,estocada_mistica1,raio_de_luz2 passivas={ "ganancia": 1 } | itens=2 | morreu em docas (152s) nv6 por volta de 45 inimigos, boss=nao-surgiu | chefe=
brook;docas;seed 14: brook | fases=docas | profundidade=0 x1.00 | nv=6 armas=sentenca_de_lliira3,estocada_mistica1,raio_enfraquecedor1 passivas={ "carisma": 1 } | itens=1 | morreu em docas (163s) nv6 por volta de 48 inimigos, boss=nao-surgiu | chefe=
brook;docas;seed 15: brook | fases=docas | profundidade=0 x1.00 | nv=1 armas=sentenca_de_lliira1 passivas={  } | itens=1 | morreu em docas (122s) nv1 por volta de 43 inimigos, boss=nao-surgiu | chefe=
brook;docas;seed 16: brook | fases=docas | profundidade=0 x1.00 | nv=2 armas=sentenca_de_lliira1,descarga_estelar1 passivas={  } | itens=1 | morreu em docas (133s) nv2 por volta de 45 inimigos, boss=nao-surgiu | chefe=
brook;docas;seed 17: brook | fases=docas,shedaklah,molor,durao | profundidade=3 x1.90 | nv=50 armas=sentenca_de_lliira5,dominar_pessoa5,golpe_atordoante5,vela_sagrada5 passivas={ "cota_de_malha": 5, "regeneracao": 5, "sabedoria": 5, "pele_de_pedra": 5, "alcance": 5 } | itens=4 | limite de fases | chefe=docas:1946s/pvmin75%,shedaklah:913s/pvmin74%,molor:1126s/pvmin82%
brook;docas;seed 18: brook | fases=docas,shedaklah,molor,durao | profundidade=3 x1.90 | nv=45 armas=sentenca_de_lliira5,luz_mais_pura1,marca_da_retidao5,luz_mais_pura1 passivas={ "constituicao": 5, "regeneracao": 5, "pele_de_pedra": 5, "sabedoria": 3, "cota_de_malha": 5 } | itens=4 | limite de fases | chefe=docas:109s/pvmin73%,shedaklah:691s/pvmin85%,molor:16s/pvmin98%
brook;docas;seed 19: brook | fases=docas | profundidade=0 x1.00 | nv=5 armas=sentenca_de_lliira2,raio_de_luz1 passivas={ "cota_de_malha": 1, "forca": 1 } | itens=1 | morreu em docas (129s) nv5 por volta de 42 inimigos, boss=nao-surgiu | chefe=
brook;docas;seed 20: brook | fases=docas,shedaklah,molor | profundidade=2 x1.55 | nv=34 armas=julgamento_da_gloria1,dominar_pessoa5,vela_sagrada5,luz_mais_pura1 passivas={ "pele_de_pedra": 4, "carisma": 1, "constituicao": 3, "regeneracao": 3, "botas_leves": 1 } | itens=4 | tempo (estado=shop t=374s run=2332s boss=nao-surgiu) | chefe=docas:520s/pvmin72%,shedaklah:597s/pvmin60%
brook;docas;seed 21: brook | fases=docas | profundidade=0 x1.00 | nv=2 armas=sentenca_de_lliira1 passivas={ "foco_arcano": 1 } | itens=2 | morreu em docas (134s) nv2 por volta de 45 inimigos, boss=nao-surgiu | chefe=
brook;docas;seed 22: brook | fases=docas,shedaklah,molor,durao | profundidade=3 x1.90 | nv=46 armas=julgamento_da_gloria1,espada_do_receptaculo1,vela_sagrada5,golpe_esmagador5 passivas={ "forca": 5, "pele_de_pedra": 5, "cota_de_malha": 5, "foco_arcano": 5, "carisma": 4 } | itens=4 | limite de fases | chefe=docas:286s/pvmin55%,shedaklah:3320s/pvmin12%,molor:35s/pvmin98%
brook;docas;seed 23: brook | fases=docas | profundidade=0 x1.00 | nv=20 armas=sentenca_de_lliira2,golpe_esmagador2,marca_da_retidao1 passivas={ "regeneracao": 4, "cota_de_malha": 3, "constituicao": 2, "forca": 1, "foco_arcano": 5 } | itens=4 | morreu em docas (3111s) nv20 por volta de 195 inimigos, boss=hp 79/648 | chefe=docas:x/pvmin0%
brook;docas;seed 24: brook | fases=docas,shedaklah,molor,durao | profundidade=3 x1.90 | nv=46 armas=sentenca_de_lliira5,espada_do_receptaculo1,raio_de_luz5,rajada_infinita1 passivas={ "cota_de_malha": 5, "forca": 5, "foco_arcano": 5, "sorte_de_sendrinah": 4, "pele_de_pedra": 5 } | itens=4 | limite de fases | chefe=docas:407s/pvmin66%,shedaklah:489s/pvmin70%,molor:51s/pvmin100%
brook;docas;seed 25: brook | fases=docas,shedaklah,molor,durao | profundidade=3 x1.90 | nv=54 armas=julgamento_da_gloria1,marca_da_retidao5,adaga_rapida5,cera_fervente5 passivas={ "forca": 5, "carisma": 5, "foco_arcano": 5, "pele_de_pedra": 5, "constituicao": 5 } | itens=4 | limite de fases | chefe=docas:393s/pvmin7%,shedaklah:2474s/pvmin55%,molor:16s/pvmin100%
brook;docas;seed 26: brook | fases=docas | profundidade=0 x1.00 | nv=8 armas=sentenca_de_lliira4,raio_de_luz3,adaga_rapida1 passivas={  } | itens=1 | morreu em docas (266s) nv8 por volta de 49 inimigos, boss=nao-surgiu | chefe=
brook;docas;seed 27: brook | fases=docas,shedaklah,molor,durao | profundidade=3 x1.90 | nv=37 armas=julgamento_da_gloria1,descarga_estelar5,marca_da_retidao5,vela_sagrada5 passivas={ "constituicao": 5, "regeneracao": 3, "carisma": 2, "forca": 4, "alcance": 2 } | itens=4 | limite de fases | chefe=docas:234s/pvmin23%,shedaklah:906s/pvmin66%,molor:329s/pvmin85%
brook;docas;seed 28: brook | fases=docas,shedaklah,molor,durao | profundidade=3 x1.90 | nv=42 armas=sentenca_de_lliira5,luz_mais_pura1,vela_sagrada5,espada_do_receptaculo1 passivas={ "pele_de_pedra": 5, "constituicao": 3, "cota_de_malha": 5, "foco_arcano": 4, "robe_arcano": 3 } | itens=4 | limite de fases | chefe=docas:721s/pvmin87%,shedaklah:30s/pvmin98%,molor:33s/pvmin100%
brook;docas;seed 29: brook | fases=docas | profundidade=0 x1.00 | nv=2 armas=sentenca_de_lliira1,dominar_pessoa1 passivas={  } | itens=2 | morreu em docas (120s) nv2 por volta de 44 inimigos, boss=nao-surgiu | chefe=
brook;docas;seed 30: brook | fases=docas | profundidade=0 x1.00 | nv=4 armas=sentenca_de_lliira2 passivas={ "carisma": 1, "foco_arcano": 1 } | itens=1 | morreu em docas (219s) nv4 por volta de 65 inimigos, boss=nao-surgiu | chefe=
maelor;docas;seed 1: maelor | fases=docas,shedaklah | profundidade=1 x1.25 | nv=25 armas=raio_de_luz3,sentenca_de_lliira5,golpe_esmagador1,vela_sagrada2 passivas={ "foco_arcano": 2, "cota_de_malha": 4, "pele_de_pedra": 2, "ganancia": 3, "regeneracao": 3 } | itens=3 | morreu em shedaklah (1042s) nv25 por volta de 33 inimigos, boss=hp 523/780 | chefe=docas:129s/pvmin88%,shedaklah:x/pvmin0%
maelor;docas;seed 2: maelor | fases=docas,shedaklah,molor,durao | profundidade=3 x1.90 | nv=38 armas=luz_mais_pura1,vela_sagrada5,marca_da_retidao5,descarga_estelar5 passivas={ "cota_de_malha": 4, "constituicao": 3, "forca": 5, "foco_arcano": 2, "pele_de_pedra": 3 } | itens=4 | limite de fases | chefe=docas:256s/pvmin97%,shedaklah:1664s/pvmin53%,molor:48s/pvmin84%
maelor;docas;seed 3: maelor | fases=docas,shedaklah | profundidade=1 x1.25 | nv=24 armas=raio_de_luz3,marca_da_retidao4,golpe_esmagador5,dominar_pessoa3 passivas={ "forca": 3, "pele_de_pedra": 3, "cota_de_malha": 1, "regeneracao": 1, "robe_arcano": 1 } | itens=4 | morreu em shedaklah (713s) nv24 por volta de 38 inimigos, boss=hp 763/780 | chefe=docas:769s/pvmin49%,shedaklah:x/pvmin0%
maelor;docas;seed 4: maelor | fases=docas,shedaklah,molor,durao | profundidade=3 x1.90 | nv=45 armas=luz_mais_pura1,marca_da_retidao5,cera_fervente5,adaga_rapida5 passivas={ "regeneracao": 5, "pele_de_pedra": 5, "carisma": 4, "constituicao": 5, "cota_de_malha": 5 } | itens=4 | limite de fases | chefe=docas:13s/pvmin90%,shedaklah:16s/pvmin100%,molor:18s/pvmin92%
maelor;docas;seed 5: maelor | fases=docas,shedaklah | profundidade=1 x1.25 | nv=51 armas=luz_mais_pura1,vela_sagrada5,golpe_atordoante5,tempestade1 passivas={ "cota_de_malha": 5, "constituicao": 5, "botas_leves": 5, "pele_de_pedra": 5, "foco_arcano": 5 } | itens=4 | CAP de tempo em shedaklah (boss hp 150) | chefe=docas:253s/pvmin96%,shedaklah:x/pvmin75%
maelor;docas;seed 6: maelor | fases=docas,shedaklah | profundidade=1 x1.25 | nv=21 armas=raio_de_luz3,adaga_rapida4,sentenca_de_lliira2,golpe_esmagador2 passivas={ "regeneracao": 3, "cota_de_malha": 2, "pele_de_pedra": 2, "forca": 1, "constituicao": 2 } | itens=3 | morreu em shedaklah (580s) nv21 por volta de 36 inimigos, boss=hp 749/780 | chefe=docas:219s/pvmin74%,shedaklah:x/pvmin0%
maelor;docas;seed 7: maelor | fases=docas | profundidade=0 x1.00 | nv=5 armas=raio_de_luz3,estocada_mistica2 passivas={  } | itens=1 | morreu em docas (55s) nv5 por volta de 25 inimigos, boss=nao-surgiu | chefe=
maelor;docas;seed 8: maelor | fases=docas | profundidade=0 x1.00 | nv=8 armas=raio_de_luz1,golpe_esmagador2,dominar_pessoa1 passivas={ "foco_arcano": 2, "carisma": 1, "botas_leves": 1 } | itens=2 | morreu em docas (168s) nv8 por volta de 31 inimigos, boss=nao-surgiu | chefe=
maelor;docas;seed 9: maelor | fases=docas,shedaklah,molor,durao | profundidade=3 x1.90 | nv=37 armas=luz_mais_pura1,descarga_estelar5,golpe_esmagador5,golpe_atordoante5 passivas={ "constituicao": 5, "regeneracao": 5, "foco_arcano": 4, "alcance": 1, "botas_leves": 1 } | itens=4 | limite de fases | chefe=docas:286s/pvmin74%,shedaklah:638s/pvmin61%,molor:36s/pvmin76%
maelor;docas;seed 10: maelor | fases=docas,shedaklah,molor,durao | profundidade=3 x1.90 | nv=41 armas=luz_mais_pura1,descarga_estelar5,marca_da_retidao5,golpe_do_juizo1 passivas={ "cota_de_malha": 3, "foco_arcano": 3, "constituicao": 5, "forca": 4, "regeneracao": 2 } | itens=4 | limite de fases | chefe=docas:163s/pvmin77%,shedaklah:263s/pvmin60%,molor:30s/pvmin78%
maelor;docas;seed 11: maelor | fases=docas,shedaklah,molor,durao | profundidade=3 x1.90 | nv=44 armas=luz_mais_pura1,marca_da_retidao5,cera_fervente5,dominar_pessoa5 passivas={ "regeneracao": 5, "cota_de_malha": 5, "pele_de_pedra": 5, "forca": 3, "constituicao": 5 } | itens=4 | limite de fases | chefe=docas:12s/pvmin100%,shedaklah:5s/pvmin100%,molor:25s/pvmin100%
maelor;docas;seed 12: maelor | fases=docas | profundidade=0 x1.00 | nv=8 armas=raio_de_luz2,vela_sagrada1,golpe_esmagador1 passivas={ "forca": 2, "cota_de_malha": 1, "robe_arcano": 1 } | itens=1 | tempo (estado=shop t=129s run=129s boss=nao-surgiu) | chefe=
maelor;docas;seed 13: maelor | fases=docas | profundidade=0 x1.00 | nv=3 armas=raio_de_luz1 passivas={ "foco_arcano": 1, "cota_de_malha": 1 } | itens=1 | morreu em docas (58s) nv3 por volta de 28 inimigos, boss=nao-surgiu | chefe=
maelor;docas;seed 14: maelor | fases=docas,shedaklah | profundidade=1 x1.25 | nv=22 armas=raio_de_luz4,golpe_esmagador2,marca_da_retidao3,espada_sombria4 passivas={ "regeneracao": 3, "pele_de_pedra": 1, "inteligencia": 2, "forca": 2, "constituicao": 1 } | itens=3 | morreu em shedaklah (642s) nv22 por volta de 67 inimigos, boss=hp 689/780 | chefe=docas:226s/pvmin76%,shedaklah:x/pvmin0%
maelor;docas;seed 15: maelor | fases=docas,shedaklah | profundidade=1 x1.25 | nv=42 armas=luz_mais_pura1,marca_da_retidao5,sentenca_de_lliira5,adaga_rapida5 passivas={ "regeneracao": 5, "cota_de_malha": 5, "constituicao": 4, "pele_de_pedra": 5, "forca": 2 } | itens=4 | CAP de tempo em shedaklah (boss hp 130) | chefe=docas:290s/pvmin97%,shedaklah:x/pvmin65%
maelor;docas;seed 16: maelor | fases=docas,shedaklah,molor | profundidade=2 x1.55 | nv=43 armas=luz_mais_pura1,golpe_do_juizo1,adaga_rapida5,raio_enfraquecedor5 passivas={ "forca": 5, "ganancia": 1, "regeneracao": 5, "constituicao": 5, "alcance": 3 } | itens=4 | tempo (estado=shop t=625s run=1624s boss=caiu) | chefe=docas:116s/pvmin66%,shedaklah:41s/pvmin83%,molor:55s/pvmin76%
maelor;docas;seed 17: maelor | fases=docas,shedaklah,molor,durao | profundidade=3 x1.90 | nv=39 armas=luz_mais_pura1,golpe_esmagador5,sentenca_de_lliira5,marca_da_retidao5 passivas={ "pele_de_pedra": 4, "cota_de_malha": 5, "constituicao": 5, "robe_arcano": 2, "inteligencia": 2 } | itens=4 | limite de fases | chefe=docas:169s/pvmin67%,shedaklah:105s/pvmin84%,molor:8s/pvmin100%
maelor;docas;seed 18: maelor | fases=docas,shedaklah | profundidade=1 x1.25 | nv=15 armas=raio_de_luz2,descarga_estelar4,golpe_esmagador2,golpe_atordoante1 passivas={ "constituicao": 1, "botas_leves": 1, "pele_de_pedra": 1, "cota_de_malha": 2, "regeneracao": 1 } | itens=4 | morreu em shedaklah (50s) nv15 por volta de 19 inimigos, boss=nao-surgiu | chefe=docas:195s/pvmin84%
maelor;docas;seed 19: maelor | fases=docas | profundidade=0 x1.00 | nv=22 armas=raio_de_luz5,dominar_pessoa5,estocada_mistica5,golpe_atordoante1 passivas={ "regeneracao": 1, "alcance": 1, "sorte_de_sendrinah": 1, "inteligencia": 1, "forca": 2 } | itens=4 | tempo (estado=shop t=979s run=979s boss=caiu) | chefe=docas:679s/pvmin63%
maelor;docas;seed 20: maelor | fases=docas,shedaklah,molor,durao | profundidade=3 x1.90 | nv=44 armas=raio_de_luz5,descarga_estelar5,golpe_do_juizo1,espada_do_receptaculo1 passivas={ "regeneracao": 5, "foco_arcano": 5, "forca": 5, "cota_de_malha": 5, "alcance": 2 } | itens=4 | limite de fases | chefe=docas:142s/pvmin75%,shedaklah:57s/pvmin88%,molor:49s/pvmin100%
maelor;docas;seed 21: maelor | fases=docas,shedaklah,molor,durao | profundidade=3 x1.90 | nv=50 armas=luz_mais_pura1,golpe_esmagador5,espada_sombria5,sentenca_de_lliira5 passivas={ "constituicao": 5, "foco_arcano": 5, "pele_de_pedra": 5, "regeneracao": 5, "alcance": 5 } | itens=4 | limite de fases | chefe=docas:764s/pvmin76%,shedaklah:43s/pvmin98%,molor:74s/pvmin90%
maelor;docas;seed 22: maelor | fases=docas,shedaklah | profundidade=1 x1.25 | nv=22 armas=raio_de_luz3,golpe_esmagador5,dominar_pessoa4,golpe_atordoante2 passivas={ "pele_de_pedra": 2, "regeneracao": 1, "cota_de_malha": 2, "sorte_de_sendrinah": 2, "constituicao": 1 } | itens=3 | morreu em shedaklah (709s) nv22 por volta de 58 inimigos, boss=hp 728/780 | chefe=docas:134s/pvmin63%,shedaklah:x/pvmin0%
maelor;docas;seed 23: maelor | fases=docas,shedaklah,molor,durao | profundidade=3 x1.90 | nv=42 armas=luz_mais_pura1,descarga_estelar5,vela_sagrada5,golpe_atordoante5 passivas={ "constituicao": 5, "cota_de_malha": 5, "regeneracao": 5, "robe_arcano": 1, "pele_de_pedra": 5 } | itens=4 | limite de fases | chefe=docas:63s/pvmin82%,shedaklah:19s/pvmin100%,molor:18s/pvmin98%
maelor;docas;seed 24: maelor | fases=docas,shedaklah,molor,durao | profundidade=3 x1.90 | nv=41 armas=luz_mais_pura1,adaga_rapida5,vela_sagrada5,golpe_do_juizo1 passivas={ "forca": 5, "constituicao": 3, "cota_de_malha": 5, "regeneracao": 4, "pele_de_pedra": 2 } | itens=4 | limite de fases | chefe=docas:114s/pvmin66%,shedaklah:60s/pvmin95%,molor:94s/pvmin91%
maelor;docas;seed 25: maelor | fases=docas | profundidade=0 x1.00 | nv=4 armas=raio_de_luz3 passivas={ "constituicao": 1 } | itens=1 | morreu em docas (46s) nv4 por volta de 22 inimigos, boss=nao-surgiu | chefe=
maelor;docas;seed 26: maelor | fases=docas,shedaklah,molor,durao | profundidade=3 x1.90 | nv=37 armas=raio_de_luz5,raio_enfraquecedor5,golpe_esmagador5,vela_sagrada5 passivas={ "pele_de_pedra": 5, "forca": 3, "cota_de_malha": 5, "regeneracao": 3, "sabedoria": 1 } | itens=4 | limite de fases | chefe=docas:224s/pvmin80%,shedaklah:98s/pvmin78%,molor:332s/pvmin91%
maelor;docas;seed 27: maelor | fases=docas,shedaklah,molor,durao | profundidade=3 x1.90 | nv=38 armas=raio_de_luz5,lamina_trovejante3,estocada_mistica5,marca_da_retidao5,sopro_de_estrela3 passivas={ "regeneracao": 3, "forca": 4, "cota_de_malha": 3, "pele_de_pedra": 1, "foco_arcano": 3 } | itens=4 | limite de fases | chefe=docas:152s/pvmin66%,shedaklah:30s/pvmin45%,molor:13s/pvmin78%
maelor;docas;seed 28: maelor | fases=docas | profundidade=0 x1.00 | nv=4 armas=raio_de_luz2 passivas={ "cota_de_malha": 2 } | itens=1 | morreu em docas (66s) nv4 por volta de 35 inimigos, boss=nao-surgiu | chefe=
maelor;docas;seed 29: maelor | fases=docas,shedaklah,molor,durao | profundidade=3 x1.90 | nv=36 armas=raio_de_luz5,adaga_rapida5,espada_do_receptaculo1,sentenca_de_lliira5 passivas={ "forca": 4, "cota_de_malha": 5, "foco_arcano": 4, "botas_leves": 1, "regeneracao": 1 } | itens=4 | limite de fases | chefe=docas:202s/pvmin51%,shedaklah:82s/pvmin73%,molor:206s/pvmin79%
maelor;docas;seed 30: maelor | fases=docas,shedaklah,molor,durao | profundidade=3 x1.90 | nv=47 armas=luz_mais_pura1,descarga_estelar5,golpe_atordoante5,sentenca_de_lliira5 passivas={ "pele_de_pedra": 5, "constituicao": 5, "cota_de_malha": 5, "regeneracao": 5, "foco_arcano": 5 } | itens=4 | limite de fases | chefe=docas:62s/pvmin92%,shedaklah:37s/pvmin85%,molor:26s/pvmin98%
sylas;docas;seed 1: sylas | fases=docas | profundidade=0 x1.00 | nv=11 armas=raio_enfraquecedor2,cera_fervente2,espada_sombria1,adaga_rapida1 passivas={ "botas_leves": 1, "sorte_de_sendrinah": 1, "cota_de_malha": 1, "forca": 1, "pele_de_pedra": 1 } | itens=1 | morreu em docas (128s) nv11 por volta de 29 inimigos, boss=nao-surgiu | chefe=
sylas;docas;seed 2: sylas | fases=docas | profundidade=0 x1.00 | nv=15 armas=raio_enfraquecedor2,golpe_esmagador3,cera_fervente3,adaga_rapida2 passivas={ "forca": 1, "inteligencia": 1, "pele_de_pedra": 1, "cota_de_malha": 1, "constituicao": 1 } | itens=2 | morreu em docas (202s) nv15 por volta de 22 inimigos, boss=nao-surgiu | chefe=
sylas;docas;seed 3: sylas | fases=docas | profundidade=0 x1.00 | nv=6 armas=raio_enfraquecedor3,golpe_esmagador1,estocada_mistica1 passivas={ "sorte_de_sendrinah": 1 } | itens=1 | morreu em docas (78s) nv6 por volta de 21 inimigos, boss=nao-surgiu | chefe=
sylas;docas;seed 4: sylas | fases=docas | profundidade=0 x1.00 | nv=6 armas=raio_enfraquecedor2,espada_sombria1,golpe_esmagador1 passivas={ "constituicao": 2 } | itens=1 | morreu em docas (100s) nv6 por volta de 43 inimigos, boss=nao-surgiu | chefe=
sylas;docas;seed 5: sylas | fases=docas,shedaklah,molor,durao | profundidade=3 x1.90 | nv=41 armas=raio_enfraquecedor5,estocada_mistica5,golpe_atordoante5,golpe_esmagador5,ampulheta5 passivas={ "foco_arcano": 4, "constituicao": 2, "regeneracao": 5, "cota_de_malha": 5, "robe_arcano": 1 } | itens=4 | limite de fases | chefe=docas:152s/pvmin72%,shedaklah:201s/pvmin100%,molor:131s/pvmin100%
sylas;docas;seed 6: sylas | fases=docas | profundidade=0 x1.00 | nv=1 armas=raio_enfraquecedor1 passivas={  } | itens=1 | morreu em docas (55s) nv1 por volta de 25 inimigos, boss=nao-surgiu | chefe=
sylas;docas;seed 7: sylas | fases=docas | profundidade=0 x1.00 | nv=5 armas=raio_enfraquecedor1,golpe_atordoante3 passivas={ "constituicao": 1 } | itens=1 | morreu em docas (84s) nv5 por volta de 29 inimigos, boss=nao-surgiu | chefe=
sylas;docas;seed 8: sylas | fases=docas | profundidade=0 x1.00 | nv=4 armas=raio_enfraquecedor2 passivas={ "regeneracao": 2 } | itens=2 | morreu em docas (64s) nv4 por volta de 33 inimigos, boss=nao-surgiu | chefe=
sylas;docas;seed 9: sylas | fases=docas | profundidade=0 x1.00 | nv=3 armas=raio_enfraquecedor1 passivas={ "forca": 1, "constituicao": 1 } | itens=1 | morreu em docas (91s) nv3 por volta de 43 inimigos, boss=nao-surgiu | chefe=
sylas;docas;seed 10: sylas | fases=docas | profundidade=0 x1.00 | nv=4 armas=raio_enfraquecedor3 passivas={ "foco_arcano": 1 } | itens=1 | morreu em docas (78s) nv4 por volta de 27 inimigos, boss=nao-surgiu | chefe=
sylas;docas;seed 11: sylas | fases=docas | profundidade=0 x1.00 | nv=9 armas=raio_enfraquecedor3,lamina_trovejante1,sentenca_de_lliira2 passivas={ "forca": 1, "sabedoria": 1, "constituicao": 1 } | itens=1 | morreu em docas (87s) nv9 por volta de 25 inimigos, boss=nao-surgiu | chefe=
sylas;docas;seed 12: sylas | fases=docas | profundidade=0 x1.00 | nv=16 armas=raio_enfraquecedor2,estocada_mistica3,vela_sagrada2,espada_sombria2 passivas={ "constituicao": 1, "cota_de_malha": 1, "pele_de_pedra": 2, "forca": 1, "regeneracao": 2 } | itens=2 | tempo (estado=shop t=350s run=350s boss=caiu) | chefe=docas:50s/pvmin82%
sylas;docas;seed 13: sylas | fases=docas,shedaklah,molor,durao | profundidade=3 x1.90 | nv=38 armas=raio_enfraquecedor5,golpe_atordoante5,vela_sagrada5,golpe_esmagador5 passivas={ "ganancia": 2, "carisma": 1, "foco_arcano": 5, "constituicao": 5, "cota_de_malha": 5 } | itens=4 | limite de fases | chefe=docas:125s/pvmin69%,shedaklah:697s/pvmin81%,molor:579s/pvmin96%
sylas;docas;seed 14: sylas | fases=docas,shedaklah,molor,durao | profundidade=3 x1.90 | nv=43 armas=raio_enfraquecedor5,golpe_esmagador5,vela_sagrada5,estocada_mistica5 passivas={ "constituicao": 5, "regeneracao": 5, "cota_de_malha": 5, "pele_de_pedra": 5, "sorte_de_sendrinah": 3 } | itens=4 | limite de fases | chefe=docas:76s/pvmin76%,shedaklah:819s/pvmin54%,molor:2313s/pvmin81%
sylas;docas;seed 15: sylas | fases=docas | profundidade=0 x1.00 | nv=9 armas=raio_enfraquecedor2,raio_de_luz1,lamina_trovejante1,dominar_pessoa2 passivas={ "foco_arcano": 1, "pele_de_pedra": 1, "regeneracao": 1 } | itens=1 | morreu em docas (106s) nv9 por volta de 32 inimigos, boss=nao-surgiu | chefe=
sylas;docas;seed 16: sylas | fases=docas,shedaklah | profundidade=1 x1.25 | nv=23 armas=raio_enfraquecedor5,lamina_trovejante5,cera_fervente5 passivas={ "constituicao": 5, "forca": 2, "pele_de_pedra": 1 } | itens=3 | morreu em shedaklah (154s) nv23 por volta de 33 inimigos, boss=nao-surgiu | chefe=docas:21s/pvmin34%
sylas;docas;seed 17: sylas | fases=docas,shedaklah,molor,durao | profundidade=3 x1.90 | nv=42 armas=raio_enfraquecedor5,dominar_pessoa5,descarga_estelar5,vela_sagrada5 passivas={ "regeneracao": 5, "pele_de_pedra": 3, "constituicao": 5, "foco_arcano": 5, "forca": 4 } | itens=4 | limite de fases | chefe=docas:81s/pvmin45%,shedaklah:241s/pvmin62%,molor:134s/pvmin85%
sylas;docas;seed 18: sylas | fases=docas | profundidade=0 x1.00 | nv=7 armas=raio_enfraquecedor1,martelo_da_gloria1,estocada_mistica2 passivas={ "foco_arcano": 1, "forca": 2, "regeneracao": 1 } | itens=2 | morreu em docas (132s) nv7 por volta de 28 inimigos, boss=nao-surgiu | chefe=
sylas;docas;seed 19: sylas | fases=docas,shedaklah,molor,durao | profundidade=3 x1.90 | nv=43 armas=raio_enfraquecedor5,luz_mais_pura1,cera_fervente5,espada_sombria5 passivas={ "pele_de_pedra": 5, "foco_arcano": 5, "forca": 5, "constituicao": 5, "botas_leves": 2 } | itens=4 | limite de fases | chefe=docas:22s/pvmin69%,shedaklah:14s/pvmin78%,molor:8s/pvmin98%
sylas;docas;seed 20: sylas | fases=docas,shedaklah | profundidade=1 x1.25 | nv=52 armas=raio_enfraquecedor5,vela_sagrada5,lamina_trovejante5,sentenca_de_lliira5 passivas={ "constituicao": 5, "forca": 5, "pele_de_pedra": 5, "cota_de_malha": 5, "foco_arcano": 5 } | itens=4 | CAP de tempo em shedaklah (boss hp 107) | chefe=docas:756s/pvmin65%,shedaklah:x/pvmin77%
sylas;docas;seed 21: sylas | fases=docas,shedaklah,molor,durao | profundidade=3 x1.90 | nv=42 armas=raio_enfraquecedor5,lamina_trovejante5,descarga_estelar5,adaga_rapida5 passivas={ "regeneracao": 5, "pele_de_pedra": 5, "ganancia": 5, "alcance": 2, "constituicao": 5 } | itens=4 | limite de fases | chefe=docas:103s/pvmin87%,shedaklah:350s/pvmin79%,molor:513s/pvmin77%
sylas;docas;seed 22: sylas | fases=docas | profundidade=0 x1.00 | nv=18 armas=raio_enfraquecedor3,estocada_mistica5,golpe_esmagador2,raio_de_luz4 passivas={ "forca": 1, "cota_de_malha": 1, "constituicao": 2 } | itens=3 | tempo (estado=shop t=328s run=328s boss=caiu) | chefe=docas:28s/pvmin18%
sylas;docas;seed 23: sylas | fases=docas,shedaklah,molor,durao | profundidade=3 x1.90 | nv=46 armas=raio_enfraquecedor5,lamina_trovejante5,descarga_estelar5,dominar_pessoa5 passivas={ "regeneracao": 5, "cota_de_malha": 5, "forca": 5, "alcance": 5, "constituicao": 5 } | itens=4 | limite de fases | chefe=docas:57s/pvmin24%,shedaklah:1020s/pvmin26%,molor:35s/pvmin81%
sylas;docas;seed 24: sylas | fases=docas | profundidade=0 x1.00 | nv=6 armas=raio_enfraquecedor2,cera_fervente1 passivas={ "cota_de_malha": 3 } | itens=1 | morreu em docas (100s) nv6 por volta de 34 inimigos, boss=nao-surgiu | chefe=
sylas;docas;seed 25: sylas | fases=docas | profundidade=0 x1.00 | nv=15 armas=raio_enfraquecedor3,golpe_atordoante2 passivas={ "cota_de_malha": 2, "regeneracao": 5, "foco_arcano": 1, "pele_de_pedra": 1, "constituicao": 1 } | itens=2 | tempo (estado=shop t=456s run=456s boss=caiu) | chefe=docas:156s/pvmin73%
sylas;docas;seed 26: sylas | fases=docas | profundidade=0 x1.00 | nv=4 armas=raio_enfraquecedor4 passivas={  } | itens=1 | morreu em docas (71s) nv4 por volta de 33 inimigos, boss=nao-surgiu | chefe=
sylas;docas;seed 27: sylas | fases=docas,shedaklah,molor,durao | profundidade=3 x1.90 | nv=51 armas=raio_enfraquecedor5,descarga_estelar5,vela_sagrada5,dominar_pessoa5 passivas={ "regeneracao": 5, "botas_leves": 5, "foco_arcano": 5, "constituicao": 5, "cota_de_malha": 5 } | itens=4 | limite de fases | chefe=docas:141s/pvmin80%,shedaklah:313s/pvmin40%,molor:1612s/pvmin51%
sylas;docas;seed 28: sylas | fases=docas,shedaklah,molor,durao | profundidade=3 x1.90 | nv=44 armas=raio_enfraquecedor5,chuva_de_estrelas1,tempestade1,raio_de_luz5 passivas={ "cota_de_malha": 5, "sabedoria": 3, "pele_de_pedra": 5, "inteligencia": 5, "botas_leves": 4 } | itens=4 | limite de fases | chefe=docas:83s/pvmin71%,shedaklah:26s/pvmin100%,molor:40s/pvmin100%
sylas;docas;seed 29: sylas | fases=docas,shedaklah,molor,durao | profundidade=3 x1.90 | nv=42 armas=raio_enfraquecedor5,estocada_mistica5,lamina_trovejante5,vela_sagrada5 passivas={ "carisma": 2, "cota_de_malha": 5, "constituicao": 5, "regeneracao": 5, "forca": 5 } | itens=3 | limite de fases | chefe=docas:36s/pvmin83%,shedaklah:103s/pvmin69%,molor:94s/pvmin91%
sylas;docas;seed 30: sylas | fases=docas | profundidade=0 x1.00 | nv=11 armas=raio_enfraquecedor1,estocada_mistica2,espada_sombria2 passivas={ "foco_arcano": 1, "alcance": 1, "forca": 2, "robe_arcano": 1, "botas_leves": 1 } | itens=1 | morreu em docas (194s) nv11 por volta de 43 inimigos, boss=nao-surgiu | chefe=
kayron;docas;seed 1: kayron | fases=docas | profundidade=0 x1.00 | nv=5 armas=descarga_estelar2,chicote_avarento3,espada_sombria1 passivas={  } | itens=1 | morreu em docas (45s) nv5 por volta de 18 inimigos, boss=nao-surgiu | chefe=
kayron;docas;seed 2: kayron | fases=docas | profundidade=0 x1.00 | nv=5 armas=descarga_estelar1 passivas={ "pele_de_pedra": 2, "constituicao": 2 } | itens=2 | morreu em docas (300s) nv5 por volta de 64 inimigos, boss=nao-surgiu | chefe=
kayron;docas;seed 3: kayron | fases=docas | profundidade=0 x1.00 | nv=8 armas=descarga_estelar1,dominar_pessoa2,golpe_atordoante1 passivas={ "pele_de_pedra": 1, "sorte_de_sendrinah": 1, "foco_arcano": 1, "constituicao": 1 } | itens=1 | morreu em docas (328s) nv8 por volta de 54 inimigos, boss=hp 586/648 | chefe=docas:x/pvmin0%
kayron;docas;seed 4: kayron | fases=docas | profundidade=0 x1.00 | nv=2 armas=descarga_estelar2 passivas={  } | itens=1 | morreu em docas (86s) nv2 por volta de 39 inimigos, boss=nao-surgiu | chefe=
kayron;docas;seed 5: kayron | fases=docas | profundidade=0 x1.00 | nv=1 armas=descarga_estelar1 passivas={  } | itens=1 | morreu em docas (41s) nv1 por volta de 25 inimigos, boss=nao-surgiu | chefe=
kayron;docas;seed 6: kayron | fases=docas | profundidade=0 x1.00 | nv=2 armas=descarga_estelar1,raio_enfraquecedor1 passivas={  } | itens=1 | morreu em docas (34s) nv2 por volta de 20 inimigos, boss=nao-surgiu | chefe=
kayron;docas;seed 7: kayron | fases=docas | profundidade=0 x1.00 | nv=3 armas=descarga_estelar2 passivas={ "cota_de_malha": 1 } | itens=1 | morreu em docas (83s) nv3 por volta de 37 inimigos, boss=nao-surgiu | chefe=
kayron;docas;seed 8: kayron | fases=docas | profundidade=0 x1.00 | nv=1 armas=descarga_estelar1 passivas={  } | itens=0 | morreu em docas (98s) nv1 por volta de 45 inimigos, boss=nao-surgiu | chefe=
kayron;docas;seed 9: kayron | fases=docas | profundidade=0 x1.00 | nv=1 armas=descarga_estelar1 passivas={  } | itens=1 | morreu em docas (74s) nv1 por volta de 36 inimigos, boss=nao-surgiu | chefe=
kayron;docas;seed 10: kayron | fases=docas | profundidade=0 x1.00 | nv=2 armas=descarga_estelar2 passivas={  } | itens=1 | morreu em docas (94s) nv2 por volta de 43 inimigos, boss=nao-surgiu | chefe=
kayron;docas;seed 11: kayron | fases=docas | profundidade=0 x1.00 | nv=2 armas=descarga_estelar1 passivas={ "foco_arcano": 1 } | itens=1 | morreu em docas (43s) nv2 por volta de 21 inimigos, boss=nao-surgiu | chefe=
kayron;docas;seed 12: kayron | fases=docas,shedaklah,molor,durao | profundidade=3 x1.90 | nv=42 armas=descarga_estelar5,estocada_mistica5,golpe_atordoante5,cera_fervente5 passivas={ "pele_de_pedra": 5, "foco_arcano": 3, "constituicao": 4, "cota_de_malha": 5, "regeneracao": 5 } | itens=4 | limite de fases | chefe=docas:349s/pvmin84%,shedaklah:60s/pvmin100%,molor:31s/pvmin100%
kayron;docas;seed 13: kayron | fases=docas | profundidade=0 x1.00 | nv=3 armas=descarga_estelar1,adaga_rapida1 passivas={ "forca": 1 } | itens=1 | morreu em docas (81s) nv3 por volta de 36 inimigos, boss=nao-surgiu | chefe=
kayron;docas;seed 14: kayron | fases=docas | profundidade=0 x1.00 | nv=3 armas=descarga_estelar2 passivas={ "cota_de_malha": 1 } | itens=1 | morreu em docas (123s) nv3 por volta de 40 inimigos, boss=nao-surgiu | chefe=
kayron;docas;seed 15: kayron | fases=docas | profundidade=0 x1.00 | nv=6 armas=descarga_estelar2 passivas={ "constituicao": 2, "foco_arcano": 1, "cota_de_malha": 1 } | itens=2 | morreu em docas (317s) nv6 por volta de 72 inimigos, boss=hp 630/648 | chefe=docas:x/pvmin0%
kayron;docas;seed 16: kayron | fases=docas,shedaklah,molor,durao | profundidade=3 x1.90 | nv=45 armas=descarga_estelar5,golpe_esmagador5,raio_enfraquecedor5,lamina_trovejante5 passivas={ "alcance": 5, "regeneracao": 5, "sabedoria": 5, "sorte_de_sendrinah": 5, "foco_arcano": 5 } | itens=4 | limite de fases | chefe=docas:310s/pvmin58%,shedaklah:42s/pvmin75%,molor:19s/pvmin92%
kayron;docas;seed 17: kayron | fases=docas,shedaklah,molor,durao | profundidade=3 x1.90 | nv=39 armas=descarga_estelar5,vela_sagrada5,adaga_rapida5,sentenca_de_lliira5 passivas={ "regeneracao": 5, "forca": 5, "pele_de_pedra": 5, "cota_de_malha": 3, "constituicao": 1 } | itens=4 | limite de fases | chefe=docas:150s/pvmin46%,shedaklah:257s/pvmin61%,molor:152s/pvmin86%
kayron;docas;seed 18: kayron | fases=docas | profundidade=0 x1.00 | nv=1 armas=descarga_estelar1 passivas={  } | itens=2 | morreu em docas (92s) nv1 por volta de 43 inimigos, boss=nao-surgiu | chefe=
kayron;docas;seed 19: kayron | fases=docas | profundidade=0 x1.00 | nv=1 armas=descarga_estelar1 passivas={  } | itens=1 | morreu em docas (38s) nv1 por volta de 23 inimigos, boss=nao-surgiu | chefe=
kayron;docas;seed 20: kayron | fases=docas | profundidade=0 x1.00 | nv=10 armas=descarga_estelar4,sentenca_de_lliira1,cera_fervente1 passivas={ "constituicao": 2, "pele_de_pedra": 2 } | itens=1 | morreu em docas (184s) nv10 por volta de 17 inimigos, boss=nao-surgiu | chefe=
kayron;docas;seed 21: kayron | fases=docas | profundidade=0 x1.00 | nv=2 armas=descarga_estelar1 passivas={  } | itens=2 | morreu em docas (97s) nv2 por volta de 42 inimigos, boss=nao-surgiu | chefe=
kayron;docas;seed 22: kayron | fases=docas | profundidade=0 x1.00 | nv=1 armas=descarga_estelar1 passivas={  } | itens=0 | morreu em docas (41s) nv1 por volta de 25 inimigos, boss=nao-surgiu | chefe=
kayron;docas;seed 23: kayron | fases=docas | profundidade=0 x1.00 | nv=2 armas=descarga_estelar2 passivas={  } | itens=2 | morreu em docas (70s) nv2 por volta de 33 inimigos, boss=nao-surgiu | chefe=
kayron;docas;seed 24: kayron | fases=docas,shedaklah,molor,durao | profundidade=3 x1.90 | nv=44 armas=chuva_de_estrelas1,raio_de_luz5,golpe_esmagador5,golpe_do_juizo1 passivas={ "forca": 5, "cota_de_malha": 3, "regeneracao": 4, "foco_arcano": 5, "inteligencia": 1 } | itens=4 | limite de fases | chefe=docas:145s/pvmin64%,shedaklah:21s/pvmin74%,molor:15s/pvmin100%
kayron;docas;seed 25: kayron | fases=docas | profundidade=0 x1.00 | nv=1 armas=descarga_estelar1 passivas={  } | itens=1 | morreu em docas (71s) nv1 por volta de 38 inimigos, boss=nao-surgiu | chefe=
kayron;docas;seed 26: kayron | fases=docas,shedaklah | profundidade=1 x1.25 | nv=28 armas=descarga_estelar1,lamina_trovejante5,dominar_pessoa5,espada_sombria4 passivas={ "pele_de_pedra": 2, "regeneracao": 3, "cota_de_malha": 3, "ganancia": 3, "inteligencia": 2 } | itens=4 | morreu em shedaklah (1088s) nv28 por volta de 44 inimigos, boss=hp 143/780 | chefe=docas:206s/pvmin76%,shedaklah:x/pvmin0%
kayron;docas;seed 27: kayron | fases=docas,shedaklah,molor,durao | profundidade=3 x1.90 | nv=47 armas=descarga_estelar5,estocada_mistica5,vela_sagrada5,rajada_infinita1 passivas={ "constituicao": 5, "cota_de_malha": 5, "forca": 5, "pele_de_pedra": 5, "sorte_de_sendrinah": 2 } | itens=4 | limite de fases | chefe=docas:210s/pvmin61%,shedaklah:1298s/pvmin36%,molor:124s/pvmin92%
kayron;docas;seed 28: kayron | fases=docas,shedaklah,molor,durao | profundidade=3 x1.90 | nv=48 armas=descarga_estelar5,marca_da_retidao5,cera_fervente5,vela_sagrada5 passivas={ "pele_de_pedra": 5, "regeneracao": 5, "foco_arcano": 5, "forca": 5, "constituicao": 5 } | itens=4 | limite de fases | chefe=docas:178s/pvmin59%,shedaklah:886s/pvmin77%,molor:33s/pvmin99%
kayron;docas;seed 29: kayron | fases=docas | profundidade=0 x1.00 | nv=5 armas=descarga_estelar3,marca_da_retidao1 passivas={ "constituicao": 1 } | itens=1 | morreu em docas (145s) nv5 por volta de 42 inimigos, boss=nao-surgiu | chefe=
kayron;docas;seed 30: kayron | fases=docas | profundidade=0 x1.00 | nv=3 armas=descarga_estelar2,adaga_rapida1 passivas={  } | itens=1 | morreu em docas (52s) nv3 por volta de 17 inimigos, boss=nao-surgiu | chefe=
korrak;docas;seed 1: korrak | fases=docas,shedaklah,molor,durao | profundidade=3 x1.90 | nv=45 armas=machado_de_xargath5,golpe_esmagador5,cera_fervente5,lamina_trovejante5 passivas={ "forca": 5, "cota_de_malha": 5, "regeneracao": 5, "ganancia": 5, "constituicao": 5 } | itens=4 | limite de fases | chefe=docas:85s/pvmin94%,shedaklah:48s/pvmin85%,molor:171s/pvmin100%
korrak;docas;seed 2: korrak | fases=docas,shedaklah,molor,durao | profundidade=3 x1.90 | nv=46 armas=machado_de_xargath5,estocada_mistica5,dominar_pessoa5,sentenca_de_lliira5,sopro_de_estrela2,cajado_dos_desejos1 passivas={ "pele_de_pedra": 3, "regeneracao": 3, "foco_arcano": 4, "forca": 5, "cota_de_malha": 4 } | itens=4 | limite de fases | chefe=docas:67s/pvmin93%,shedaklah:2450s/pvmin80%,molor:179s/pvmin93%
korrak;docas;seed 3: korrak | fases=docas,shedaklah,molor,durao | profundidade=3 x1.90 | nv=41 armas=machado_de_xargath5,espada_sombria5,vela_sagrada5,dominar_pessoa5 passivas={ "forca": 4, "foco_arcano": 5, "pele_de_pedra": 4, "regeneracao": 5, "constituicao": 3 } | itens=4 | limite de fases | chefe=docas:93s/pvmin82%,shedaklah:277s/pvmin81%,molor:447s/pvmin87%
korrak;docas;seed 4: korrak | fases=docas,shedaklah,molor,durao | profundidade=3 x1.90 | nv=41 armas=machado_de_xargath5,rajada_infinita1,cera_fervente5,dominar_pessoa5 passivas={ "carisma": 3, "cota_de_malha": 5, "robe_arcano": 4, "sorte_de_sendrinah": 3, "regeneracao": 5 } | itens=4 | limite de fases | chefe=docas:47s/pvmin83%,shedaklah:14s/pvmin75%,molor:28s/pvmin83%
korrak;docas;seed 5: korrak | fases=docas,shedaklah,molor,durao | profundidade=3 x1.90 | nv=44 armas=machado_de_xargath5,inferno_de_cera1,golpe_atordoante5,estocada_mistica5 passivas={ "foco_arcano": 5, "robe_arcano": 5, "constituicao": 5, "regeneracao": 5, "alcance": 3 } | itens=4 | limite de fases | chefe=docas:19s/pvmin87%,shedaklah:13s/pvmin100%,molor:18s/pvmin98%
korrak;docas;seed 6: korrak | fases=docas,shedaklah,molor | profundidade=2 x1.55 | nv=35 armas=machado_de_xargath5,golpe_do_juizo1,golpe_esmagador5,raio_enfraquecedor5 passivas={ "forca": 5, "sabedoria": 1, "robe_arcano": 2, "regeneracao": 4, "alcance": 2 } | itens=4 | tempo (estado=shop t=250s run=1931s boss=nao-surgiu) | chefe=docas:107s/pvmin70%,shedaklah:732s/pvmin82%
korrak;docas;seed 7: korrak | fases=docas,shedaklah,molor,durao | profundidade=3 x1.90 | nv=37 armas=machado_de_xargath5,adaga_rapida5,golpe_do_juizo1,sentenca_de_lliira5 passivas={ "constituicao": 4, "cota_de_malha": 3, "pele_de_pedra": 3, "forca": 2, "regeneracao": 4 } | itens=4 | limite de fases | chefe=docas:152s/pvmin73%,shedaklah:1492s/pvmin63%,molor:609s/pvmin85%
korrak;docas;seed 8: korrak | fases=docas,shedaklah,molor,durao | profundidade=3 x1.90 | nv=39 armas=machado_de_xargath5,adaga_rapida5,dominar_pessoa5,chuva_de_estrelas1 passivas={ "pele_de_pedra": 5, "forca": 4, "cota_de_malha": 3, "inteligencia": 1, "constituicao": 5 } | itens=4 | limite de fases | chefe=docas:200s/pvmin85%,shedaklah:926s/pvmin82%,molor:145s/pvmin81%
korrak;docas;seed 9: korrak | fases=docas,shedaklah,molor,durao | profundidade=3 x1.90 | nv=48 armas=machado_de_xargath5,cera_fervente5,raio_de_luz5,estocada_mistica5 passivas={ "foco_arcano": 5, "carisma": 5, "forca": 5, "ganancia": 5, "cota_de_malha": 5 } | itens=4 | limite de fases | chefe=docas:14s/pvmin98%,shedaklah:25s/pvmin69%,molor:42s/pvmin90%
korrak;docas;seed 10: korrak | fases=docas,shedaklah,molor,durao | profundidade=3 x1.90 | nv=40 armas=machado_de_xargath5,cera_fervente5,adaga_rapida5,golpe_esmagador5 passivas={ "forca": 5, "cota_de_malha": 5, "pele_de_pedra": 5, "inteligencia": 1, "constituicao": 4 } | itens=4 | limite de fases | chefe=docas:34s/pvmin87%,shedaklah:132s/pvmin87%,molor:67s/pvmin91%
korrak;docas;seed 11: korrak | fases=docas,shedaklah,molor,durao | profundidade=3 x1.90 | nv=35 armas=machado_de_xargath5,adaga_rapida5,golpe_atordoante3,raio_enfraquecedor5 passivas={ "regeneracao": 3, "constituicao": 5, "forca": 3, "cota_de_malha": 5, "ganancia": 1 } | itens=4 | limite de fases | chefe=docas:50s/pvmin79%,shedaklah:239s/pvmin49%,molor:470s/pvmin77%
korrak;docas;seed 12: korrak | fases=docas,shedaklah,molor,durao | profundidade=3 x1.90 | nv=41 armas=machado_de_xargath5,golpe_esmagador5,marca_da_retidao5,cera_fervente5 passivas={ "pele_de_pedra": 4, "forca": 5, "carisma": 2, "foco_arcano": 5, "cota_de_malha": 5 } | itens=4 | limite de fases | chefe=docas:157s/pvmin54%,shedaklah:29s/pvmin85%,molor:23s/pvmin97%
korrak;docas;seed 13: korrak | fases=docas,shedaklah,molor | profundidade=2 x1.55 | nv=48 armas=machado_de_xargath5,dominar_pessoa5,vela_sagrada5,estocada_mistica5 passivas={ "forca": 5, "regeneracao": 5, "cota_de_malha": 5, "foco_arcano": 5, "pele_de_pedra": 5 } | itens=4 | CAP de tempo em molor (boss hp 254) | chefe=docas:122s/pvmin78%,shedaklah:884s/pvmin71%,molor:x/pvmin82%
korrak;docas;seed 14: korrak | fases=docas,shedaklah,molor,durao | profundidade=3 x1.90 | nv=41 armas=machado_de_xargath5,espada_do_receptaculo1,adaga_rapida5,luz_mais_pura1 passivas={ "regeneracao": 5, "foco_arcano": 4, "constituicao": 4, "cota_de_malha": 5, "pele_de_pedra": 1 } | itens=4 | limite de fases | chefe=docas:68s/pvmin86%,shedaklah:694s/pvmin95%,molor:397s/pvmin100%
korrak;docas;seed 15: korrak | fases=docas,shedaklah,molor,durao | profundidade=3 x1.90 | nv=46 armas=machado_de_xargath5,estocada_mistica5,vela_sagrada5,luz_mais_pura1 passivas={ "foco_arcano": 5, "sorte_de_sendrinah": 5, "pele_de_pedra": 5, "constituicao": 5, "forca": 5 } | itens=4 | limite de fases | chefe=docas:53s/pvmin85%,shedaklah:26s/pvmin100%,molor:44s/pvmin100%
korrak;docas;seed 16: korrak | fases=docas,shedaklah,molor,durao | profundidade=3 x1.90 | nv=44 armas=machado_de_xargath5,marca_da_retidao5,tempestade1,cera_fervente5,cajado_dos_desejos1 passivas={ "cota_de_malha": 4, "pele_de_pedra": 4, "foco_arcano": 3, "constituicao": 5, "botas_leves": 2 } | itens=4 | limite de fases | chefe=docas:146s/pvmin95%,shedaklah:45s/pvmin86%,molor:108s/pvmin90%
korrak;docas;seed 17: korrak | fases=docas,shedaklah,molor,durao | profundidade=3 x1.90 | nv=39 armas=machado_de_xargath5,adaga_rapida5,marca_da_retidao5,luz_mais_pura1 passivas={ "constituicao": 3, "regeneracao": 5, "cota_de_malha": 5, "forca": 3, "foco_arcano": 2 } | itens=4 | limite de fases | chefe=docas:106s/pvmin81%,shedaklah:188s/pvmin78%,molor:45s/pvmin89%
korrak;docas;seed 18: korrak | fases=docas,shedaklah,molor,durao | profundidade=3 x1.90 | nv=46 armas=machado_de_xargath5,descarga_estelar5,marca_da_retidao5,raio_enfraquecedor5 passivas={ "constituicao": 5, "pele_de_pedra": 5, "forca": 5, "robe_arcano": 5, "sabedoria": 5 } | itens=4 | limite de fases | chefe=docas:98s/pvmin69%,shedaklah:91s/pvmin90%,molor:975s/pvmin85%
korrak;docas;seed 19: korrak | fases=docas,shedaklah,molor,durao | profundidade=3 x1.90 | nv=46 armas=machado_de_xargath5,vela_sagrada5,cera_fervente5,marca_da_retidao5 passivas={ "pele_de_pedra": 5, "cota_de_malha": 5, "forca": 5, "constituicao": 5, "regeneracao": 5 } | itens=4 | limite de fases | chefe=docas:77s/pvmin90%,shedaklah:11s/pvmin95%,molor:14s/pvmin94%
korrak;docas;seed 20: korrak | fases=docas,shedaklah,molor,durao | profundidade=3 x1.90 | nv=41 armas=machado_de_xargath5,adaga_rapida5,inferno_de_cera1,luz_mais_pura1 passivas={ "pele_de_pedra": 5, "constituicao": 4, "cota_de_malha": 5, "forca": 4, "alcance": 1 } | itens=4 | limite de fases | chefe=docas:106s/pvmin80%,shedaklah:183s/pvmin88%,molor:10s/pvmin100%
korrak;docas;seed 21: korrak | fases=docas,shedaklah,molor | profundidade=2 x1.55 | nv=42 armas=machado_de_xargath5,adaga_rapida5,vela_sagrada5,raio_enfraquecedor5 passivas={ "regeneracao": 5, "cota_de_malha": 5, "forca": 5, "botas_leves": 1, "robe_arcano": 1 } | itens=4 | tempo (estado=shop t=1232s run=3770s boss=caiu) | chefe=docas:216s/pvmin87%,shedaklah:1481s/pvmin80%,molor:662s/pvmin86%
korrak;docas;seed 22: korrak | fases=docas,shedaklah,molor,durao | profundidade=3 x1.90 | nv=38 armas=machado_de_xargath5,golpe_do_juizo1,cera_fervente5,vela_sagrada5 passivas={ "constituicao": 1, "pele_de_pedra": 5, "cota_de_malha": 5, "forca": 3, "regeneracao": 3 } | itens=4 | limite de fases | chefe=docas:138s/pvmin91%,shedaklah:80s/pvmin93%,molor:35s/pvmin91%
korrak;docas;seed 23: korrak | fases=docas,shedaklah,molor,durao | profundidade=3 x1.90 | nv=36 armas=machado_de_xargath4,espada_do_receptaculo1,dominar_pessoa5,marca_da_retidao5 passivas={ "regeneracao": 4, "constituicao": 3, "forca": 3, "cota_de_malha": 3, "foco_arcano": 3 } | itens=4 | limite de fases | chefe=docas:66s/pvmin83%,shedaklah:386s/pvmin76%,molor:324s/pvmin82%
korrak;docas;seed 24: korrak | fases=docas,shedaklah,molor,durao | profundidade=3 x1.90 | nv=49 armas=machado_de_xargath5,adaga_rapida5,dominar_pessoa5,marca_da_retidao5 passivas={ "pele_de_pedra": 5, "constituicao": 5, "forca": 5, "cota_de_malha": 5, "inteligencia": 5 } | itens=4 | limite de fases | chefe=docas:81s/pvmin91%,shedaklah:1626s/pvmin81%,molor:2258s/pvmin95%
korrak;docas;seed 25: korrak | fases=docas,shedaklah,molor,durao | profundidade=3 x1.90 | nv=40 armas=machado_de_xargath5,adaga_rapida5,inferno_de_cera1,sentenca_de_lliira5 passivas={ "regeneracao": 5, "constituicao": 5, "forca": 4, "alcance": 1, "foco_arcano": 4 } | itens=3 | limite de fases | chefe=docas:67s/pvmin58%,shedaklah:207s/pvmin71%,molor:20s/pvmin93%
korrak;docas;seed 26: korrak | fases=docas,shedaklah,molor,durao | profundidade=3 x1.90 | nv=40 armas=machado_de_xargath5,marca_da_retidao5,luz_mais_pura1,descarga_estelar5 passivas={ "pele_de_pedra": 5, "foco_arcano": 2, "cota_de_malha": 4, "forca": 5, "constituicao": 3 } | itens=4 | limite de fases | chefe=docas:64s/pvmin88%,shedaklah:388s/pvmin77%,molor:43s/pvmin98%
korrak;docas;seed 27: korrak | fases=docas,shedaklah,molor,durao | profundidade=3 x1.90 | nv=46 armas=machado_de_xargath5,golpe_esmagador5,adaga_rapida5,cera_fervente5 passivas={ "constituicao": 5, "foco_arcano": 5, "cota_de_malha": 5, "regeneracao": 5, "forca": 5 } | itens=4 | limite de fases | chefe=docas:51s/pvmin88%,shedaklah:24s/pvmin87%,molor:32s/pvmin85%
korrak;docas;seed 28: korrak | fases=docas,shedaklah,molor,durao | profundidade=3 x1.90 | nv=40 armas=machado_de_xargath5,dominar_pessoa5,golpe_do_juizo1,cera_fervente5 passivas={ "pele_de_pedra": 2, "constituicao": 5, "forca": 5, "regeneracao": 4, "cota_de_malha": 3 } | itens=4 | limite de fases | chefe=docas:120s/pvmin86%,shedaklah:83s/pvmin88%,molor:62s/pvmin83%
korrak;docas;seed 29: korrak | fases=docas,shedaklah,molor,durao | profundidade=3 x1.90 | nv=41 armas=machado_de_xargath5,espada_do_receptaculo1,cera_fervente5,vela_sagrada5 passivas={ "constituicao": 5, "cota_de_malha": 5, "carisma": 4, "pele_de_pedra": 5, "inteligencia": 1 } | itens=4 | limite de fases | chefe=docas:35s/pvmin86%,shedaklah:43s/pvmin92%,molor:71s/pvmin90%
korrak;docas;seed 30: korrak | fases=docas,shedaklah,molor,durao | profundidade=3 x1.90 | nv=42 armas=machado_de_xargath5,cera_fervente5,adaga_rapida5,vela_sagrada5 passivas={ "pele_de_pedra": 5, "constituicao": 5, "cota_de_malha": 5, "foco_arcano": 5, "sabedoria": 2 } | itens=4 | limite de fases | chefe=docas:23s/pvmin90%,shedaklah:261s/pvmin78%,molor:169s/pvmin94%
leoric;docas;seed 1: leoric | fases=docas,shedaklah | profundidade=1 x1.25 | nv=22 armas=sopro_de_estrela4,golpe_esmagador5,raio_enfraquecedor5,golpe_atordoante2 passivas={ "foco_arcano": 2, "ganancia": 1, "pele_de_pedra": 1, "sorte_de_sendrinah": 1, "botas_leves": 1 } | itens=4 | morreu em shedaklah (705s) nv22 por volta de 34 inimigos, boss=hp 574/780 | chefe=docas:162s/pvmin12%,shedaklah:x/pvmin0%
leoric;docas;seed 2: leoric | fases=docas,shedaklah,molor,durao | profundidade=3 x1.90 | nv=43 armas=sopro_de_estrela5,descarga_estelar5,raio_de_luz5,raio_enfraquecedor5 passivas={ "regeneracao": 5, "forca": 5, "foco_arcano": 5, "alcance": 3, "pele_de_pedra": 5 } | itens=4 | limite de fases | chefe=docas:98s/pvmin63%,shedaklah:157s/pvmin66%,molor:96s/pvmin90%
leoric;docas;seed 3: leoric | fases=docas | profundidade=0 x1.00 | nv=10 armas=sopro_de_estrela3,raio_de_luz3,sentenca_de_lliira1 passivas={ "pele_de_pedra": 2, "forca": 1 } | itens=1 | morreu em docas (302s) nv10 por volta de 37 inimigos, boss=hp 648/648 | chefe=docas:x/pvmin0%
leoric;docas;seed 4: leoric | fases=docas | profundidade=0 x1.00 | nv=2 armas=sopro_de_estrela1 passivas={ "pele_de_pedra": 1 } | itens=1 | morreu em docas (38s) nv2 por volta de 20 inimigos, boss=nao-surgiu | chefe=
leoric;docas;seed 5: leoric | fases=docas,shedaklah,molor,durao | profundidade=3 x1.90 | nv=40 armas=sopro_de_estrela5,vela_sagrada5,dominar_pessoa5,luz_mais_pura1 passivas={ "foco_arcano": 5, "pele_de_pedra": 4, "constituicao": 3, "regeneracao": 2, "cota_de_malha": 5 } | itens=4 | limite de fases | chefe=docas:135s/pvmin78%,shedaklah:226s/pvmin52%,molor:32s/pvmin100%
leoric;docas;seed 6: leoric | fases=docas | profundidade=0 x1.00 | nv=5 armas=sopro_de_estrela3,golpe_esmagador1 passivas={ "foco_arcano": 1 } | itens=1 | morreu em docas (110s) nv5 por volta de 40 inimigos, boss=nao-surgiu | chefe=
leoric;docas;seed 7: leoric | fases=docas,shedaklah,molor,durao | profundidade=3 x1.90 | nv=38 armas=sopro_de_estrela5,dominar_pessoa5,vela_sagrada5,cera_fervente5,colar_dos_tentaculos3 passivas={ "constituicao": 5, "pele_de_pedra": 2, "forca": 3, "ganancia": 2, "cota_de_malha": 4 } | itens=4 | limite de fases | chefe=docas:369s/pvmin62%,shedaklah:74s/pvmin72%,molor:85s/pvmin92%
leoric;docas;seed 8: leoric | fases=docas,shedaklah,molor,durao | profundidade=3 x1.90 | nv=46 armas=sopro_de_estrela5,luz_mais_pura1,vela_sagrada5,dominar_pessoa5 passivas={ "constituicao": 5, "pele_de_pedra": 5, "regeneracao": 5, "foco_arcano": 5, "cota_de_malha": 5 } | itens=4 | limite de fases | chefe=docas:193s/pvmin66%,shedaklah:1694s/pvmin64%,molor:41s/pvmin97%
leoric;docas;seed 9: leoric | fases=docas | profundidade=0 x1.00 | nv=6 armas=sopro_de_estrela1,golpe_esmagador1,golpe_atordoante1 passivas={ "pele_de_pedra": 1, "inteligencia": 1, "botas_leves": 1 } | itens=1 | morreu em docas (180s) nv6 por volta de 54 inimigos, boss=nao-surgiu | chefe=
leoric;docas;seed 10: leoric | fases=docas | profundidade=0 x1.00 | nv=5 armas=sopro_de_estrela1,sentenca_de_lliira1,descarga_estelar1 passivas={ "cota_de_malha": 2 } | itens=1 | morreu em docas (48s) nv5 por volta de 17 inimigos, boss=nao-surgiu | chefe=
leoric;docas;seed 11: leoric | fases=docas | profundidade=0 x1.00 | nv=5 armas=sopro_de_estrela1,raio_enfraquecedor2,dominar_pessoa1 passivas={ "constituicao": 1 } | itens=2 | morreu em docas (90s) nv5 por volta de 37 inimigos, boss=nao-surgiu | chefe=
leoric;docas;seed 12: leoric | fases=docas,shedaklah,molor,durao | profundidade=3 x1.90 | nv=45 armas=sopro_de_estrela5,vela_sagrada5,golpe_esmagador5,descarga_estelar5 passivas={ "alcance": 5, "regeneracao": 5, "constituicao": 5, "pele_de_pedra": 5, "sorte_de_sendrinah": 5 } | itens=4 | limite de fases | chefe=docas:170s/pvmin83%,shedaklah:710s/pvmin45%,molor:793s/pvmin84%
leoric;docas;seed 13: leoric | fases=docas | profundidade=0 x1.00 | nv=9 armas=sopro_de_estrela1,estocada_mistica1,golpe_atordoante1 passivas={ "foco_arcano": 2, "pele_de_pedra": 1, "constituicao": 1, "cota_de_malha": 1, "inteligencia": 1 } | itens=1 | morreu em docas (147s) nv9 por volta de 31 inimigos, boss=nao-surgiu | chefe=
leoric;docas;seed 14: leoric | fases=docas | profundidade=0 x1.00 | nv=2 armas=sopro_de_estrela1 passivas={ "foco_arcano": 1 } | itens=1 | morreu em docas (56s) nv2 por volta de 28 inimigos, boss=nao-surgiu | chefe=
leoric;docas;seed 15: leoric | fases=docas,shedaklah,molor,durao | profundidade=3 x1.90 | nv=39 armas=sopro_de_estrela5,lamina_trovejante5,raio_enfraquecedor5,espada_do_receptaculo1 passivas={ "constituicao": 5, "pele_de_pedra": 5, "foco_arcano": 1, "cota_de_malha": 2, "regeneracao": 5 } | itens=4 | limite de fases | chefe=docas:146s/pvmin81%,shedaklah:243s/pvmin77%,molor:108s/pvmin80%
leoric;docas;seed 16: leoric | fases=docas,shedaklah,molor,durao | profundidade=3 x1.90 | nv=45 armas=sopro_de_estrela5,estocada_mistica5,marca_da_retidao5,descarga_estelar5 passivas={ "regeneracao": 5, "cota_de_malha": 5, "pele_de_pedra": 5, "foco_arcano": 5, "constituicao": 5 } | itens=4 | limite de fases | chefe=docas:117s/pvmin80%,shedaklah:13s/pvmin97%,molor:70s/pvmin95%
leoric;docas;seed 17: leoric | fases=docas | profundidade=0 x1.00 | nv=3 armas=sopro_de_estrela1 passivas={ "regeneracao": 1, "pele_de_pedra": 1 } | itens=1 | morreu em docas (104s) nv3 por volta de 39 inimigos, boss=nao-surgiu | chefe=
leoric;docas;seed 18: leoric | fases=docas,shedaklah,molor,durao | profundidade=3 x1.90 | nv=44 armas=sopro_de_estrela5,adaga_rapida5,cera_fervente5,golpe_esmagador5 passivas={ "cota_de_malha": 5, "regeneracao": 4, "foco_arcano": 5, "pele_de_pedra": 5, "constituicao": 5 } | itens=4 | limite de fases | chefe=docas:186s/pvmin37%,shedaklah:32s/pvmin87%,molor:58s/pvmin98%
leoric;docas;seed 19: leoric | fases=docas,shedaklah | profundidade=1 x1.25 | nv=24 armas=sopro_de_estrela2,descarga_estelar4,marca_da_retidao4,golpe_esmagador5 passivas={ "regeneracao": 4, "pele_de_pedra": 1, "constituicao": 1, "cota_de_malha": 2, "forca": 1 } | itens=4 | morreu em shedaklah (474s) nv24 por volta de 19 inimigos, boss=nao-surgiu | chefe=docas:162s/pvmin60%
leoric;docas;seed 20: leoric | fases=docas | profundidade=0 x1.00 | nv=2 armas=sopro_de_estrela1 passivas={ "regeneracao": 1 } | itens=1 | morreu em docas (47s) nv2 por volta de 25 inimigos, boss=nao-surgiu | chefe=
leoric;docas;seed 21: leoric | fases=docas | profundidade=0 x1.00 | nv=3 armas=sopro_de_estrela1 passivas={ "pele_de_pedra": 1, "foco_arcano": 1 } | itens=1 | morreu em docas (89s) nv3 por volta de 40 inimigos, boss=nao-surgiu | chefe=
leoric;docas;seed 22: leoric | fases=docas | profundidade=0 x1.00 | nv=5 armas=sopro_de_estrela4 passivas={ "constituicao": 1 } | itens=1 | morreu em docas (60s) nv5 por volta de 19 inimigos, boss=nao-surgiu | chefe=
leoric;docas;seed 23: leoric | fases=docas | profundidade=0 x1.00 | nv=5 armas=sopro_de_estrela3,descarga_estelar1,sentenca_de_lliira1 passivas={  } | itens=1 | morreu em docas (79s) nv5 por volta de 35 inimigos, boss=nao-surgiu | chefe=
leoric;docas;seed 24: leoric | fases=docas | profundidade=0 x1.00 | nv=13 armas=sopro_de_estrela2,lamina_trovejante3,adaga_rapida2 passivas={ "constituicao": 1, "cota_de_malha": 2, "pele_de_pedra": 1, "sabedoria": 1, "ganancia": 1 } | itens=2 | morreu em docas (338s) nv13 por volta de 26 inimigos, boss=hp 598/648 | chefe=docas:x/pvmin0%
leoric;docas;seed 25: leoric | fases=docas | profundidade=0 x1.00 | nv=3 armas=sopro_de_estrela1 passivas={ "foco_arcano": 1, "cota_de_malha": 1 } | itens=1 | morreu em docas (99s) nv3 por volta de 44 inimigos, boss=nao-surgiu | chefe=
leoric;docas;seed 26: leoric | fases=docas | profundidade=0 x1.00 | nv=3 armas=sopro_de_estrela2 passivas={ "pele_de_pedra": 1 } | itens=1 | morreu em docas (50s) nv3 por volta de 25 inimigos, boss=nao-surgiu | chefe=
leoric;docas;seed 27: leoric | fases=docas | profundidade=0 x1.00 | nv=1 armas=sopro_de_estrela1 passivas={  } | itens=1 | morreu em docas (50s) nv1 por volta de 23 inimigos, boss=nao-surgiu | chefe=
leoric;docas;seed 28: leoric | fases=docas | profundidade=0 x1.00 | nv=3 armas=sopro_de_estrela3 passivas={  } | itens=1 | morreu em docas (53s) nv3 por volta de 26 inimigos, boss=nao-surgiu | chefe=
leoric;docas;seed 29: leoric | fases=docas | profundidade=0 x1.00 | nv=5 armas=sopro_de_estrela1,raio_enfraquecedor1,vela_sagrada1 passivas={ "cota_de_malha": 1, "robe_arcano": 1 } | itens=1 | morreu em docas (71s) nv5 por volta de 28 inimigos, boss=nao-surgiu | chefe=
leoric;docas;seed 30: leoric | fases=docas | profundidade=0 x1.00 | nv=3 armas=sopro_de_estrela1 passivas={ "constituicao": 1, "regeneracao": 1 } | itens=1 | morreu em docas (49s) nv3 por volta de 26 inimigos, boss=nao-surgiu | chefe=
nyrelia;docas;seed 1: nyrelia | fases=docas | profundidade=0 x1.00 | nv=1 armas=dominar_pessoa1 passivas={  } | itens=1 | morreu em docas (44s) nv1 por volta de 23 inimigos, boss=nao-surgiu | chefe=
nyrelia;docas;seed 2: nyrelia | fases=docas,shedaklah,molor,durao | profundidade=3 x1.90 | nv=38 armas=dominar_pessoa5,espada_do_receptaculo1,vela_sagrada5,cera_fervente5 passivas={ "constituicao": 3, "regeneracao": 4, "cota_de_malha": 2, "pele_de_pedra": 3, "foco_arcano": 5 } | itens=4 | limite de fases | chefe=docas:532s/pvmin62%,shedaklah:228s/pvmin82%,molor:54s/pvmin89%
nyrelia;docas;seed 3: nyrelia | fases=docas | profundidade=0 x1.00 | nv=1 armas=dominar_pessoa1 passivas={  } | itens=1 | morreu em docas (57s) nv1 por volta de 29 inimigos, boss=nao-surgiu | chefe=
nyrelia;docas;seed 4: nyrelia | fases=docas,shedaklah,molor | profundidade=2 x1.55 | nv=48 armas=dominar_pessoa5,vela_sagrada5,lamina_trovejante5,golpe_esmagador5 passivas={ "pele_de_pedra": 5, "cota_de_malha": 5, "foco_arcano": 5, "regeneracao": 5, "constituicao": 5 } | itens=4 | CAP de tempo em molor (boss hp -) | chefe=docas:4750s/pvmin68%,shedaklah:52s/pvmin98%
nyrelia;docas;seed 5: nyrelia | fases=docas | profundidade=0 x1.00 | nv=1 armas=dominar_pessoa1,martelo_da_gloria1 passivas={  } | itens=1 | morreu em docas (79s) nv1 por volta de 38 inimigos, boss=nao-surgiu | chefe=
nyrelia;docas;seed 6: nyrelia | fases=docas | profundidade=0 x1.00 | nv=1 armas=dominar_pessoa1 passivas={  } | itens=1 | morreu em docas (49s) nv1 por volta de 24 inimigos, boss=nao-surgiu | chefe=
nyrelia;docas;seed 7: nyrelia | fases=docas | profundidade=0 x1.00 | nv=1 armas=dominar_pessoa1 passivas={  } | itens=1 | morreu em docas (89s) nv1 por volta de 41 inimigos, boss=nao-surgiu | chefe=
nyrelia;docas;seed 8: nyrelia | fases=docas | profundidade=0 x1.00 | nv=1 armas=dominar_pessoa1 passivas={  } | itens=2 | morreu em docas (91s) nv1 por volta de 42 inimigos, boss=nao-surgiu | chefe=
nyrelia;docas;seed 9: nyrelia | fases=docas | profundidade=0 x1.00 | nv=1 armas=dominar_pessoa1 passivas={  } | itens=0 | morreu em docas (67s) nv1 por volta de 35 inimigos, boss=nao-surgiu | chefe=
nyrelia;docas;seed 10: nyrelia | fases=docas | profundidade=0 x1.00 | nv=1 armas=dominar_pessoa1 passivas={  } | itens=0 | morreu em docas (80s) nv1 por volta de 39 inimigos, boss=nao-surgiu | chefe=
nyrelia;docas;seed 11: nyrelia | fases=docas,shedaklah | profundidade=1 x1.25 | nv=14 armas=dominar_pessoa2,marca_da_retidao2,golpe_esmagador1,lamina_trovejante1 passivas={ "regeneracao": 1, "pele_de_pedra": 2, "constituicao": 2, "cota_de_malha": 2, "robe_arcano": 1 } | itens=4 | morreu em shedaklah (532s) nv14 por volta de 35 inimigos, boss=nao-surgiu | chefe=docas:374s/pvmin66%
nyrelia;docas;seed 12: nyrelia | fases=docas,shedaklah,molor,durao | profundidade=3 x1.90 | nv=44 armas=dominar_pessoa5,vela_sagrada5,estocada_mistica5,espada_do_receptaculo1 passivas={ "foco_arcano": 5, "constituicao": 4, "forca": 5, "regeneracao": 5, "cota_de_malha": 4 } | itens=4 | limite de fases | chefe=docas:869s/pvmin39%,shedaklah:1600s/pvmin54%,molor:865s/pvmin68%
nyrelia;docas;seed 13: nyrelia | fases=docas,shedaklah | profundidade=1 x1.25 | nv=18 armas=dominar_pessoa3,golpe_atordoante2,sentenca_de_lliira4,vela_sagrada3 passivas={ "foco_arcano": 1, "sorte_de_sendrinah": 1, "carisma": 1, "constituicao": 2, "forca": 1 } | itens=4 | morreu em shedaklah (707s) nv18 por volta de 80 inimigos, boss=hp 702/780 | chefe=docas:248s/pvmin65%,shedaklah:x/pvmin0%
nyrelia;docas;seed 14: nyrelia | fases=docas | profundidade=0 x1.00 | nv=4 armas=dominar_pessoa2,estocada_mistica1 passivas={ "regeneracao": 1 } | itens=1 | morreu em docas (128s) nv4 por volta de 41 inimigos, boss=nao-surgiu | chefe=
nyrelia;docas;seed 15: nyrelia | fases=docas | profundidade=0 x1.00 | nv=3 armas=dominar_pessoa1,sentenca_de_lliira1,raio_de_luz1 passivas={  } | itens=1 | morreu em docas (178s) nv3 por volta de 52 inimigos, boss=nao-surgiu | chefe=
nyrelia;docas;seed 16: nyrelia | fases=docas | profundidade=0 x1.00 | nv=1 armas=dominar_pessoa1 passivas={  } | itens=1 | morreu em docas (38s) nv1 por volta de 24 inimigos, boss=nao-surgiu | chefe=
nyrelia;docas;seed 17: nyrelia | fases=docas | profundidade=0 x1.00 | nv=7 armas=dominar_pessoa1,lamina_trovejante3,golpe_esmagador1,espada_sombria1 passivas={ "cota_de_malha": 1 } | itens=1 | morreu em docas (228s) nv7 por volta de 53 inimigos, boss=nao-surgiu | chefe=
nyrelia;docas;seed 18: nyrelia | fases=docas | profundidade=0 x1.00 | nv=4 armas=dominar_pessoa1,lamina_trovejante1,golpe_esmagador1 passivas={ "foco_arcano": 1 } | itens=1 | morreu em docas (145s) nv4 por volta de 47 inimigos, boss=nao-surgiu | chefe=
nyrelia;docas;seed 19: nyrelia | fases=docas | profundidade=0 x1.00 | nv=1 armas=dominar_pessoa1 passivas={  } | itens=1 | morreu em docas (55s) nv1 por volta de 28 inimigos, boss=nao-surgiu | chefe=
nyrelia;docas;seed 20: nyrelia | fases=docas | profundidade=0 x1.00 | nv=2 armas=dominar_pessoa1 passivas={ "pele_de_pedra": 1 } | itens=1 | morreu em docas (176s) nv2 por volta de 52 inimigos, boss=nao-surgiu | chefe=
nyrelia;docas;seed 21: nyrelia | fases=docas | profundidade=0 x1.00 | nv=3 armas=dominar_pessoa2 passivas={ "forca": 1 } | itens=1 | morreu em docas (157s) nv3 por volta de 50 inimigos, boss=nao-surgiu | chefe=
nyrelia;docas;seed 22: nyrelia | fases=docas | profundidade=0 x1.00 | nv=2 armas=dominar_pessoa2 passivas={  } | itens=1 | morreu em docas (114s) nv2 por volta de 43 inimigos, boss=nao-surgiu | chefe=
nyrelia;docas;seed 23: nyrelia | fases=docas | profundidade=0 x1.00 | nv=4 armas=dominar_pessoa3,golpe_atordoante1 passivas={  } | itens=2 | morreu em docas (186s) nv4 por volta de 54 inimigos, boss=nao-surgiu | chefe=
nyrelia;docas;seed 24: nyrelia | fases=docas | profundidade=0 x1.00 | nv=1 armas=dominar_pessoa1 passivas={  } | itens=1 | morreu em docas (60s) nv1 por volta de 31 inimigos, boss=nao-surgiu | chefe=
nyrelia;docas;seed 25: nyrelia | fases=docas | profundidade=0 x1.00 | nv=1 armas=dominar_pessoa1 passivas={  } | itens=1 | morreu em docas (140s) nv1 por volta de 49 inimigos, boss=nao-surgiu | chefe=
nyrelia;docas;seed 26: nyrelia | fases=docas | profundidade=0 x1.00 | nv=1 armas=dominar_pessoa1 passivas={  } | itens=1 | morreu em docas (47s) nv1 por volta de 25 inimigos, boss=nao-surgiu | chefe=
nyrelia;docas;seed 27: nyrelia | fases=docas | profundidade=0 x1.00 | nv=3 armas=dominar_pessoa2,descarga_estelar1 passivas={  } | itens=2 | morreu em docas (160s) nv3 por volta de 49 inimigos, boss=nao-surgiu | chefe=
nyrelia;docas;seed 28: nyrelia | fases=docas,shedaklah | profundidade=1 x1.25 | nv=43 armas=dominar_pessoa5,golpe_atordoante5,vela_sagrada5,golpe_esmagador5 passivas={ "cota_de_malha": 5, "regeneracao": 5, "pele_de_pedra": 5, "foco_arcano": 5, "sorte_de_sendrinah": 3 } | itens=4 | CAP de tempo em shedaklah (boss hp 365) | chefe=docas:3550s/pvmin9%,shedaklah:x/pvmin74%
nyrelia;docas;seed 29: nyrelia | fases=docas | profundidade=0 x1.00 | nv=4 armas=dominar_pessoa2,lamina_da_digestao1 passivas={ "pele_de_pedra": 2 } | itens=1 | morreu em docas (145s) nv4 por volta de 45 inimigos, boss=nao-surgiu | chefe=
nyrelia;docas;seed 30: nyrelia | fases=docas | profundidade=0 x1.00 | nv=1 armas=dominar_pessoa1 passivas={  } | itens=1 | morreu em docas (40s) nv1 por volta de 23 inimigos, boss=nao-surgiu | chefe=
zynara;docas;seed 1: zynara | fases=docas | profundidade=0 x1.00 | nv=8 armas=ampulheta1,chicote_avarento2,sentenca_de_lliira3 passivas={ "robe_arcano": 2, "cota_de_malha": 1 } | itens=1 | morreu em docas (123s) nv8 por volta de 31 inimigos, boss=nao-surgiu | chefe=
zynara;docas;seed 2: zynara | fases=docas | profundidade=0 x1.00 | nv=4 armas=ampulheta1,dominar_pessoa1 passivas={ "foco_arcano": 1, "pele_de_pedra": 1 } | itens=1 | morreu em docas (98s) nv4 por volta de 39 inimigos, boss=nao-surgiu | chefe=
zynara;docas;seed 3: zynara | fases=docas | profundidade=0 x1.00 | nv=2 armas=ampulheta2 passivas={  } | itens=1 | morreu em docas (64s) nv2 por volta de 34 inimigos, boss=nao-surgiu | chefe=
zynara;docas;seed 4: zynara | fases=docas | profundidade=0 x1.00 | nv=2 armas=ampulheta2 passivas={  } | itens=1 | morreu em docas (72s) nv2 por volta de 34 inimigos, boss=nao-surgiu | chefe=
zynara;docas;seed 5: zynara | fases=docas | profundidade=0 x1.00 | nv=5 armas=ampulheta1,cera_fervente1 passivas={ "forca": 2, "foco_arcano": 1 } | itens=1 | morreu em docas (67s) nv5 por volta de 24 inimigos, boss=nao-surgiu | chefe=
zynara;docas;seed 6: zynara | fases=docas,shedaklah,molor,durao | profundidade=3 x1.90 | nv=37 armas=ampulheta5,raio_enfraquecedor5,lamina_trovejante5,cera_fervente3 passivas={ "regeneracao": 2, "cota_de_malha": 4, "constituicao": 5, "pele_de_pedra": 5, "foco_arcano": 3 } | itens=4 | limite de fases | chefe=docas:193s/pvmin70%,shedaklah:78s/pvmin80%,molor:46s/pvmin100%
zynara;docas;seed 7: zynara | fases=docas,shedaklah,molor,durao | profundidade=3 x1.90 | nv=43 armas=ampulheta5,cera_fervente5,lamina_trovejante5,estocada_mistica5 passivas={ "regeneracao": 5, "forca": 5, "constituicao": 4, "pele_de_pedra": 5, "cota_de_malha": 4 } | itens=4 | limite de fases | chefe=docas:96s/pvmin60%,shedaklah:29s/pvmin100%,molor:20s/pvmin98%
zynara;docas;seed 8: zynara | fases=docas | profundidade=0 x1.00 | nv=11 armas=ampulheta5,colar_dos_tentaculos4,marca_da_retidao1 passivas={ "foco_arcano": 1, "robe_arcano": 1 } | itens=1 | morreu em docas (114s) nv11 por volta de 27 inimigos, boss=nao-surgiu | chefe=
zynara;docas;seed 9: zynara | fases=docas | profundidade=0 x1.00 | nv=2 armas=ampulheta1,descarga_estelar1 passivas={  } | itens=1 | morreu em docas (66s) nv2 por volta de 31 inimigos, boss=nao-surgiu | chefe=
zynara;docas;seed 10: zynara | fases=docas,shedaklah,molor,durao | profundidade=3 x1.90 | nv=44 armas=ampulheta5,cera_fervente5,vela_sagrada5,descarga_estelar5 passivas={ "regeneracao": 5, "cota_de_malha": 5, "foco_arcano": 5, "carisma": 4, "constituicao": 5 } | itens=4 | limite de fases | chefe=docas:35s/pvmin100%,shedaklah:64s/pvmin80%,molor:30s/pvmin88%
zynara;docas;seed 11: zynara | fases=docas | profundidade=0 x1.00 | nv=6 armas=ampulheta3,marca_da_retidao2,sentenca_de_lliira1 passivas={  } | itens=1 | morreu em docas (203s) nv6 por volta de 53 inimigos, boss=nao-surgiu | chefe=
zynara;docas;seed 12: zynara | fases=docas | profundidade=0 x1.00 | nv=3 armas=ampulheta1,golpe_atordoante1 passivas={ "foco_arcano": 1 } | itens=1 | morreu em docas (69s) nv3 por volta de 34 inimigos, boss=nao-surgiu | chefe=
zynara;docas;seed 13: zynara | fases=docas | profundidade=0 x1.00 | nv=4 armas=ampulheta2,raio_enfraquecedor1,golpe_atordoante1 passivas={  } | itens=1 | morreu em docas (67s) nv4 por volta de 31 inimigos, boss=nao-surgiu | chefe=
zynara;docas;seed 14: zynara | fases=docas | profundidade=0 x1.00 | nv=7 armas=ampulheta2 passivas={ "pele_de_pedra": 3, "constituicao": 1, "cota_de_malha": 1 } | itens=2 | morreu em docas (182s) nv7 por volta de 51 inimigos, boss=nao-surgiu | chefe=
zynara;docas;seed 15: zynara | fases=docas | profundidade=0 x1.00 | nv=4 armas=ampulheta2 passivas={ "constituicao": 1, "cota_de_malha": 1 } | itens=1 | morreu em docas (63s) nv4 por volta de 27 inimigos, boss=nao-surgiu | chefe=
zynara;docas;seed 16: zynara | fases=docas | profundidade=0 x1.00 | nv=5 armas=ampulheta1,sentenca_de_lliira1,dominar_pessoa2 passivas={ "foco_arcano": 1 } | itens=2 | morreu em docas (266s) nv5 por volta de 60 inimigos, boss=nao-surgiu | chefe=
zynara;docas;seed 17: zynara | fases=docas | profundidade=0 x1.00 | nv=6 armas=ampulheta3,raio_de_luz1 passivas={ "foco_arcano": 1, "forca": 1 } | itens=1 | morreu em docas (180s) nv6 por volta de 53 inimigos, boss=nao-surgiu | chefe=
zynara;docas;seed 18: zynara | fases=docas | profundidade=0 x1.00 | nv=6 armas=ampulheta2,raio_de_luz1,sentenca_de_lliira2 passivas={ "regeneracao": 1 } | itens=1 | morreu em docas (81s) nv6 por volta de 30 inimigos, boss=nao-surgiu | chefe=
zynara;docas;seed 19: zynara | fases=docas | profundidade=0 x1.00 | nv=3 armas=ampulheta2 passivas={ "constituicao": 1 } | itens=1 | morreu em docas (67s) nv3 por volta de 31 inimigos, boss=nao-surgiu | chefe=
zynara;docas;seed 20: zynara | fases=docas | profundidade=0 x1.00 | nv=6 armas=ampulheta2,estocada_mistica1 passivas={ "constituicao": 1, "pele_de_pedra": 1, "foco_arcano": 1 } | itens=1 | morreu em docas (208s) nv6 por volta de 46 inimigos, boss=nao-surgiu | chefe=
zynara;docas;seed 21: zynara | fases=docas | profundidade=0 x1.00 | nv=3 armas=ampulheta2 passivas={ "regeneracao": 1 } | itens=1 | morreu em docas (56s) nv3 por volta de 23 inimigos, boss=nao-surgiu | chefe=
zynara;docas;seed 22: zynara | fases=docas,shedaklah,molor,durao | profundidade=3 x1.90 | nv=42 armas=ampulheta5,lamina_trovejante5,espada_sombria5,adaga_rapida4 passivas={ "constituicao": 5, "forca": 5, "pele_de_pedra": 5, "regeneracao": 4, "cota_de_malha": 4 } | itens=4 | limite de fases | chefe=docas:398s/pvmin64%,shedaklah:130s/pvmin91%,molor:720s/pvmin78%
zynara;docas;seed 23: zynara | fases=docas | profundidade=0 x1.00 | nv=5 armas=ampulheta1,sentenca_de_lliira2 passivas={ "constituicao": 1, "cota_de_malha": 1 } | itens=1 | morreu em docas (73s) nv5 por volta de 23 inimigos, boss=nao-surgiu | chefe=
zynara;docas;seed 24: zynara | fases=docas | profundidade=0 x1.00 | nv=7 armas=ampulheta2,cera_fervente1,dominar_pessoa1 passivas={ "inteligencia": 1, "sabedoria": 1, "foco_arcano": 1 } | itens=1 | morreu em docas (108s) nv7 por volta de 28 inimigos, boss=nao-surgiu | chefe=
zynara;docas;seed 25: zynara | fases=docas | profundidade=0 x1.00 | nv=3 armas=ampulheta2 passivas={ "pele_de_pedra": 1 } | itens=1 | morreu em docas (71s) nv3 por volta de 36 inimigos, boss=nao-surgiu | chefe=
zynara;docas;seed 26: zynara | fases=docas | profundidade=0 x1.00 | nv=5 armas=ampulheta2,cera_fervente1 passivas={ "constituicao": 1, "pele_de_pedra": 1 } | itens=1 | morreu em docas (86s) nv5 por volta de 32 inimigos, boss=nao-surgiu | chefe=
zynara;docas;seed 27: zynara | fases=docas | profundidade=0 x1.00 | nv=4 armas=ampulheta1,lamina_trovejante1 passivas={ "cota_de_malha": 2 } | itens=1 | morreu em docas (111s) nv4 por volta de 42 inimigos, boss=nao-surgiu | chefe=
zynara;docas;seed 28: zynara | fases=docas,shedaklah,molor,durao | profundidade=3 x1.90 | nv=50 armas=ampulheta5,raio_de_luz5,golpe_esmagador5,sentenca_de_lliira5 passivas={ "sabedoria": 5, "regeneracao": 5, "pele_de_pedra": 5, "alcance": 5, "sorte_de_sendrinah": 5 } | itens=4 | limite de fases | chefe=docas:68s/pvmin87%,shedaklah:81s/pvmin85%,molor:160s/pvmin95%
zynara;docas;seed 29: zynara | fases=docas,shedaklah,molor,durao | profundidade=3 x1.90 | nv=42 armas=ampulheta5,golpe_do_juizo1,golpe_esmagador5,descarga_estelar5 passivas={ "constituicao": 5, "forca": 5, "pele_de_pedra": 5, "botas_leves": 4, "alcance": 2 } | itens=4 | limite de fases | chefe=docas:216s/pvmin62%,shedaklah:1347s/pvmin45%,molor:483s/pvmin87%
zynara;docas;seed 30: zynara | fases=docas,shedaklah,molor,durao | profundidade=3 x1.90 | nv=39 armas=ampulheta5,vela_sagrada5,lamina_trovejante5,colar_dos_tentaculos5,adaga_rapida5 passivas={ "constituicao": 3, "pele_de_pedra": 5, "regeneracao": 3, "cota_de_malha": 3, "inteligencia": 1 } | itens=4 | limite de fases | chefe=docas:228s/pvmin54%,shedaklah:71s/pvmin90%,molor:60s/pvmin79%
bromnor;docas;seed 1: bromnor | fases=docas,shedaklah,molor,durao | profundidade=3 x1.90 | nv=39 armas=martelo_da_gloria5,vela_sagrada5,raio_enfraquecedor5,marca_da_retidao5 passivas={ "pele_de_pedra": 5, "constituicao": 5, "robe_arcano": 3, "sorte_de_sendrinah": 4, "sabedoria": 2 } | itens=4 | limite de fases | chefe=docas:93s/pvmin92%,shedaklah:1403s/pvmin78%,molor:449s/pvmin92%
bromnor;docas;seed 2: bromnor | fases=docas,shedaklah,molor,durao | profundidade=3 x1.90 | nv=45 armas=martelo_da_gloria5,luz_mais_pura1,vela_sagrada5,golpe_do_juizo1 passivas={ "cota_de_malha": 5, "forca": 5, "constituicao": 5, "foco_arcano": 4, "regeneracao": 4 } | itens=4 | limite de fases | chefe=docas:1019s/pvmin59%,shedaklah:47s/pvmin98%,molor:34s/pvmin86%
bromnor;docas;seed 3: bromnor | fases=docas,shedaklah,molor,durao | profundidade=3 x1.90 | nv=43 armas=martelo_da_gloria5,vela_sagrada5,descarga_estelar5,estocada_mistica5 passivas={ "constituicao": 5, "forca": 5, "cota_de_malha": 5, "regeneracao": 4, "pele_de_pedra": 4 } | itens=4 | limite de fases | chefe=docas:170s/pvmin94%,shedaklah:1525s/pvmin80%,molor:1132s/pvmin75%
bromnor;docas;seed 4: bromnor | fases=docas,shedaklah,molor,durao | profundidade=3 x1.90 | nv=36 armas=martelo_da_gloria5,golpe_do_juizo1,dominar_pessoa5,vela_sagrada5 passivas={ "foco_arcano": 4, "cota_de_malha": 4, "forca": 2, "botas_leves": 1, "constituicao": 4 } | itens=4 | limite de fases | chefe=docas:292s/pvmin61%,shedaklah:1273s/pvmin25%,molor:134s/pvmin100%
bromnor;docas;seed 5: bromnor | fases=docas | profundidade=0 x1.00 | nv=6 armas=martelo_da_gloria2,raio_enfraquecedor1 passivas={ "cota_de_malha": 1, "pele_de_pedra": 1, "constituicao": 1 } | itens=1 | morreu em docas (174s) nv6 por volta de 52 inimigos, boss=nao-surgiu | chefe=
bromnor;docas;seed 6: bromnor | fases=docas,shedaklah,molor,durao | profundidade=3 x1.90 | nv=60 armas=martelo_da_gloria5,julgamento_da_gloria1,estocada_mistica5,cera_fervente5 passivas={ "constituicao": 5, "pele_de_pedra": 5, "regeneracao": 5, "carisma": 5, "sabedoria": 5 } | itens=4 | limite de fases | chefe=docas:158s/pvmin78%,shedaklah:2493s/pvmin84%,molor:56s/pvmin92%
bromnor;docas;seed 7: bromnor | fases=docas,shedaklah,molor,durao | profundidade=3 x1.90 | nv=46 armas=martelo_da_gloria5,vela_sagrada5,lamina_trovejante5,descarga_estelar5 passivas={ "carisma": 5, "constituicao": 5, "ganancia": 5, "forca": 5, "sabedoria": 5 } | itens=4 | limite de fases | chefe=docas:339s/pvmin81%,shedaklah:851s/pvmin67%,molor:909s/pvmin83%
bromnor;docas;seed 8: bromnor | fases=docas,shedaklah | profundidade=1 x1.25 | nv=30 armas=martelo_da_gloria5,marca_da_retidao5,vela_sagrada5,golpe_atordoante5 passivas={ "pele_de_pedra": 2, "forca": 1, "constituicao": 3, "cota_de_malha": 3, "regeneracao": 1 } | itens=4 | CAP de tempo em shedaklah (boss hp 265) | chefe=docas:293s/pvmin18%,shedaklah:x/pvmin80%
bromnor;docas;seed 9: bromnor | fases=docas,shedaklah,molor,durao | profundidade=3 x1.90 | nv=42 armas=martelo_da_gloria5,golpe_atordoante5,inferno_de_cera1,lamina_trovejante5 passivas={ "constituicao": 5, "cota_de_malha": 5, "regeneracao": 5, "pele_de_pedra": 5, "alcance": 1 } | itens=4 | limite de fases | chefe=docas:280s/pvmin100%,shedaklah:64s/pvmin95%,molor:31s/pvmin100%
bromnor;docas;seed 10: bromnor | fases=docas | profundidade=0 x1.00 | nv=11 armas=martelo_da_gloria5,sentenca_de_lliira1,marca_da_retidao1 passivas={ "forca": 1, "constituicao": 3 } | itens=2 | morreu em docas (304s) nv11 por volta de 33 inimigos, boss=hp 648/648 | chefe=docas:x/pvmin0%
bromnor;docas;seed 11: bromnor | fases=docas,shedaklah,molor,durao | profundidade=3 x1.90 | nv=34 armas=martelo_da_gloria5,raio_enfraquecedor5,espada_sombria5,adaga_rapida5 passivas={ "forca": 3, "regeneracao": 3, "robe_arcano": 2, "carisma": 1, "foco_arcano": 5 } | itens=4 | limite de fases | chefe=docas:323s/pvmin77%,shedaklah:971s/pvmin75%,molor:342s/pvmin72%
bromnor;docas;seed 12: bromnor | fases=docas,shedaklah,molor | profundidade=2 x1.55 | nv=48 armas=martelo_da_gloria5,sentenca_de_lliira5,dominar_pessoa5,estocada_mistica5 passivas={ "cota_de_malha": 5, "foco_arcano": 5, "regeneracao": 4, "forca": 5, "pele_de_pedra": 5 } | itens=4 | CAP de tempo em molor (boss hp 217) | chefe=docas:584s/pvmin71%,shedaklah:86s/pvmin81%,molor:x/pvmin45%
bromnor;docas;seed 13: bromnor | fases=docas,shedaklah | profundidade=1 x1.25 | nv=49 armas=martelo_da_gloria5,luz_mais_pura1,estocada_mistica5,vela_sagrada5 passivas={ "pele_de_pedra": 5, "constituicao": 5, "cota_de_malha": 5, "forca": 5, "regeneracao": 5 } | itens=4 | CAP de tempo em shedaklah (boss hp 343) | chefe=docas:157s/pvmin36%,shedaklah:x/pvmin85%
bromnor;docas;seed 14: bromnor | fases=docas,shedaklah,molor,durao | profundidade=3 x1.90 | nv=38 armas=martelo_da_gloria5,sentenca_de_lliira5,dominar_pessoa5,lamina_trovejante5 passivas={ "regeneracao": 5, "constituicao": 5, "pele_de_pedra": 5, "ganancia": 2, "sorte_de_sendrinah": 1 } | itens=4 | limite de fases | chefe=docas:247s/pvmin84%,shedaklah:62s/pvmin88%,molor:198s/pvmin98%
bromnor;docas;seed 15: bromnor | fases=docas,shedaklah | profundidade=1 x1.25 | nv=45 armas=martelo_da_gloria5,dominar_pessoa5,marca_da_retidao5,golpe_esmagador5 passivas={ "foco_arcano": 5, "cota_de_malha": 5, "pele_de_pedra": 5, "constituicao": 5, "regeneracao": 5 } | itens=4 | CAP de tempo em shedaklah (boss hp 538) | chefe=docas:129s/pvmin1%,shedaklah:x/pvmin27%
bromnor;docas;seed 16: bromnor | fases=docas | profundidade=0 x1.00 | nv=20 armas=martelo_da_gloria5,lamina_trovejante4,descarga_estelar4,estocada_mistica1 passivas={ "pele_de_pedra": 2, "constituicao": 1, "regeneracao": 1, "botas_leves": 1, "foco_arcano": 1 } | itens=2 | tempo (estado=shop t=1158s run=1158s boss=caiu) | chefe=docas:858s/pvmin83%
bromnor;docas;seed 17: bromnor | fases=docas | profundidade=0 x1.00 | nv=14 armas=martelo_da_gloria3,vela_sagrada1,golpe_esmagador1,cera_fervente1 passivas={ "foco_arcano": 1, "forca": 5, "regeneracao": 1, "constituicao": 1 } | itens=3 | tempo (estado=shop t=443s run=443s boss=caiu) | chefe=docas:143s/pvmin96%
bromnor;docas;seed 18: bromnor | fases=docas,shedaklah,molor,durao | profundidade=3 x1.90 | nv=44 armas=martelo_da_gloria5,descarga_estelar5,estocada_mistica5,cera_fervente5 passivas={ "foco_arcano": 5, "constituicao": 5, "pele_de_pedra": 5, "robe_arcano": 4, "regeneracao": 5 } | itens=4 | limite de fases | chefe=docas:118s/pvmin89%,shedaklah:1919s/pvmin9%,molor:163s/pvmin99%
bromnor;docas;seed 19: bromnor | fases=docas,shedaklah | profundidade=1 x1.25 | nv=26 armas=martelo_da_gloria5,sentenca_de_lliira5,golpe_esmagador4,raio_de_luz3 passivas={ "constituicao": 2, "forca": 3, "regeneracao": 2, "inteligencia": 1, "sabedoria": 1 } | itens=4 | morreu em shedaklah (1231s) nv26 por volta de 42 inimigos, boss=hp 497/780 | chefe=docas:242s/pvmin75%,shedaklah:x/pvmin0%
bromnor;docas;seed 20: bromnor | fases=docas,shedaklah | profundidade=1 x1.25 | nv=44 armas=martelo_da_gloria5,descarga_estelar5,raio_enfraquecedor5,espada_do_receptaculo1 passivas={ "pele_de_pedra": 5, "cota_de_malha": 5, "constituicao": 5, "ganancia": 3, "forca": 5 } | itens=4 | CAP de tempo em shedaklah (boss hp 309) | chefe=docas:308s/pvmin9%,shedaklah:x/pvmin14%
bromnor;docas;seed 21: bromnor | fases=docas,shedaklah | profundidade=1 x1.25 | nv=15 armas=martelo_da_gloria4,golpe_esmagador3,marca_da_retidao2,vela_sagrada1 passivas={ "constituicao": 2, "pele_de_pedra": 2, "robe_arcano": 1 } | itens=3 | morreu em shedaklah (913s) nv15 por volta de 69 inimigos, boss=hp 658/780 | chefe=docas:136s/pvmin85%,shedaklah:x/pvmin0%
bromnor;docas;seed 22: bromnor | fases=docas,shedaklah,molor,durao | profundidade=3 x1.90 | nv=40 armas=martelo_da_gloria5,vela_sagrada5,adaga_rapida5,estocada_mistica5 passivas={ "pele_de_pedra": 3, "regeneracao": 5, "cota_de_malha": 5, "foco_arcano": 2, "forca": 5 } | itens=4 | limite de fases | chefe=docas:489s/pvmin85%,shedaklah:776s/pvmin87%,molor:339s/pvmin91%
bromnor;docas;seed 23: bromnor | fases=docas,shedaklah,molor | profundidade=2 x1.55 | nv=34 armas=martelo_da_gloria3,adaga_rapida3,raio_enfraquecedor5,descarga_estelar5 passivas={ "constituicao": 5, "cota_de_malha": 1, "pele_de_pedra": 5, "forca": 5, "regeneracao": 2 } | itens=4 | CAP de tempo em molor (boss hp 976) | chefe=docas:122s/pvmin6%,shedaklah:4226s/pvmin71%,molor:x/pvmin69%
bromnor;docas;seed 24: bromnor | fases=docas,shedaklah,molor,durao | profundidade=3 x1.90 | nv=41 armas=martelo_da_gloria5,vela_sagrada5,marca_da_retidao5,raio_enfraquecedor5 passivas={ "forca": 3, "cota_de_malha": 5, "botas_leves": 1, "foco_arcano": 3, "constituicao": 5 } | itens=4 | limite de fases | chefe=docas:238s/pvmin96%,shedaklah:1255s/pvmin65%,molor:293s/pvmin100%
bromnor;docas;seed 25: bromnor | fases=docas,shedaklah,molor,durao | profundidade=3 x1.90 | nv=44 armas=martelo_da_gloria5,cera_fervente5,espada_do_receptaculo1,luz_mais_pura1 passivas={ "pele_de_pedra": 5, "robe_arcano": 1, "cota_de_malha": 5, "constituicao": 5, "regeneracao": 2 } | itens=4 | limite de fases | chefe=docas:52s/pvmin87%,shedaklah:29s/pvmin100%,molor:9s/pvmin100%
bromnor;docas;seed 26: bromnor | fases=docas | profundidade=0 x1.00 | nv=6 armas=martelo_da_gloria1,adaga_rapida2,sentenca_de_lliira1 passivas={ "forca": 1, "robe_arcano": 1 } | itens=1 | morreu em docas (122s) nv6 por volta de 36 inimigos, boss=nao-surgiu | chefe=
bromnor;docas;seed 27: bromnor | fases=docas,shedaklah | profundidade=1 x1.25 | nv=31 armas=martelo_da_gloria5,adaga_rapida5,golpe_esmagador5,dominar_pessoa2 passivas={ "regeneracao": 5, "pele_de_pedra": 2, "cota_de_malha": 4, "constituicao": 2, "inteligencia": 1 } | itens=4 | CAP de tempo em shedaklah (boss hp 325) | chefe=docas:370s/pvmin86%,shedaklah:x/pvmin68%
bromnor;docas;seed 28: bromnor | fases=docas,shedaklah,molor,durao | profundidade=3 x1.90 | nv=38 armas=martelo_da_gloria5,descarga_estelar5,golpe_esmagador3,golpe_do_juizo1 passivas={ "foco_arcano": 5, "regeneracao": 2, "pele_de_pedra": 3, "constituicao": 5, "forca": 4 } | itens=4 | limite de fases | chefe=docas:270s/pvmin50%,shedaklah:410s/pvmin95%,molor:173s/pvmin94%
bromnor;docas;seed 29: bromnor | fases=docas,shedaklah,molor,durao | profundidade=3 x1.90 | nv=41 armas=martelo_da_gloria5,sentenca_de_lliira5,cera_fervente5,espada_do_receptaculo1 passivas={ "regeneracao": 5, "cota_de_malha": 5, "constituicao": 4, "botas_leves": 1, "forca": 5 } | itens=4 | limite de fases | chefe=docas:374s/pvmin81%,shedaklah:72s/pvmin90%,molor:157s/pvmin85%
bromnor;docas;seed 30: bromnor | fases=docas,shedaklah,molor,durao | profundidade=3 x1.90 | nv=44 armas=martelo_da_gloria5,luz_mais_pura1,vela_sagrada5,cera_fervente5 passivas={ "foco_arcano": 5, "pele_de_pedra": 5, "regeneracao": 5, "constituicao": 5, "botas_leves": 3 } | itens=4 | limite de fases | chefe=docas:126s/pvmin91%,shedaklah:36s/pvmin94%,molor:33s/pvmin93%
